09:25:37  [etl.sistema]       ✓ INFO      Logging inicializado — archivo: C:\Users\Usuario\OneDrive - Universidad de los Andes\Escritorio\PROYECTO_EFICACIA\SCRIPTS\logs\ejecucion_202603_a_202605_20260618_092537.log
09:25:37  [etl.orquestador]   ✓ INFO      ══════════════════════════════════════════════════════════════════════
09:25:37  [etl.orquestador]   ✓ INFO      MULTI-PERIODO: 3 periodos a procesar — Marzo_2026, Abril_2026, Mayo_2026
09:25:37  [etl.orquestador]   ✓ INFO      ══════════════════════════════════════════════════════════════════════
09:25:37  [etl.orquestador]   ✓ INFO      Run ID compartido para esta corrida: 20260618T092537_23a522
09:25:37  [etl.orquestador]   ✓ INFO      
09:25:37  [etl.orquestador]   ✓ INFO      ▶ PERIODO 1/3: Marzo_2026
09:25:37  [etl.orquestador]   ✓ INFO      ════════════════════════════════════════════════════════
09:25:37  [etl.orquestador]   ✓ INFO      ORQUESTADOR ETLs — Eficacia
09:25:37  [etl.orquestador]   ✓ INFO      Inicio: 2026-06-18 09:25:37
09:25:37  [etl.orquestador]   ✓ INFO      Run ID: 20260618T092537_23a522
09:25:37  [etl.orquestador]   ✓ INFO      Periodo: Marzo_2026 (03/2026)
09:25:37  [etl.orquestador]   ✓ INFO      ETLs seleccionados: ['cif', 'nopresencia', 'precios', 'sos', 'exhib_pagadas', 'exhib_gratis', 'ventas', 'impactos']
09:25:37  [etl.orquestador]   ✓ INFO      Workers paralelos: 6
09:25:37  [etl.orquestador]   ✓ INFO      Skip si cached: False
09:25:37  [etl.orquestador]   ✓ INFO      ════════════════════════════════════════════════════════
09:25:37  [etl.shared_loader]  ✓ INFO      PT Directo detectado: Plan de trabajo Directo Marzo 2026.xlsx
09:25:37  [etl.shared_loader]  ✓ INFO      PT ISM detectado: Plan de trabajo ISM Marzo 2026.xlsx
09:25:37  [etl.shared_loader]  ✓ INFO      ━━━━━━━━━━━━━━━━━━━━━━━━━━━━━━━━━━━━━━━━━━━━━━━━━━
09:25:37  [etl.shared_loader]  ✓ INFO      Iniciando carga compartida del Plan de Trabajo
09:25:37  [etl.shared_loader]  ✓ INFO      ━━━━━━━━━━━━━━━━━━━━━━━━━━━━━━━━━━━━━━━━━━━━━━━━━━
09:25:39  [etl.shared_loader]  ✓ INFO      [DIRECTO] 8,913 filas PT  |  3,319 filas módulos cargadas
09:25:40  [etl.shared_loader]  ✓ INFO      [ISM] 2,685 filas PT  |  912 filas módulos cargadas
09:25:40  [etl.shared_loader]  ✓ INFO      PT consolidado: 11,598 filas totales
09:25:40  [etl.shared_loader]  ✓ INFO      Periodo forzado por el caller: Mes 3 | Año 2026
09:25:40  [etl.shared_loader]  ✓ INFO      Aplicando filtros por módulo
09:25:40  [etl.shared_loader]  ✓ INFO      [DIRECTO] Módulo 'no_presencia': 5,206 filas retenidas
09:25:40  [etl.shared_loader]  ✓ INFO      [ISM] Módulo 'no_presencia': 1,030 filas retenidas
09:25:40  [etl.shared_loader]  ⚠ WARNING   [DIRECTO] Módulo 'precios': el filtro devolvió 0 filas (columna 'PRECIOS' sin valores = 1, o IDs sin coincidencia en el PT)
09:25:40  [etl.shared_loader]  ✓ INFO      [ISM] Módulo 'precios': 936 filas retenidas
09:25:40  [etl.shared_loader]  ✓ INFO      [DIRECTO] Módulo 'sos': 3,242 filas retenidas
09:25:40  [etl.shared_loader]  ✓ INFO      [ISM] Módulo 'sos': 879 filas retenidas
09:25:40  [etl.shared_loader]  ✓ INFO      Carga compartida completada
09:25:40  [etl.orquestador]   ✓ INFO      shared_loader completado en 3.1s
09:25:40  [etl.orquestador]   ✓ INFO      ────────────────────────────────────────────────────────
09:25:40  [etl.orquestador]   ✓ INFO      FASE 1 — Lanzando 8 ETLs en paralelo (0 skipped)
09:25:40  [etl.orquestador]   ✓ INFO      ────────────────────────────────────────────────────────
09:25:40  [etl.exhib_pagadas]  ✓ INFO      ────────────────────────────────────────────────────────
09:25:40  [etl.exhib_pagadas]  ✓ INFO      ETL Exhibiciones Pagadas — iniciando
🚀 Iniciando auditoría exhibiciones pagadas  (Marzo_2026)...
09:25:40  [etl.precios]       ✓ INFO      ────────────────────────────────────────────────────────
09:25:40  [etl.precios]       ✓ INFO      ETL Precios — iniciando
09:25:41  [etl.sos]           ✓ INFO      ────────────────────────────────────────────────────────
09:25:41  [etl.sos]           ✓ INFO      ETL SOS — iniciando
09:25:42  [etl.nopresencia]   ✓ INFO      ────────────────────────────────────────────────────────
09:25:42  [etl.nopresencia]   ✓ INFO      ETL No Presencia — iniciando
C:\Users\Usuario\AppData\Local\Programs\Python\Python314\Lib\site-packages\openpyxl\styles\stylesheet.py:237: UserWarning: Workbook contains no default style, apply openpyxl's default
  warn("Workbook contains no default style, apply openpyxl's default")
09:25:42  [etl.exhib_gratis]  ✓ INFO      ────────────────────────────────────────────────────────
09:25:42  [etl.exhib_gratis]  ✓ INFO      ETL Exhibiciones Gratis — iniciando
── Resolviendo archivos fuente (Marzo_2026) ─
  [informar] 1 archivo(s):
    - Base Exhibiciones Informar Marzo 2026.xlsx
  [planning] 1 archivo(s):
    - Base Exhibiciones Planning Marzo 2026.xlsx
  [visitas] 1 archivo(s):
    - informe-gerencial-visitas_202603.xlsx
  [plan_trabajo] 1 archivo(s):
    - Plan de trabajo.xlsx

── Cargando archivos fuente ─────────────────────
09:25:43  [etl.cif]           ✓ INFO      ────────────────────────────────────────────────────────
09:25:43  [etl.cif]           ✓ INFO      ETL CIF — iniciando
09:25:43  [etl.cif]           ✓ INFO      Paso 1 — PT consolidado: 11,598 filas
C:\Users\Usuario\AppData\Local\Programs\Python\Python314\Lib\site-packages\openpyxl\styles\stylesheet.py:237: UserWarning: Workbook contains no default style, apply openpyxl's default
  warn("Workbook contains no default style, apply openpyxl's default")
09:25:45  [etl.cif]           ✓ INFO      Paso 2 — Agrupación SQL

========================================
 INICIANDO PASO 2: AGRUPACIÓN SQL
========================================
09:25:48  [etl.precios]       ✓ INFO      PT filtrado persistido: 211 PDVs únicos — periodo MARZO_2026
09:25:48  [etl.sos]           ✓ INFO      PT filtrado persistido: 535 PDVs únicos

--- PASO 2: Cruzando Capturas por Categorías (MARZO_2026) ---
  Encuestas: Respuestas Precios Marzo 2026.xlsx
09:25:48  [etl.sos]           ✓ INFO      6 archivo(s) de encuesta SOS encontrado(s)

--- PASO 2: Consolidando Encuestas SOS  (Marzo_2026) ---
  ✓ Respuestas SOS Marzo 2026.xlsx
09:25:48  [etl.exhib_pagadas]  ✓ INFO      [stdout] ✓ Respuestas SOS Marzo 2026.xlsx
09:25:48  [etl.precios]       ✓ INFO      [stdout] ✓ Respuestas SOS Marzo 2026.xlsx
09:25:48  [etl.sos]           ✓ INFO      [stdout] ✓ Respuestas SOS Marzo 2026.xlsx
09:25:48  [etl.nopresencia]   ✓ INFO      [stdout] ✓ Respuestas SOS Marzo 2026.xlsx
09:25:48  [etl.exhib_gratis]  ✓ INFO      [stdout] ✓ Respuestas SOS Marzo 2026.xlsx
09:25:48  [etl.cif]           ✓ INFO      [stdout] ✓ Respuestas SOS Marzo 2026.xlsx
  ✓ Respuestas SOS Baby Marzo 2026.xlsx
09:25:48  [etl.exhib_pagadas]  ✓ INFO      [stdout] ✓ Respuestas SOS Baby Marzo 2026.xlsx
09:25:48  [etl.precios]       ✓ INFO      [stdout] ✓ Respuestas SOS Baby Marzo 2026.xlsx
09:25:48  [etl.sos]           ✓ INFO      [stdout] ✓ Respuestas SOS Baby Marzo 2026.xlsx
09:25:48  [etl.nopresencia]   ✓ INFO      [stdout] ✓ Respuestas SOS Baby Marzo 2026.xlsx
09:25:48  [etl.exhib_gratis]  ✓ INFO      [stdout] ✓ Respuestas SOS Baby Marzo 2026.xlsx
09:25:48  [etl.cif]           ✓ INFO      [stdout] ✓ Respuestas SOS Baby Marzo 2026.xlsx
C:\Users\Usuario\AppData\Local\Programs\Python\Python314\Lib\site-packages\openpyxl\styles\stylesheet.py:237: UserWarning: Workbook contains no default style, apply openpyxl's default
  warn("Workbook contains no default style, apply openpyxl's default")
C:\Users\Usuario\AppData\Local\Programs\Python\Python314\Lib\site-packages\openpyxl\styles\stylesheet.py:237: UserWarning: Workbook contains no default style, apply openpyxl's default
  warn("Workbook contains no default style, apply openpyxl's default")
    ✓ Base Exhibiciones Informar Marzo 2026.xlsx — 3,217 filas
09:25:53  [etl.exhib_pagadas]  ✓ INFO      [stdout] ✓ Base Exhibiciones Informar Marzo 2026.xlsx — 3,217 filas
09:25:53  [etl.precios]       ✓ INFO      [stdout] ✓ Base Exhibiciones Informar Marzo 2026.xlsx — 3,217 filas
09:25:53  [etl.sos]           ✓ INFO      [stdout] ✓ Base Exhibiciones Informar Marzo 2026.xlsx — 3,217 filas
09:25:53  [etl.nopresencia]   ✓ INFO      [stdout] ✓ Base Exhibiciones Informar Marzo 2026.xlsx — 3,217 filas
09:25:53  [etl.exhib_gratis]  ✓ INFO      [stdout] ✓ Base Exhibiciones Informar Marzo 2026.xlsx — 3,217 filas
09:25:54  [etl.cif]           ✓ INFO      [stdout] ✓ Base Exhibiciones Informar Marzo 2026.xlsx — 3,217 filas
C:\Users\Usuario\AppData\Local\Programs\Python\Python314\Lib\site-packages\openpyxl\styles\stylesheet.py:237: UserWarning: Workbook contains no default style, apply openpyxl's default
  warn("Workbook contains no default style, apply openpyxl's default")
09:25:56  [etl.nopresencia]   ✓ INFO      PT filtrado persistido: 6,236 filas — periodo MARZO_2026

--- INICIANDO: Bloque No Presencia (Encuestas) ---
Archivo encuestas: Respuestas no presencia Marzo 2026.xlsx
    ✓ Base Exhibiciones Planning Marzo 2026.xlsx — 2,338 filas
09:26:05  [etl.exhib_pagadas]  ✓ INFO      [stdout] ✓ Base Exhibiciones Planning Marzo 2026.xlsx — 2,338 filas
09:26:05  [etl.precios]       ✓ INFO      [stdout] ✓ Base Exhibiciones Planning Marzo 2026.xlsx — 2,338 filas
09:26:05  [etl.sos]           ✓ INFO      [stdout] ✓ Base Exhibiciones Planning Marzo 2026.xlsx — 2,338 filas
09:26:05  [etl.nopresencia]   ✓ INFO      [stdout] ✓ Base Exhibiciones Planning Marzo 2026.xlsx — 2,338 filas
09:26:05  [etl.exhib_gratis]  ✓ INFO      [stdout] ✓ Base Exhibiciones Planning Marzo 2026.xlsx — 2,338 filas
09:26:05  [etl.cif]           ✓ INFO      [stdout] ✓ Base Exhibiciones Planning Marzo 2026.xlsx — 2,338 filas
✅ ¡Hecho! Los registros que no cruzaron ahora tienen 'No' y ejecución en 0.
09:26:08  [etl.exhib_pagadas]  ✓ INFO      [stdout] ✅ ¡Hecho! Los registros que no cruzaron ahora tienen 'No' y ejecución en 0.
09:26:08  [etl.precios]       ✓ INFO      [stdout] ✅ ¡Hecho! Los registros que no cruzaron ahora tienen 'No' y ejecución en 0.
09:26:08  [etl.sos]           ✓ INFO      [stdout] ✅ ¡Hecho! Los registros que no cruzaron ahora tienen 'No' y ejecución en 0.
09:26:08  [etl.nopresencia]   ✓ INFO      [stdout] ✅ ¡Hecho! Los registros que no cruzaron ahora tienen 'No' y ejecución en 0.
09:26:08  [etl.exhib_gratis]  ✓ INFO      [stdout] ✅ ¡Hecho! Los registros que no cruzaron ahora tienen 'No' y ejecución en 0.
09:26:08  [etl.cif]           ✓ INFO      [stdout] ✅ ¡Hecho! Los registros que no cruzaron ahora tienen 'No' y ejecución en 0.
C:\Users\Usuario\AppData\Local\Programs\Python\Python314\Lib\site-packages\openpyxl\styles\stylesheet.py:237: UserWarning: Workbook contains no default style, apply openpyxl's default
  warn("Workbook contains no default style, apply openpyxl's default")

--- KPI (V3): RESUMEN EXHIBICIONES PAGADAS por empleado  (Marzo_2026) ---
  Leyendo: Resultado_exhibiciones_pagadas Marzo 2026.xlsx (2763 filas)
    ✓ Plan de trabajo.xlsx — 3,718 gestores cargados
09:26:15  [etl.exhib_pagadas]  ✓ INFO      [stdout] ✓ Plan de trabajo.xlsx — 3,718 gestores cargados
09:26:15  [etl.precios]       ✓ INFO      [stdout] ✓ Plan de trabajo.xlsx — 3,718 gestores cargados
09:26:15  [etl.sos]           ✓ INFO      [stdout] ✓ Plan de trabajo.xlsx — 3,718 gestores cargados
09:26:15  [etl.nopresencia]   ✓ INFO      [stdout] ✓ Plan de trabajo.xlsx — 3,718 gestores cargados
09:26:15  [etl.exhib_gratis]  ✓ INFO      [stdout] ✓ Plan de trabajo.xlsx — 3,718 gestores cargados
09:26:15  [etl.cif]           ✓ INFO      [stdout] ✓ Plan de trabajo.xlsx — 3,718 gestores cargados
C:\Users\Usuario\AppData\Local\Programs\Python\Python314\Lib\site-packages\openpyxl\styles\stylesheet.py:237: UserWarning: Workbook contains no default style, apply openpyxl's default
  warn("Workbook contains no default style, apply openpyxl's default")
✅ Reporte capturas generado.
09:26:24  [etl.exhib_pagadas]  ✓ INFO      [stdout] ✅ Reporte capturas generado.
09:26:24  [etl.precios]       ✓ INFO      [stdout] ✅ Reporte capturas generado.
09:26:24  [etl.sos]           ✓ INFO      [stdout] ✅ Reporte capturas generado.
09:26:24  [etl.nopresencia]   ✓ INFO      [stdout] ✅ Reporte capturas generado.
09:26:24  [etl.exhib_gratis]  ✓ INFO      [stdout] ✅ Reporte capturas generado.
09:26:24  [etl.cif]           ✓ INFO      [stdout] ✅ Reporte capturas generado.
09:26:24  [etl.precios]       ✓ INFO      Reporte de captura de precios generado
C:\Users\Usuario\AppData\Local\Programs\Python\Python314\Lib\site-packages\openpyxl\styles\stylesheet.py:237: UserWarning: Workbook contains no default style, apply openpyxl's default
  warn("Workbook contains no default style, apply openpyxl's default")

--- PASO 3: Generando Análisis Detallado (MARZO_2026) ---
  ✅ Mes activo: 132 empleados → EXHIBICIONES_PAGADAS_KPIS.xlsx
09:26:30  [etl.exhib_pagadas]  ✓ INFO      [stdout] ✅ Mes activo: 132 empleados → EXHIBICIONES_PAGADAS_KPIS.xlsx
09:26:30  [etl.precios]       ✓ INFO      [stdout] ✅ Mes activo: 132 empleados → EXHIBICIONES_PAGADAS_KPIS.xlsx
09:26:30  [etl.sos]           ✓ INFO      [stdout] ✅ Mes activo: 132 empleados → EXHIBICIONES_PAGADAS_KPIS.xlsx
09:26:30  [etl.nopresencia]   ✓ INFO      [stdout] ✅ Mes activo: 132 empleados → EXHIBICIONES_PAGADAS_KPIS.xlsx
09:26:31  [etl.exhib_gratis]  ✓ INFO      [stdout] ✅ Mes activo: 132 empleados → EXHIBICIONES_PAGADAS_KPIS.xlsx
09:26:31  [etl.cif]           ✓ INFO      [stdout] ✅ Mes activo: 132 empleados → EXHIBICIONES_PAGADAS_KPIS.xlsx
  ✅ Histórico → EXHIBICIONES_PAGADAS_KPIS_HISTORICO.xlsx
09:26:35  [etl.exhib_pagadas]  ✓ INFO      [stdout] ✅ Histórico → EXHIBICIONES_PAGADAS_KPIS_HISTORICO.xlsx
09:26:35  [etl.precios]       ✓ INFO      [stdout] ✅ Histórico → EXHIBICIONES_PAGADAS_KPIS_HISTORICO.xlsx
09:26:35  [etl.sos]           ✓ INFO      [stdout] ✅ Histórico → EXHIBICIONES_PAGADAS_KPIS_HISTORICO.xlsx
09:26:35  [etl.nopresencia]   ✓ INFO      [stdout] ✅ Histórico → EXHIBICIONES_PAGADAS_KPIS_HISTORICO.xlsx
09:26:35  [etl.exhib_gratis]  ✓ INFO      [stdout] ✅ Histórico → EXHIBICIONES_PAGADAS_KPIS_HISTORICO.xlsx
09:26:35  [etl.cif]           ✓ INFO      [stdout] ✅ Histórico → EXHIBICIONES_PAGADAS_KPIS_HISTORICO.xlsx
09:26:35  [etl.exhib_pagadas]  ✓ INFO      ETL Exhibiciones Pagadas — completado
09:26:36  [etl.exhib_pagadas]  ✓ INFO      Duración total: 55.5s
09:26:36  [etl.ventas]        ✓ INFO      ────────────────────────────────────────────────────────
09:26:36  [etl.orquestador]   ✓ INFO      ETL 'exhib_pagadas' terminó — ✓ OK en 55.5s
09:26:36  [etl.ventas]        ✓ INFO      ETL Ventas D&P — iniciando
📍 Origen: C:\Users\Usuario\OneDrive - Universidad de los Andes\Escritorio\PROYECTO_EFICACIA\BASES\D&P\01. Ventas
📁 Salida: C:\Users\Usuario\OneDrive - Universidad de los Andes\Escritorio\PROYECTO_EFICACIA\SALIDA\D&P\Consolidado_Ventas.csv
✅ Archivos encontrados (2024+): 3
09:26:38  [etl.ventas]        ✓ INFO      [stdout] ✅ Archivos encontrados (2024+): 3
C:\Users\Usuario\AppData\Local\Programs\Python\Python314\Lib\site-packages\openpyxl\styles\stylesheet.py:237: UserWarning: Workbook contains no default style, apply openpyxl's default
  warn("Workbook contains no default style, apply openpyxl's default")
✅ ÉXITO: Agrupado guardado en: C:\Users\Usuario\OneDrive - Universidad de los Andes\Escritorio\PROYECTO_EFICACIA\BASES\CIF\PLAN DE TRABAJO\Plan de trabajo consolidado_grupado.csv
09:26:49  [etl.ventas]        ✓ INFO      [stdout] ✅ ÉXITO: Agrupado guardado en: C:\Users\Usuario\OneDrive - Universidad de los Andes\Escritorio\PROYECTO_EFICACIA\BASES\CIF\PLAN DE TRABAJO\Plan de trabajo consolidado_grupado.csv

Resumen agrupado (Primeros 5):
  ACRONIMO ID_PDV_INVOLVES  TIEMPO_SERVICIO_HORAS
0    LE001           10032                    NaN
1    LE001           10033                    NaN
2    LE001           10035                    NaN
3    LE001           10036                    NaN
4    LE001           10069                    NaN
09:26:49  [etl.cif]           ✓ INFO      Paso 3 — Visitas Involves
C:\Users\Usuario\AppData\Local\Programs\Python\Python314\Lib\site-packages\openpyxl\styles\stylesheet.py:237: UserWarning: Workbook contains no default style, apply openpyxl's default
  warn("Workbook contains no default style, apply openpyxl's default")

========================================
 INICIANDO PASO 3: INVOLVES (CRUCE PRIORIZANDO BASE VENTAS)  (Marzo_2026)
========================================
  Modo upsert — reprocesando: 05. Mayo base ventas.xlsx
  → Procesando: 05. Mayo base ventas.xlsx
✅ Análisis detallado guardado.
09:27:43  [etl.ventas]        ✓ INFO      [stdout] ✅ Análisis detallado guardado.
09:27:43  [etl.precios]       ✓ INFO      Análisis detallado de precios generado

--- PASO KPI (V3): RESUMEN PRECIOS por gestor  (Marzo_2026) ---
  Leyendo: REPORTE_CAPTURA_PRECIOS_MARZO_2026.xlsx (211 filas)
  ✅ Mes activo: 35 gestores → PRECIOS_KPIS.xlsx
09:27:57  [etl.ventas]        ✓ INFO      [stdout] ✅ Mes activo: 35 gestores → PRECIOS_KPIS.xlsx
  ✅ Histórico acumulado → PRECIOS_KPIS_HISTORICO.xlsx
09:27:57  [etl.ventas]        ✓ INFO      [stdout] ✅ Histórico acumulado → PRECIOS_KPIS_HISTORICO.xlsx
09:27:57  [etl.precios]       ✓ INFO      KPI precios consolidado
09:27:57  [etl.precios]       ✓ INFO      ETL Precios — completado
09:27:59  [etl.precios]       ✓ INFO      Duración total: 137.4s
09:27:59  [etl.impactos]      ✓ INFO      ────────────────────────────────────────────────────────
09:27:59  [etl.impactos]      ✓ INFO      ETL Impactos D&P — iniciando
09:27:59  [etl.orquestador]   ✓ INFO      ETL 'precios' terminó — ✓ OK en 137.4s
📍 Origen: C:\Users\Usuario\OneDrive - Universidad de los Andes\Escritorio\PROYECTO_EFICACIA\BASES\D&P\02. Impactos
📁 Salida: C:\Users\Usuario\OneDrive - Universidad de los Andes\Escritorio\PROYECTO_EFICACIA\SALIDA\D&P\Consolidado_Impactos.csv
✅ Archivos encontrados (2024+): 3
09:28:01  [etl.exhib_pagadas]  ✓ INFO      [stdout] ✅ Archivos encontrados (2024+): 3
09:28:01  [etl.impactos]      ✓ INFO      [stdout] ✅ Archivos encontrados (2024+): 3
  Modo upsert — reprocesando: 05. Mayo base impactos - cuota.xlsx
  → Procesando: 05. Mayo base impactos - cuota.xlsx
  ✅ Consolidado guardado: C:\Users\Usuario\OneDrive - Universidad de los Andes\Escritorio\PROYECTO_EFICACIA\SALIDA\D&P\Consolidado_Impactos.csv  (136 filas)
09:28:09  [etl.exhib_pagadas]  ✓ INFO      [stdout] ✅ Consolidado guardado: C:\Users\Usuario\OneDrive - Universidad de los Andes\Escritorio\PROYECTO_EFICACIA\SALIDA\D&P\Consolidado_Impactos.csv  (136 filas)
09:28:09  [etl.impactos]      ✓ INFO      [stdout] ✅ Consolidado guardado: C:\Users\Usuario\OneDrive - Universidad de los Andes\Escritorio\PROYECTO_EFICACIA\SALIDA\D&P\Consolidado_Impactos.csv  (136 filas)
09:28:09  [etl.impactos]      ✓ INFO      ETL Impactos D&P — completado (136 filas en consolidado)
09:28:10  [etl.impactos]      ✓ INFO      Duración total: 10.7s
09:28:10  [etl.orquestador]   ✓ INFO      ETL 'impactos' terminó — ✓ OK en 10.7s
  ✅ Consolidado guardado: C:\Users\Usuario\OneDrive - Universidad de los Andes\Escritorio\PROYECTO_EFICACIA\SALIDA\D&P\Consolidado_Ventas.csv  (146,841 filas)
09:29:44  [etl.exhib_pagadas]  ✓ INFO      [stdout] ✅ Consolidado guardado: C:\Users\Usuario\OneDrive - Universidad de los Andes\Escritorio\PROYECTO_EFICACIA\SALIDA\D&P\Consolidado_Ventas.csv  (146,841 filas)
09:29:44  [etl.ventas]        ✓ INFO      ETL Ventas D&P — completado (146,841 filas en consolidado)
09:30:01  [etl.ventas]        ✓ INFO      Duración total: 187.6s
09:30:01  [etl.orquestador]   ✓ INFO      ETL 'ventas' terminó — ✓ OK en 187.6s
✅ EXITO: Encuestas unidas (2 archivo(s)).
09:31:45  [etl.sos]           ✓ INFO      Encuestas SOS consolidadas

--- PASO 3: Generando Reporte de Cumplimiento  (Marzo_2026) ---
✅ EXITO: Reporte de capturas generado con Captura Planeada, Fechas y periodo Marzo_2026.
09:32:36  [etl.sos]           ✓ INFO      Cumplimiento de captura calculado

--- PASO 4: Normalizando Target  (Marzo_2026) ---
📂 Archivo detectado: Colombia-sos-target-202603.xlsx
EXITO: Encuestas creadas en C:\Users\Usuario\OneDrive - Universidad de los Andes\Escritorio\PROYECTO_EFICACIA\SALIDA\NO PRESENCIA\NO_PRESENCIA_PROCESADO_MARZO_2026.xlsx
09:33:14  [etl.nopresencia]   ✓ INFO      Encuestas de No Presencia procesadas

--- INICIANDO: Bloque Plan de Trabajo (Semanas) ---
✅ Paso 3 finalizado. Condición de Checkout Manual obligatoria aplicada.
09:33:23  [etl.cif]           ✓ INFO      Paso 4 — Justificaciones
C:\Users\Usuario\AppData\Local\Programs\Python\Python314\Lib\site-packages\openpyxl\styles\stylesheet.py:237: UserWarning: Workbook contains no default style, apply openpyxl's default
  warn("Workbook contains no default style, apply openpyxl's default")

========================================
 INICIANDO PASO 4: JUSTIFICACIONES (CRUCE PRIORIZANDO BASE VENTAS)  (Marzo_2026)
========================================
    ✓ informe-gerencial-visitas_202603.xlsx — 195,717 filas
    🔎 Filtro Tipo de check-in: descartadas 188,920 filas 'Sin check-in' (96.5%); quedan 6,797 visitas efectivas.

  Encuestas consolidadas: 5,555 filas
  Plan de trabajo:         3,718 filas
  Visitas realizadas:      6,797 filas

── Módulo 1: Exhibiciones Pagadas ───────────────
EXITO: Plan Procesado creado en C:\Users\Usuario\OneDrive - Universidad de los Andes\Escritorio\PROYECTO_EFICACIA\SALIDA\NO PRESENCIA\PLAN_TRABAJO_PROCESADO_MARZO_2026.xlsx
09:33:40  [etl.nopresencia]   ✓ INFO      Plan de Trabajo por semanas procesado

--- GENERANDO MATRIZ COMPARATIVA FINAL ---
  Implementadas pagadas:          1,824 filas

── Módulo 2: Exhibiciones Gratis y Concurso ─────
✅ EXITO: Target normalizado guardado en: C:\Users\Usuario\OneDrive - Universidad de los Andes\Escritorio\PROYECTO_EFICACIA\BASES\SOS\Colombia_sos_target_Normalizado.xlsx
09:33:55  [etl.sos]           ✓ INFO      Target normalizado

--- PASO 5: Generando Reporte Final (Cruce Triple y Cálculos)  (Marzo_2026) ---
  Implementadas gratis/concurso: 1,611 filas

── Consolidando output ──────────────────────────

✓ Output escrito en: C:\Users\Usuario\OneDrive - Universidad de los Andes\Escritorio\PROYECTO_EFICACIA\SALIDA\EXHIBICIONES\Resultado exhibiciones gratis.xlsx

── Resumen de Exhibiciones ──────────────────────
  Total Exhibiciones:                           4,293
🏁 FINALIZADO: Reporte generado exitosamente en C:\Users\Usuario\OneDrive - Universidad de los Andes\Escritorio\PROYECTO_EFICACIA\SALIDA\NO PRESENCIA\REPORTE_NO_PRESENCIA_MARZO_2026.xlsx
09:34:20  [etl.nopresencia]   ✓ INFO      Matriz de seguimiento generada

--- GENERANDO ANÁLISIS DE AGOTADOS (INVOLVES) ---
  Total Exhibiciones Gratis:                    2,016
  Total Exhibiciones Pagadas:                   2,277

  Total Exhibiciones Alto Impacto:              1,770
  Total Exhibiciones Medio Impacto:             2,522
─────────────────────────────────────────────────

--- KPI (V3): RESUMEN EXHIBICIONES GRATIS por empleado  (Marzo_2026) ---
  Leyendo: Resultado exhibiciones gratis.xlsx (3435 filas)
  ✅ Mes activo: 121 empleados → EXHIBICIONES_GRATIS_KPIS.xlsx
  ✅ Histórico → EXHIBICIONES_GRATIS_KPIS_HISTORICO.xlsx
09:34:34  [etl.exhib_gratis]  ✓ INFO      ETL Exhibiciones Gratis — completado
09:34:35  [etl.exhib_gratis]  ✓ INFO      Duración total: 534.1s
09:34:35  [etl.orquestador]   ✓ INFO      ETL 'exhib_gratis' terminó — ✓ OK en 534.1s
⚠️  No se pudo leer el reporte SOS previo (Reindexing only valid with uniquely valued Index objects); se sobrescribe.
09:34:45  [etl.exhib_pagadas]  ⚠ WARNING   [stdout] ⚠️  No se pudo leer el reporte SOS previo (Reindexing only valid with uniquely valued Index objects); se sobrescribe.
09:34:45  [etl.precios]       ⚠ WARNING   [stdout] ⚠️  No se pudo leer el reporte SOS previo (Reindexing only valid with uniquely valued Index objects); se sobrescribe.
09:34:45  [etl.sos]           ⚠ WARNING   [stdout] ⚠️  No se pudo leer el reporte SOS previo (Reindexing only valid with uniquely valued Index objects); se sobrescribe.
09:34:45  [etl.nopresencia]   ⚠ WARNING   [stdout] ⚠️  No se pudo leer el reporte SOS previo (Reindexing only valid with uniquely valued Index objects); se sobrescribe.
✅ EXITO: Reporte Final SOS (Marzo_2026) generado en: C:\Users\Usuario\OneDrive - Universidad de los Andes\Escritorio\PROYECTO_EFICACIA\SALIDA\SOS\Reporte_SOS_Final_Calculado.xlsx
09:35:01  [etl.exhib_pagadas]  ✓ INFO      [stdout] ✅ EXITO: Reporte Final SOS (Marzo_2026) generado en: C:\Users\Usuario\OneDrive - Universidad de los Andes\Escritorio\PROYECTO_EFICACIA\SALIDA\SOS\Reporte_SOS_Final_Calculado.xlsx
09:35:01  [etl.precios]       ✓ INFO      [stdout] ✅ EXITO: Reporte Final SOS (Marzo_2026) generado en: C:\Users\Usuario\OneDrive - Universidad de los Andes\Escritorio\PROYECTO_EFICACIA\SALIDA\SOS\Reporte_SOS_Final_Calculado.xlsx
09:35:01  [etl.sos]           ✓ INFO      [stdout] ✅ EXITO: Reporte Final SOS (Marzo_2026) generado en: C:\Users\Usuario\OneDrive - Universidad de los Andes\Escritorio\PROYECTO_EFICACIA\SALIDA\SOS\Reporte_SOS_Final_Calculado.xlsx
09:35:01  [etl.nopresencia]   ✓ INFO      [stdout] ✅ EXITO: Reporte Final SOS (Marzo_2026) generado en: C:\Users\Usuario\OneDrive - Universidad de los Andes\Escritorio\PROYECTO_EFICACIA\SALIDA\SOS\Reporte_SOS_Final_Calculado.xlsx
09:35:01  [etl.sos]           ✓ INFO      Cruce triple y cálculo SOS completado

--- PASO 6 (V3): RESUMEN KPI SOS por gestor  (Marzo_2026) ---
  Leyendo: Cumplimiento_Captura_SOS.xlsx (535 filas)
✅ ÉXITO: Reporte de Agotados generado en C:\Users\Usuario\OneDrive - Universidad de los Andes\Escritorio\PROYECTO_EFICACIA\SALIDA\NO PRESENCIA\ANALISIS_AGOTADOS_MARZO_2026.xlsx
09:35:02  [etl.exhib_pagadas]  ✓ INFO      [stdout] ✅ ÉXITO: Reporte de Agotados generado en C:\Users\Usuario\OneDrive - Universidad de los Andes\Escritorio\PROYECTO_EFICACIA\SALIDA\NO PRESENCIA\ANALISIS_AGOTADOS_MARZO_2026.xlsx
09:35:02  [etl.precios]       ✓ INFO      [stdout] ✅ ÉXITO: Reporte de Agotados generado en C:\Users\Usuario\OneDrive - Universidad de los Andes\Escritorio\PROYECTO_EFICACIA\SALIDA\NO PRESENCIA\ANALISIS_AGOTADOS_MARZO_2026.xlsx
09:35:02  [etl.sos]           ✓ INFO      [stdout] ✅ ÉXITO: Reporte de Agotados generado en C:\Users\Usuario\OneDrive - Universidad de los Andes\Escritorio\PROYECTO_EFICACIA\SALIDA\NO PRESENCIA\ANALISIS_AGOTADOS_MARZO_2026.xlsx
09:35:02  [etl.nopresencia]   ✓ INFO      [stdout] ✅ ÉXITO: Reporte de Agotados generado en C:\Users\Usuario\OneDrive - Universidad de los Andes\Escritorio\PROYECTO_EFICACIA\SALIDA\NO PRESENCIA\ANALISIS_AGOTADOS_MARZO_2026.xlsx
09:35:02  [etl.nopresencia]   ✓ INFO      Análisis de agotados generado

--- PASO KPI (V3): RESUMEN NP por gestor  (Marzo_2026) ---
  Leyendo: REPORTE_NO_PRESENCIA_MARZO_2026.xlsx (2146 filas)
  ✅ Mes activo: 115 gestores → SOS_KPIS.xlsx
09:35:04  [etl.exhib_pagadas]  ✓ INFO      [stdout] ✅ Mes activo: 115 gestores → SOS_KPIS.xlsx
09:35:04  [etl.precios]       ✓ INFO      [stdout] ✅ Mes activo: 115 gestores → SOS_KPIS.xlsx
09:35:04  [etl.sos]           ✓ INFO      [stdout] ✅ Mes activo: 115 gestores → SOS_KPIS.xlsx
09:35:04  [etl.nopresencia]   ✓ INFO      [stdout] ✅ Mes activo: 115 gestores → SOS_KPIS.xlsx
  ✅ Histórico acumulado → SOS_KPIS_HISTORICO.xlsx
09:35:04  [etl.exhib_pagadas]  ✓ INFO      [stdout] ✅ Histórico acumulado → SOS_KPIS_HISTORICO.xlsx
09:35:04  [etl.precios]       ✓ INFO      [stdout] ✅ Histórico acumulado → SOS_KPIS_HISTORICO.xlsx
09:35:04  [etl.sos]           ✓ INFO      [stdout] ✅ Histórico acumulado → SOS_KPIS_HISTORICO.xlsx
09:35:04  [etl.nopresencia]   ✓ INFO      [stdout] ✅ Histórico acumulado → SOS_KPIS_HISTORICO.xlsx
09:35:04  [etl.sos]           ✓ INFO      KPI SOS consolidado
09:35:04  [etl.sos]           ✓ INFO      ETL SOS — completado
09:35:05  [etl.sos]           ✓ INFO      Duración total: 564.2s
09:35:05  [etl.orquestador]   ✓ INFO      ETL 'sos' terminó — ✓ OK en 564.2s
  ✅ Mes activo: 153 gestores → NO_PRESENCIA_KPIS.xlsx
09:35:06  [etl.exhib_pagadas]  ✓ INFO      [stdout] ✅ Mes activo: 153 gestores → NO_PRESENCIA_KPIS.xlsx
09:35:06  [etl.precios]       ✓ INFO      [stdout] ✅ Mes activo: 153 gestores → NO_PRESENCIA_KPIS.xlsx
  ✅ Histórico acumulado → NO_PRESENCIA_KPIS_HISTORICO.xlsx
09:35:06  [etl.exhib_pagadas]  ✓ INFO      [stdout] ✅ Histórico acumulado → NO_PRESENCIA_KPIS_HISTORICO.xlsx
09:35:06  [etl.precios]       ✓ INFO      [stdout] ✅ Histórico acumulado → NO_PRESENCIA_KPIS_HISTORICO.xlsx
09:35:06  [etl.nopresencia]   ✓ INFO      KPI no presencia consolidado
09:35:06  [etl.nopresencia]   ✓ INFO      ETL No Presencia — completado
09:35:07  [etl.nopresencia]   ✓ INFO      Duración total: 566.1s
09:35:07  [etl.orquestador]   ✓ INFO      ETL 'nopresencia' terminó — ✓ OK en 566.1s
✅ Paso 4 finalizado: IDs unificados (Ventas > Plan) y justificaciones procesadas.
09:36:27  [etl.exhib_pagadas]  ✓ INFO      [stdout] ✅ Paso 4 finalizado: IDs unificados (Ventas > Plan) y justificaciones procesadas.
09:36:27  [etl.precios]       ✓ INFO      [stdout] ✅ Paso 4 finalizado: IDs unificados (Ventas > Plan) y justificaciones procesadas.
09:36:27  [etl.sos]           ✓ INFO      [stdout] ✅ Paso 4 finalizado: IDs unificados (Ventas > Plan) y justificaciones procesadas.
09:36:27  [etl.cif]           ✓ INFO      Paso 5 — Agrupación visitas (unificación gestores)

========================================
 INICIANDO PASO 5: CONSOLIDACIÓN (CORRECCIÓN DE ID FORMATO .0)
========================================
✅ ¡Proceso Limpio! IDs corregidos y apoyos sumados al Gestor.
09:36:27  [etl.exhib_pagadas]  ✓ INFO      [stdout] ✅ ¡Proceso Limpio! IDs corregidos y apoyos sumados al Gestor.
09:36:27  [etl.precios]       ✓ INFO      [stdout] ✅ ¡Proceso Limpio! IDs corregidos y apoyos sumados al Gestor.
09:36:27  [etl.sos]           ✓ INFO      [stdout] ✅ ¡Proceso Limpio! IDs corregidos y apoyos sumados al Gestor.
09:36:27  [etl.cif]           ✓ INFO      Paso 6 — Generación de alertas de tiempos inconsistentes

========================================
 INICIANDO PASO 6: GENERACIÓN DE ALERTAS (RUTA CIF SALIDA)
========================================
⚠️ AUDITORÍA: Se detectaron 26 registros con tiempos > 9h.
09:36:27  [etl.exhib_pagadas]  ⚠ WARNING   [stdout] ⚠️ AUDITORÍA: Se detectaron 26 registros con tiempos > 9h.
09:36:27  [etl.precios]       ⚠ WARNING   [stdout] ⚠️ AUDITORÍA: Se detectaron 26 registros con tiempos > 9h.
09:36:27  [etl.sos]           ⚠ WARNING   [stdout] ⚠️ AUDITORÍA: Se detectaron 26 registros con tiempos > 9h.
📁 Archivo de alertas generado en: C:\Users\Usuario\OneDrive - Universidad de los Andes\Escritorio\PROYECTO_EFICACIA\SALIDA\CIF\ALERTAS_TIEMPOS_INCONSISTENTES.csv
========================================
09:36:27  [etl.cif]           ✓ INFO      Paso 7 — Resultado final Excel

========================================
 INICIANDO PASO 7: ESTRUCTURACIÓN FINAL  (Marzo_2026)
========================================
📅 Periodo confirmado: 03/2026
  🔧 H4 fallback: 0 filas del plan rescatadas via CEDULA.
✅ ¡LISTO! Excel generado para el periodo 3/2026.
09:36:30  [etl.exhib_pagadas]  ✓ INFO      [stdout] ✅ ¡LISTO! Excel generado para el periodo 3/2026.
09:36:30  [etl.precios]       ✓ INFO      [stdout] ✅ ¡LISTO! Excel generado para el periodo 3/2026.
09:36:30  [etl.sos]           ✓ INFO      [stdout] ✅ ¡LISTO! Excel generado para el periodo 3/2026.
📁 C:\Users\Usuario\OneDrive - Universidad de los Andes\Escritorio\PROYECTO_EFICACIA\SALIDA\CIF\CIF.xlsx
📁 C:\Users\Usuario\OneDrive - Universidad de los Andes\Escritorio\PROYECTO_EFICACIA\SALIDA\CIF\Plan de trabajo.xlsx  (alias legacy)
========================================
09:36:30  [etl.cif]           ✓ INFO      Paso 8 — KPIs por gestor

========================================
 INICIANDO PASO 8: RESUMEN KPIS POR GESTOR (V3)  (Marzo_2026)
========================================
  Leyendo: C:\Users\Usuario\OneDrive - Universidad de los Andes\Escritorio\PROYECTO_EFICACIA\SALIDA\CIF\CIF.xlsx
  ✅ Mes activo  (03/2026): 153 gestores → KPIS_CIF.xlsx
09:36:31  [etl.exhib_pagadas]  ✓ INFO      [stdout] ✅ Mes activo  (03/2026): 153 gestores → KPIS_CIF.xlsx
09:36:31  [etl.precios]       ✓ INFO      [stdout] ✅ Mes activo  (03/2026): 153 gestores → KPIS_CIF.xlsx
09:36:31  [etl.sos]           ✓ INFO      [stdout] ✅ Mes activo  (03/2026): 153 gestores → KPIS_CIF.xlsx
  ✅ Histórico: 460 filas totales → KPIS_CIF_HISTORICO.xlsx
09:36:32  [etl.exhib_pagadas]  ✓ INFO      [stdout] ✅ Histórico: 460 filas totales → KPIS_CIF_HISTORICO.xlsx
09:36:32  [etl.precios]       ✓ INFO      [stdout] ✅ Histórico: 460 filas totales → KPIS_CIF_HISTORICO.xlsx
09:36:32  [etl.sos]           ✓ INFO      [stdout] ✅ Histórico: 460 filas totales → KPIS_CIF_HISTORICO.xlsx
========================================
09:36:32  [etl.cif]           ✓ INFO      ETL CIF — completado
09:36:32  [etl.cif]           ✓ INFO      Duración total: 651.5s
09:36:32  [etl.orquestador]   ✓ INFO      ETL 'cif' terminó — ✓ OK en 651.5s
09:36:32  [etl.orquestador]   ✓ INFO      ════════════════════════════════════════════════════════
09:36:32  [etl.orquestador]   ✓ INFO      REPORTE DE EJECUCIÓN
09:36:32  [etl.orquestador]   ✓ INFO      ════════════════════════════════════════════════════════
09:36:32  [etl.orquestador]   ✓ INFO        ETL                    Estado           Tiempo
09:36:32  [etl.orquestador]   ✓ INFO        ────────────────────── ────────────── ────────
09:36:32  [etl.orquestador]   ✓ INFO        cif                    ✓ OK             651.5s
09:36:32  [etl.orquestador]   ✓ INFO        nopresencia            ✓ OK             566.1s
09:36:32  [etl.orquestador]   ✓ INFO        precios                ✓ OK             137.4s
09:36:32  [etl.orquestador]   ✓ INFO        sos                    ✓ OK             564.2s
09:36:32  [etl.orquestador]   ✓ INFO        exhib_pagadas          ✓ OK              55.5s
09:36:32  [etl.orquestador]   ✓ INFO        exhib_gratis           ✓ OK             534.1s
09:36:32  [etl.orquestador]   ✓ INFO        ventas                 ✓ OK             187.6s
09:36:32  [etl.orquestador]   ✓ INFO        impactos               ✓ OK              10.7s
09:36:32  [etl.orquestador]   ✓ INFO        ────────────────────── ────────────── ────────
09:36:32  [etl.orquestador]   ✓ INFO        shared_loader          ✓ OK               3.1s
09:36:32  [etl.orquestador]   ✓ INFO        TOTAL (paralelo)                        654.7s
09:36:32  [etl.orquestador]   ✓ INFO        Sin paralelismo (est.)                 2710.3s
09:36:32  [etl.orquestador]   ✓ INFO        Ahorro estimado                        2055.6s
09:36:32  [etl.orquestador]   ✓ INFO      ────────────────────────────────────────────────────────
09:36:32  [etl.orquestador]   ✓ INFO      Eventos: 0 CRITICAL  |  0 ERROR  |  8 WARNING
09:36:32  [etl.orquestador]   ✓ INFO      ························································
09:36:32  [etl.orquestador]   ✓ INFO        WARNING (8)
09:36:32  [etl.orquestador]   ✓ INFO      ························································
09:36:32  [etl.orquestador]   ✓ INFO        09:25:40  [shared_loader]     [DIRECTO] Módulo 'precios': el filtro devolvió 0 filas (columna 'PRECIOS' sin valores = 1, o IDs sin coincidencia en el PT)
09:36:32  [etl.orquestador]   ✓ INFO        09:34:45  [exhib_pagadas]     [stdout] ⚠️  No se pudo leer el reporte SOS previo (Reindexing only valid with uniquely valued Index objects); se sobrescribe.
09:36:32  [etl.orquestador]   ✓ INFO        09:34:45  [precios]           [stdout] ⚠️  No se pudo leer el reporte SOS previo (Reindexing only valid with uniquely valued Index objects); se sobrescribe.
09:36:32  [etl.orquestador]   ✓ INFO        09:34:45  [sos]               [stdout] ⚠️  No se pudo leer el reporte SOS previo (Reindexing only valid with uniquely valued Index objects); se sobrescribe.
09:36:32  [etl.orquestador]   ✓ INFO        09:34:45  [nopresencia]       [stdout] ⚠️  No se pudo leer el reporte SOS previo (Reindexing only valid with uniquely valued Index objects); se sobrescribe.
09:36:32  [etl.orquestador]   ✓ INFO        09:36:27  [exhib_pagadas]     [stdout] ⚠️ AUDITORÍA: Se detectaron 26 registros con tiempos > 9h.
09:36:32  [etl.orquestador]   ✓ INFO        09:36:27  [precios]           [stdout] ⚠️ AUDITORÍA: Se detectaron 26 registros con tiempos > 9h.
09:36:32  [etl.orquestador]   ✓ INFO        09:36:27  [sos]               [stdout] ⚠️ AUDITORÍA: Se detectaron 26 registros con tiempos > 9h.
09:36:32  [etl.orquestador]   ✓ INFO      ════════════════════════════════════════════════════════
09:36:32  [etl.orquestador]   ✓ INFO      Log completo guardado en: C:\Users\Usuario\OneDrive - Universidad de los Andes\Escritorio\PROYECTO_EFICACIA\SCRIPTS\logs\ejecucion_202603_a_202605_20260618_092537.log
09:36:32  [etl.orquestador]   ✓ INFO      Fin: 2026-06-18 09:36:32
09:36:32  [etl.orquestador]   ✓ INFO      ════════════════════════════════════════════════════════
09:36:32  [etl.orquestador]   ✓ INFO      
09:36:32  [etl.orquestador]   ✓ INFO      ▶ PERIODO 2/3: Abril_2026
09:36:32  [etl.orquestador]   ✓ INFO      ════════════════════════════════════════════════════════
09:36:32  [etl.orquestador]   ✓ INFO      ORQUESTADOR ETLs — Eficacia
09:36:32  [etl.orquestador]   ✓ INFO      Inicio: 2026-06-18 09:36:32
09:36:32  [etl.orquestador]   ✓ INFO      Run ID: 20260618T092537_23a522
09:36:32  [etl.orquestador]   ✓ INFO      Periodo: Abril_2026 (04/2026)
09:36:32  [etl.orquestador]   ✓ INFO      ETLs seleccionados: ['cif', 'nopresencia', 'precios', 'sos', 'exhib_pagadas', 'exhib_gratis', 'ventas', 'impactos']
09:36:32  [etl.orquestador]   ✓ INFO      Workers paralelos: 6
09:36:32  [etl.orquestador]   ✓ INFO      Skip si cached: False
09:36:32  [etl.orquestador]   ✓ INFO      ════════════════════════════════════════════════════════
09:36:32  [etl.shared_loader]  ✓ INFO      PT Directo detectado: Plan de trabajo Directo Abril 2026.xlsx
09:36:32  [etl.shared_loader]  ✓ INFO      PT ISM detectado: Plan de trabajo ISM Abril 2026.xlsx
09:36:32  [etl.shared_loader]  ✓ INFO      ━━━━━━━━━━━━━━━━━━━━━━━━━━━━━━━━━━━━━━━━━━━━━━━━━━
09:36:32  [etl.shared_loader]  ✓ INFO      Iniciando carga compartida del Plan de Trabajo
09:36:32  [etl.shared_loader]  ✓ INFO      ━━━━━━━━━━━━━━━━━━━━━━━━━━━━━━━━━━━━━━━━━━━━━━━━━━
09:36:34  [etl.shared_loader]  ✓ INFO      [DIRECTO] 8,764 filas PT  |  3,319 filas módulos cargadas
09:36:35  [etl.shared_loader]  ✓ INFO      [ISM] 2,606 filas PT  |  872 filas módulos cargadas
09:36:35  [etl.shared_loader]  ✓ INFO      PT consolidado: 11,370 filas totales
09:36:35  [etl.shared_loader]  ✓ INFO      Periodo forzado por el caller: Mes 4 | Año 2026
09:36:35  [etl.shared_loader]  ✓ INFO      Aplicando filtros por módulo
09:36:35  [etl.shared_loader]  ✓ INFO      [DIRECTO] Módulo 'no_presencia': 5,192 filas retenidas
09:36:35  [etl.shared_loader]  ✓ INFO      [ISM] Módulo 'no_presencia': 1,044 filas retenidas
09:36:35  [etl.shared_loader]  ⚠ WARNING   [DIRECTO] Módulo 'precios': el filtro devolvió 0 filas (columna 'PRECIOS' sin valores = 1, o IDs sin coincidencia en el PT)
09:36:35  [etl.shared_loader]  ✓ INFO      [ISM] Módulo 'precios': 810 filas retenidas
09:36:35  [etl.shared_loader]  ✓ INFO      [DIRECTO] Módulo 'sos': 3,175 filas retenidas
09:36:35  [etl.shared_loader]  ✓ INFO      [ISM] Módulo 'sos': 750 filas retenidas
09:36:35  [etl.shared_loader]  ✓ INFO      Carga compartida completada
09:36:35  [etl.orquestador]   ✓ INFO      shared_loader completado en 3.1s
09:36:35  [etl.orquestador]   ✓ INFO      ────────────────────────────────────────────────────────
09:36:35  [etl.orquestador]   ✓ INFO      FASE 1 — Lanzando 8 ETLs en paralelo (0 skipped)
09:36:35  [etl.orquestador]   ✓ INFO      ────────────────────────────────────────────────────────
09:36:35  [etl.exhib_pagadas]  ✓ INFO      ────────────────────────────────────────────────────────
09:36:35  [etl.exhib_pagadas]  ✓ INFO      ETL Exhibiciones Pagadas — iniciando
🚀 Iniciando auditoría exhibiciones pagadas  (Abril_2026)...
09:36:35  [etl.precios]       ✓ INFO      ────────────────────────────────────────────────────────
09:36:35  [etl.precios]       ✓ INFO      ETL Precios — iniciando
09:36:36  [etl.nopresencia]   ✓ INFO      ────────────────────────────────────────────────────────
09:36:36  [etl.nopresencia]   ✓ INFO      ETL No Presencia — iniciando
09:36:36  [etl.sos]           ✓ INFO      ────────────────────────────────────────────────────────
09:36:36  [etl.sos]           ✓ INFO      ETL SOS — iniciando
09:36:38  [etl.precios]       ✓ INFO      PT filtrado persistido: 173 PDVs únicos — periodo ABRIL_2026

--- PASO 2: Cruzando Capturas por Categorías (ABRIL_2026) ---
  Encuestas: Respuestas Precios Abril 2026.xlsx
09:36:38  [etl.cif]           ✓ INFO      ────────────────────────────────────────────────────────
09:36:38  [etl.cif]           ✓ INFO      ETL CIF — iniciando
09:36:38  [etl.cif]           ✓ INFO      Paso 1 — PT consolidado: 11,370 filas
C:\Users\Usuario\AppData\Local\Programs\Python\Python314\Lib\site-packages\openpyxl\styles\stylesheet.py:237: UserWarning: Workbook contains no default style, apply openpyxl's default
  warn("Workbook contains no default style, apply openpyxl's default")
09:36:38  [etl.cif]           ✓ INFO      Paso 2 — Agrupación SQL
C:\Users\Usuario\AppData\Local\Programs\Python\Python314\Lib\site-packages\openpyxl\styles\stylesheet.py:237: UserWarning: Workbook contains no default style, apply openpyxl's default
  warn("Workbook contains no default style, apply openpyxl's default")

========================================
 INICIANDO PASO 2: AGRUPACIÓN SQL
========================================
09:36:39  [etl.sos]           ✓ INFO      PT filtrado persistido: 497 PDVs únicos
09:36:39  [etl.sos]           ✓ INFO      6 archivo(s) de encuesta SOS encontrado(s)

--- PASO 2: Consolidando Encuestas SOS  (Abril_2026) ---
09:36:39  [etl.exhib_gratis]  ✓ INFO      ────────────────────────────────────────────────────────
  ✓ Respuestas SOS Abril 2026.xlsx
09:36:39  [etl.exhib_pagadas]  ✓ INFO      [stdout] ✓ Respuestas SOS Abril 2026.xlsx
09:36:39  [etl.exhib_gratis]  ✓ INFO      ETL Exhibiciones Gratis — iniciando
09:36:39  [etl.precios]       ✓ INFO      [stdout] ✓ Respuestas SOS Abril 2026.xlsx
── Resolviendo archivos fuente (Abril_2026) ─
09:36:39  [etl.sos]           ✓ INFO      [stdout] ✓ Respuestas SOS Abril 2026.xlsx── Resolviendo archivos fuente (Abril_2026) ─
09:36:39  [etl.nopresencia]   ✓ INFO      [stdout] ✓ Respuestas SOS Abril 2026.xlsx── Resolviendo archivos fuente (Abril_2026) ─
09:36:39  [etl.exhib_pagadas]  ✓ INFO      [stdout] ✓ Respuestas SOS Abril 2026.xlsx── Resolviendo archivos fuente (Abril_2026) ─
09:36:39  [etl.precios]       ✓ INFO      [stdout] ✓ Respuestas SOS Abril 2026.xlsx── Resolviendo archivos fuente (Abril_2026) ─
09:36:39  [etl.nopresencia]   ✓ INFO      [stdout] ✓ Respuestas SOS Abril 2026.xlsx── Resolviendo archivos fuente (Abril_2026) ─
09:36:39  [etl.sos]           ✓ INFO      [stdout] ✓ Respuestas SOS Abril 2026.xlsx── Resolviendo archivos fuente (Abril_2026) ─
09:36:39  [etl.exhib_gratis]  ✓ INFO      [stdout] ✓ Respuestas SOS Abril 2026.xlsx── Resolviendo archivos fuente (Abril_2026) ─
09:36:39  [etl.cif]           ✓ INFO      [stdout] ✓ Respuestas SOS Abril 2026.xlsx── Resolviendo archivos fuente (Abril_2026) ─
09:36:39  [etl.exhib_gratis]  ✓ INFO      [stdout] ✓ Respuestas SOS Abril 2026.xlsx── Resolviendo archivos fuente (Abril_2026) ─
  ✓ Respuestas SOS Baby Abril 2026.xlsx
09:36:39  [etl.exhib_pagadas]  ✓ INFO      [stdout] ✓ Respuestas SOS Baby Abril 2026.xlsx
09:36:39  [etl.precios]       ✓ INFO      [stdout] ✓ Respuestas SOS Baby Abril 2026.xlsx
09:36:39  [etl.sos]           ✓ INFO      [stdout] ✓ Respuestas SOS Baby Abril 2026.xlsx
09:36:39  [etl.nopresencia]   ✓ INFO      [stdout] ✓ Respuestas SOS Baby Abril 2026.xlsx
09:36:39  [etl.exhib_gratis]  ✓ INFO      [stdout] ✓ Respuestas SOS Baby Abril 2026.xlsx
09:36:39  [etl.exhib_pagadas]  ✓ INFO      [stdout] ✓ Respuestas SOS Baby Abril 2026.xlsx
09:36:39  [etl.precios]       ✓ INFO      [stdout] ✓ Respuestas SOS Baby Abril 2026.xlsx
09:36:39  [etl.nopresencia]   ✓ INFO      [stdout] ✓ Respuestas SOS Baby Abril 2026.xlsx
  [informar] 1 archivo(s):
09:36:40  [etl.sos]           ✓ INFO      [stdout] ✓ Respuestas SOS Baby Abril 2026.xlsx  [informar] 1 archivo(s):
09:36:40  [etl.cif]           ✓ INFO      [stdout] ✓ Respuestas SOS Baby Abril 2026.xlsx  [informar] 1 archivo(s):
09:36:40  [etl.exhib_gratis]  ✓ INFO      [stdout] ✓ Respuestas SOS Baby Abril 2026.xlsx  [informar] 1 archivo(s):
C:\Users\Usuario\AppData\Local\Programs\Python\Python314\Lib\site-packages\openpyxl\styles\stylesheet.py:237: UserWarning: Workbook contains no default style, apply openpyxl's default
  warn("Workbook contains no default style, apply openpyxl's default")
    - Base Exhibiciones Informar Abril 2026.xlsx
  [planning] 1 archivo(s):
    - Base Exhibiciones Planning Abril 2026.xlsx
  [visitas] 1 archivo(s):
    - informe-gerencial-visitas_202604.xlsx
  [plan_trabajo] 1 archivo(s):
    - Plan de trabajo.xlsx

── Cargando archivos fuente ─────────────────────
09:36:56  [etl.nopresencia]   ✓ INFO      PT filtrado persistido: 6,236 filas — periodo ABRIL_2026

--- INICIANDO: Bloque No Presencia (Encuestas) ---
Archivo encuestas: Respuestas no presencia Abril 2026.xlsx
    ✓ Base Exhibiciones Informar Abril 2026.xlsx — 3,796 filas
09:36:57  [etl.exhib_pagadas]  ✓ INFO      [stdout] ✓ Base Exhibiciones Informar Abril 2026.xlsx — 3,796 filas
09:36:57  [etl.precios]       ✓ INFO      [stdout] ✓ Base Exhibiciones Informar Abril 2026.xlsx — 3,796 filas
09:36:57  [etl.sos]           ✓ INFO      [stdout] ✓ Base Exhibiciones Informar Abril 2026.xlsx — 3,796 filas
09:36:57  [etl.nopresencia]   ✓ INFO      [stdout] ✓ Base Exhibiciones Informar Abril 2026.xlsx — 3,796 filas
09:36:57  [etl.exhib_gratis]  ✓ INFO      [stdout] ✓ Base Exhibiciones Informar Abril 2026.xlsx — 3,796 filas
09:36:57  [etl.exhib_pagadas]  ✓ INFO      [stdout] ✓ Base Exhibiciones Informar Abril 2026.xlsx — 3,796 filas
09:36:57  [etl.precios]       ✓ INFO      [stdout] ✓ Base Exhibiciones Informar Abril 2026.xlsx — 3,796 filas
09:36:57  [etl.nopresencia]   ✓ INFO      [stdout] ✓ Base Exhibiciones Informar Abril 2026.xlsx — 3,796 filas
09:36:57  [etl.sos]           ✓ INFO      [stdout] ✓ Base Exhibiciones Informar Abril 2026.xlsx — 3,796 filas
09:36:57  [etl.cif]           ✓ INFO      [stdout] ✓ Base Exhibiciones Informar Abril 2026.xlsx — 3,796 filas
09:36:57  [etl.exhib_gratis]  ✓ INFO      [stdout] ✓ Base Exhibiciones Informar Abril 2026.xlsx — 3,796 filas
C:\Users\Usuario\AppData\Local\Programs\Python\Python314\Lib\site-packages\openpyxl\styles\stylesheet.py:237: UserWarning: Workbook contains no default style, apply openpyxl's default
  warn("Workbook contains no default style, apply openpyxl's default")
    ✓ Base Exhibiciones Planning Abril 2026.xlsx — 2,747 filas
09:37:14  [etl.exhib_pagadas]  ✓ INFO      [stdout] ✓ Base Exhibiciones Planning Abril 2026.xlsx — 2,747 filas
09:37:14  [etl.precios]       ✓ INFO      [stdout] ✓ Base Exhibiciones Planning Abril 2026.xlsx — 2,747 filas
09:37:14  [etl.sos]           ✓ INFO      [stdout] ✓ Base Exhibiciones Planning Abril 2026.xlsx — 2,747 filas
09:37:14  [etl.nopresencia]   ✓ INFO      [stdout] ✓ Base Exhibiciones Planning Abril 2026.xlsx — 2,747 filas
09:37:15  [etl.exhib_gratis]  ✓ INFO      [stdout] ✓ Base Exhibiciones Planning Abril 2026.xlsx — 2,747 filas
09:37:15  [etl.exhib_pagadas]  ✓ INFO      [stdout] ✓ Base Exhibiciones Planning Abril 2026.xlsx — 2,747 filas
09:37:15  [etl.precios]       ✓ INFO      [stdout] ✓ Base Exhibiciones Planning Abril 2026.xlsx — 2,747 filas
09:37:15  [etl.nopresencia]   ✓ INFO      [stdout] ✓ Base Exhibiciones Planning Abril 2026.xlsx — 2,747 filas
09:37:15  [etl.sos]           ✓ INFO      [stdout] ✓ Base Exhibiciones Planning Abril 2026.xlsx — 2,747 filas
09:37:15  [etl.cif]           ✓ INFO      [stdout] ✓ Base Exhibiciones Planning Abril 2026.xlsx — 2,747 filas
09:37:15  [etl.exhib_gratis]  ✓ INFO      [stdout] ✓ Base Exhibiciones Planning Abril 2026.xlsx — 2,747 filas
✅ ¡Hecho! Los registros que no cruzaron ahora tienen 'No' y ejecución en 0.
09:37:20  [etl.exhib_pagadas]  ✓ INFO      [stdout] ✅ ¡Hecho! Los registros que no cruzaron ahora tienen 'No' y ejecución en 0.
09:37:20  [etl.precios]       ✓ INFO      [stdout] ✅ ¡Hecho! Los registros que no cruzaron ahora tienen 'No' y ejecución en 0.
09:37:20  [etl.sos]           ✓ INFO      [stdout] ✅ ¡Hecho! Los registros que no cruzaron ahora tienen 'No' y ejecución en 0.
09:37:20  [etl.nopresencia]   ✓ INFO      [stdout] ✅ ¡Hecho! Los registros que no cruzaron ahora tienen 'No' y ejecución en 0.
09:37:20  [etl.exhib_gratis]  ✓ INFO      [stdout] ✅ ¡Hecho! Los registros que no cruzaron ahora tienen 'No' y ejecución en 0.
09:37:20  [etl.exhib_pagadas]  ✓ INFO      [stdout] ✅ ¡Hecho! Los registros que no cruzaron ahora tienen 'No' y ejecución en 0.
09:37:20  [etl.precios]       ✓ INFO      [stdout] ✅ ¡Hecho! Los registros que no cruzaron ahora tienen 'No' y ejecución en 0.
09:37:20  [etl.nopresencia]   ✓ INFO      [stdout] ✅ ¡Hecho! Los registros que no cruzaron ahora tienen 'No' y ejecución en 0.
09:37:20  [etl.sos]           ✓ INFO      [stdout] ✅ ¡Hecho! Los registros que no cruzaron ahora tienen 'No' y ejecución en 0.
09:37:20  [etl.cif]           ✓ INFO      [stdout] ✅ ¡Hecho! Los registros que no cruzaron ahora tienen 'No' y ejecución en 0.
09:37:20  [etl.exhib_gratis]  ✓ INFO      [stdout] ✅ ¡Hecho! Los registros que no cruzaron ahora tienen 'No' y ejecución en 0.

--- KPI (V3): RESUMEN EXHIBICIONES PAGADAS por empleado  (Abril_2026) ---
  Leyendo: Resultado_exhibiciones_pagadas Abril 2026.xlsx (2763 filas)
    ✓ Plan de trabajo.xlsx — 3,813 gestores cargados
09:37:24  [etl.exhib_pagadas]  ✓ INFO      [stdout] ✓ Plan de trabajo.xlsx — 3,813 gestores cargados
09:37:24  [etl.precios]       ✓ INFO      [stdout] ✓ Plan de trabajo.xlsx — 3,813 gestores cargados
09:37:24  [etl.sos]           ✓ INFO      [stdout] ✓ Plan de trabajo.xlsx — 3,813 gestores cargados
09:37:24  [etl.nopresencia]   ✓ INFO      [stdout] ✓ Plan de trabajo.xlsx — 3,813 gestores cargados
09:37:24  [etl.exhib_gratis]  ✓ INFO      [stdout] ✓ Plan de trabajo.xlsx — 3,813 gestores cargados
09:37:24  [etl.exhib_pagadas]  ✓ INFO      [stdout] ✓ Plan de trabajo.xlsx — 3,813 gestores cargados
09:37:25  [etl.precios]       ✓ INFO      [stdout] ✓ Plan de trabajo.xlsx — 3,813 gestores cargados
09:37:25  [etl.nopresencia]   ✓ INFO      [stdout] ✓ Plan de trabajo.xlsx — 3,813 gestores cargados
09:37:25  [etl.sos]           ✓ INFO      [stdout] ✓ Plan de trabajo.xlsx — 3,813 gestores cargados
09:37:25  [etl.cif]           ✓ INFO      [stdout] ✓ Plan de trabajo.xlsx — 3,813 gestores cargados
09:37:25  [etl.exhib_gratis]  ✓ INFO      [stdout] ✓ Plan de trabajo.xlsx — 3,813 gestores cargados
C:\Users\Usuario\AppData\Local\Programs\Python\Python314\Lib\site-packages\openpyxl\styles\stylesheet.py:237: UserWarning: Workbook contains no default style, apply openpyxl's default
  warn("Workbook contains no default style, apply openpyxl's default")
C:\Users\Usuario\AppData\Local\Programs\Python\Python314\Lib\site-packages\openpyxl\styles\stylesheet.py:237: UserWarning: Workbook contains no default style, apply openpyxl's default
  warn("Workbook contains no default style, apply openpyxl's default")
  ✅ Mes activo: 132 empleados → EXHIBICIONES_PAGADAS_KPIS.xlsx
09:37:47  [etl.exhib_pagadas]  ✓ INFO      [stdout] ✅ Mes activo: 132 empleados → EXHIBICIONES_PAGADAS_KPIS.xlsx
09:37:47  [etl.precios]       ✓ INFO      [stdout] ✅ Mes activo: 132 empleados → EXHIBICIONES_PAGADAS_KPIS.xlsx
09:37:47  [etl.sos]           ✓ INFO      [stdout] ✅ Mes activo: 132 empleados → EXHIBICIONES_PAGADAS_KPIS.xlsx
09:37:47  [etl.nopresencia]   ✓ INFO      [stdout] ✅ Mes activo: 132 empleados → EXHIBICIONES_PAGADAS_KPIS.xlsx
09:37:47  [etl.exhib_gratis]  ✓ INFO      [stdout] ✅ Mes activo: 132 empleados → EXHIBICIONES_PAGADAS_KPIS.xlsx
09:37:47  [etl.exhib_pagadas]  ✓ INFO      [stdout] ✅ Mes activo: 132 empleados → EXHIBICIONES_PAGADAS_KPIS.xlsx
09:37:48  [etl.precios]       ✓ INFO      [stdout] ✅ Mes activo: 132 empleados → EXHIBICIONES_PAGADAS_KPIS.xlsx
09:37:48  [etl.nopresencia]   ✓ INFO      [stdout] ✅ Mes activo: 132 empleados → EXHIBICIONES_PAGADAS_KPIS.xlsx
09:37:48  [etl.sos]           ✓ INFO      [stdout] ✅ Mes activo: 132 empleados → EXHIBICIONES_PAGADAS_KPIS.xlsx
09:37:48  [etl.cif]           ✓ INFO      [stdout] ✅ Mes activo: 132 empleados → EXHIBICIONES_PAGADAS_KPIS.xlsx
09:37:48  [etl.exhib_gratis]  ✓ INFO      [stdout] ✅ Mes activo: 132 empleados → EXHIBICIONES_PAGADAS_KPIS.xlsx
  ✅ Histórico → EXHIBICIONES_PAGADAS_KPIS_HISTORICO.xlsx
09:37:53  [etl.exhib_pagadas]  ✓ INFO      [stdout] ✅ Histórico → EXHIBICIONES_PAGADAS_KPIS_HISTORICO.xlsx
09:37:53  [etl.precios]       ✓ INFO      [stdout] ✅ Histórico → EXHIBICIONES_PAGADAS_KPIS_HISTORICO.xlsx
09:37:53  [etl.sos]           ✓ INFO      [stdout] ✅ Histórico → EXHIBICIONES_PAGADAS_KPIS_HISTORICO.xlsx
09:37:54  [etl.nopresencia]   ✓ INFO      [stdout] ✅ Histórico → EXHIBICIONES_PAGADAS_KPIS_HISTORICO.xlsx
09:37:54  [etl.exhib_gratis]  ✓ INFO      [stdout] ✅ Histórico → EXHIBICIONES_PAGADAS_KPIS_HISTORICO.xlsx
09:37:54  [etl.exhib_pagadas]  ✓ INFO      [stdout] ✅ Histórico → EXHIBICIONES_PAGADAS_KPIS_HISTORICO.xlsx
09:37:54  [etl.precios]       ✓ INFO      [stdout] ✅ Histórico → EXHIBICIONES_PAGADAS_KPIS_HISTORICO.xlsx
09:37:54  [etl.nopresencia]   ✓ INFO      [stdout] ✅ Histórico → EXHIBICIONES_PAGADAS_KPIS_HISTORICO.xlsx
09:37:54  [etl.sos]           ✓ INFO      [stdout] ✅ Histórico → EXHIBICIONES_PAGADAS_KPIS_HISTORICO.xlsx
09:37:54  [etl.cif]           ✓ INFO      [stdout] ✅ Histórico → EXHIBICIONES_PAGADAS_KPIS_HISTORICO.xlsx
09:37:54  [etl.exhib_gratis]  ✓ INFO      [stdout] ✅ Histórico → EXHIBICIONES_PAGADAS_KPIS_HISTORICO.xlsx
09:37:54  [etl.exhib_pagadas]  ✓ INFO      ETL Exhibiciones Pagadas — completado
09:37:55  [etl.exhib_pagadas]  ✓ INFO      Duración total: 79.4s
09:37:55  [etl.ventas]        ✓ INFO      ────────────────────────────────────────────────────────
09:37:55  [etl.orquestador]   ✓ INFO      ETL 'exhib_pagadas' terminó — ✓ OK en 79.4s
09:37:55  [etl.ventas]        ✓ INFO      ETL Ventas D&P — iniciando
📍 Origen: C:\Users\Usuario\OneDrive - Universidad de los Andes\Escritorio\PROYECTO_EFICACIA\BASES\D&P\01. Ventas
📁 Salida: C:\Users\Usuario\OneDrive - Universidad de los Andes\Escritorio\PROYECTO_EFICACIA\SALIDA\D&P\Consolidado_Ventas.csv
✅ Archivos encontrados (2024+): 3
09:37:57  [etl.exhib_pagadas]  ✓ INFO      [stdout] ✅ Archivos encontrados (2024+): 3
09:37:58  [etl.precios]       ✓ INFO      [stdout] ✅ Archivos encontrados (2024+): 3
09:37:58  [etl.sos]           ✓ INFO      [stdout] ✅ Archivos encontrados (2024+): 3
09:37:58  [etl.nopresencia]   ✓ INFO      [stdout] ✅ Archivos encontrados (2024+): 3
09:37:58  [etl.exhib_gratis]  ✓ INFO      [stdout] ✅ Archivos encontrados (2024+): 3
09:37:58  [etl.ventas]        ✓ INFO      [stdout] ✅ Archivos encontrados (2024+): 3
  Modo upsert — reprocesando: 05. Mayo base ventas.xlsx
✅ Reporte capturas generado.
09:38:23  [etl.exhib_pagadas]  ✓ INFO      [stdout] ✅ Reporte capturas generado.
09:38:23  [etl.precios]       ✓ INFO      [stdout] ✅ Reporte capturas generado.
09:38:23  [etl.sos]           ✓ INFO      [stdout] ✅ Reporte capturas generado.
09:38:23  [etl.nopresencia]   ✓ INFO      [stdout] ✅ Reporte capturas generado.
09:38:23  [etl.exhib_gratis]  ✓ INFO      [stdout] ✅ Reporte capturas generado.
09:38:23  [etl.ventas]        ✓ INFO      [stdout] ✅ Reporte capturas generado.
09:38:23  [etl.precios]       ✓ INFO      Reporte de captura de precios generado
C:\Users\Usuario\AppData\Local\Programs\Python\Python314\Lib\site-packages\openpyxl\styles\stylesheet.py:237: UserWarning: Workbook contains no default style, apply openpyxl's default
  warn("Workbook contains no default style, apply openpyxl's default")

--- PASO 3: Generando Análisis Detallado (ABRIL_2026) ---
  → Procesando: 05. Mayo base ventas.xlsx
  ✅ Consolidado guardado: C:\Users\Usuario\OneDrive - Universidad de los Andes\Escritorio\PROYECTO_EFICACIA\SALIDA\D&P\Consolidado_Ventas.csv  (146,841 filas)
09:40:00  [etl.exhib_pagadas]  ✓ INFO      [stdout] ✅ Consolidado guardado: C:\Users\Usuario\OneDrive - Universidad de los Andes\Escritorio\PROYECTO_EFICACIA\SALIDA\D&P\Consolidado_Ventas.csv  (146,841 filas)
09:40:00  [etl.precios]       ✓ INFO      [stdout] ✅ Consolidado guardado: C:\Users\Usuario\OneDrive - Universidad de los Andes\Escritorio\PROYECTO_EFICACIA\SALIDA\D&P\Consolidado_Ventas.csv  (146,841 filas)
09:40:00  [etl.sos]           ✓ INFO      [stdout] ✅ Consolidado guardado: C:\Users\Usuario\OneDrive - Universidad de los Andes\Escritorio\PROYECTO_EFICACIA\SALIDA\D&P\Consolidado_Ventas.csv  (146,841 filas)
09:40:00  [etl.nopresencia]   ✓ INFO      [stdout] ✅ Consolidado guardado: C:\Users\Usuario\OneDrive - Universidad de los Andes\Escritorio\PROYECTO_EFICACIA\SALIDA\D&P\Consolidado_Ventas.csv  (146,841 filas)
09:40:00  [etl.exhib_gratis]  ✓ INFO      [stdout] ✅ Consolidado guardado: C:\Users\Usuario\OneDrive - Universidad de los Andes\Escritorio\PROYECTO_EFICACIA\SALIDA\D&P\Consolidado_Ventas.csv  (146,841 filas)
09:40:00  [etl.ventas]        ✓ INFO      [stdout] ✅ Consolidado guardado: C:\Users\Usuario\OneDrive - Universidad de los Andes\Escritorio\PROYECTO_EFICACIA\SALIDA\D&P\Consolidado_Ventas.csv  (146,841 filas)
09:40:00  [etl.ventas]        ✓ INFO      ETL Ventas D&P — completado (146,841 filas en consolidado)
✅ ÉXITO: Agrupado guardado en: C:\Users\Usuario\OneDrive - Universidad de los Andes\Escritorio\PROYECTO_EFICACIA\BASES\CIF\PLAN DE TRABAJO\Plan de trabajo consolidado_grupado.csv
09:40:01  [etl.exhib_pagadas]  ✓ INFO      [stdout] ✅ ÉXITO: Agrupado guardado en: C:\Users\Usuario\OneDrive - Universidad de los Andes\Escritorio\PROYECTO_EFICACIA\BASES\CIF\PLAN DE TRABAJO\Plan de trabajo consolidado_grupado.csv
09:40:01  [etl.precios]       ✓ INFO      [stdout] ✅ ÉXITO: Agrupado guardado en: C:\Users\Usuario\OneDrive - Universidad de los Andes\Escritorio\PROYECTO_EFICACIA\BASES\CIF\PLAN DE TRABAJO\Plan de trabajo consolidado_grupado.csv
09:40:01  [etl.sos]           ✓ INFO      [stdout] ✅ ÉXITO: Agrupado guardado en: C:\Users\Usuario\OneDrive - Universidad de los Andes\Escritorio\PROYECTO_EFICACIA\BASES\CIF\PLAN DE TRABAJO\Plan de trabajo consolidado_grupado.csv
09:40:01  [etl.nopresencia]   ✓ INFO      [stdout] ✅ ÉXITO: Agrupado guardado en: C:\Users\Usuario\OneDrive - Universidad de los Andes\Escritorio\PROYECTO_EFICACIA\BASES\CIF\PLAN DE TRABAJO\Plan de trabajo consolidado_grupado.csv
09:40:01  [etl.exhib_gratis]  ✓ INFO      [stdout] ✅ ÉXITO: Agrupado guardado en: C:\Users\Usuario\OneDrive - Universidad de los Andes\Escritorio\PROYECTO_EFICACIA\BASES\CIF\PLAN DE TRABAJO\Plan de trabajo consolidado_grupado.csv

Resumen agrupado (Primeros 5):
  ACRONIMO ID_PDV_INVOLVES  TIEMPO_SERVICIO_HORAS
0     None            None                    NaN
1    LE001           10032                    NaN
2    LE001           10033                    NaN
3    LE001           10035                    NaN
4    LE001           10036                    NaN
09:40:01  [etl.cif]           ✓ INFO      Paso 3 — Visitas Involves

========================================
 INICIANDO PASO 3: INVOLVES (CRUCE PRIORIZANDO BASE VENTAS)  (Abril_2026)
========================================
09:40:07  [etl.ventas]        ✓ INFO      Duración total: 125.0s
09:40:07  [etl.impactos]      ✓ INFO      ────────────────────────────────────────────────────────
09:40:07  [etl.impactos]      ✓ INFO      ETL Impactos D&P — iniciando
09:40:07  [etl.orquestador]   ✓ INFO      ETL 'ventas' terminó — ✓ OK en 125.0s
📍 Origen: C:\Users\Usuario\OneDrive - Universidad de los Andes\Escritorio\PROYECTO_EFICACIA\BASES\D&P\02. Impactos
📁 Salida: C:\Users\Usuario\OneDrive - Universidad de los Andes\Escritorio\PROYECTO_EFICACIA\SALIDA\D&P\Consolidado_Impactos.csv
✅ Archivos encontrados (2024+): 3
09:40:07  [etl.exhib_pagadas]  ✓ INFO      [stdout] ✅ Archivos encontrados (2024+): 3
09:40:07  [etl.precios]       ✓ INFO      [stdout] ✅ Archivos encontrados (2024+): 3
09:40:07  [etl.sos]           ✓ INFO      [stdout] ✅ Archivos encontrados (2024+): 3
09:40:07  [etl.nopresencia]   ✓ INFO      [stdout] ✅ Archivos encontrados (2024+): 3
09:40:07  [etl.exhib_gratis]  ✓ INFO      [stdout] ✅ Archivos encontrados (2024+): 3
09:40:07  [etl.impactos]      ✓ INFO      [stdout] ✅ Archivos encontrados (2024+): 3
  Modo upsert — reprocesando: 05. Mayo base impactos - cuota.xlsx
  → Procesando: 05. Mayo base impactos - cuota.xlsx
  ✅ Consolidado guardado: C:\Users\Usuario\OneDrive - Universidad de los Andes\Escritorio\PROYECTO_EFICACIA\SALIDA\D&P\Consolidado_Impactos.csv  (136 filas)
09:40:08  [etl.exhib_pagadas]  ✓ INFO      [stdout] ✅ Consolidado guardado: C:\Users\Usuario\OneDrive - Universidad de los Andes\Escritorio\PROYECTO_EFICACIA\SALIDA\D&P\Consolidado_Impactos.csv  (136 filas)
09:40:08  [etl.precios]       ✓ INFO      [stdout] ✅ Consolidado guardado: C:\Users\Usuario\OneDrive - Universidad de los Andes\Escritorio\PROYECTO_EFICACIA\SALIDA\D&P\Consolidado_Impactos.csv  (136 filas)
09:40:08  [etl.sos]           ✓ INFO      [stdout] ✅ Consolidado guardado: C:\Users\Usuario\OneDrive - Universidad de los Andes\Escritorio\PROYECTO_EFICACIA\SALIDA\D&P\Consolidado_Impactos.csv  (136 filas)
09:40:08  [etl.nopresencia]   ✓ INFO      [stdout] ✅ Consolidado guardado: C:\Users\Usuario\OneDrive - Universidad de los Andes\Escritorio\PROYECTO_EFICACIA\SALIDA\D&P\Consolidado_Impactos.csv  (136 filas)
09:40:08  [etl.exhib_gratis]  ✓ INFO      [stdout] ✅ Consolidado guardado: C:\Users\Usuario\OneDrive - Universidad de los Andes\Escritorio\PROYECTO_EFICACIA\SALIDA\D&P\Consolidado_Impactos.csv  (136 filas)
09:40:08  [etl.impactos]      ✓ INFO      [stdout] ✅ Consolidado guardado: C:\Users\Usuario\OneDrive - Universidad de los Andes\Escritorio\PROYECTO_EFICACIA\SALIDA\D&P\Consolidado_Impactos.csv  (136 filas)
09:40:09  [etl.impactos]      ✓ INFO      ETL Impactos D&P — completado (136 filas en consolidado)
09:40:09  [etl.impactos]      ✓ INFO      Duración total: 1.7s
09:40:09  [etl.orquestador]   ✓ INFO      ETL 'impactos' terminó — ✓ OK en 1.7s
C:\Users\Usuario\AppData\Local\Programs\Python\Python314\Lib\site-packages\openpyxl\styles\stylesheet.py:237: UserWarning: Workbook contains no default style, apply openpyxl's default
  warn("Workbook contains no default style, apply openpyxl's default")
✅ Análisis detallado guardado.
09:40:31  [etl.exhib_pagadas]  ✓ INFO      [stdout] ✅ Análisis detallado guardado.
09:40:31  [etl.precios]       ✓ INFO      [stdout] ✅ Análisis detallado guardado.
09:40:31  [etl.sos]           ✓ INFO      [stdout] ✅ Análisis detallado guardado.
09:40:31  [etl.nopresencia]   ✓ INFO      [stdout] ✅ Análisis detallado guardado.
09:40:31  [etl.exhib_gratis]  ✓ INFO      [stdout] ✅ Análisis detallado guardado.
09:40:31  [etl.precios]       ✓ INFO      Análisis detallado de precios generado

--- PASO KPI (V3): RESUMEN PRECIOS por gestor  (Abril_2026) ---
  Leyendo: REPORTE_CAPTURA_PRECIOS_ABRIL_2026.xlsx (173 filas)
  ✅ Mes activo: 39 gestores → PRECIOS_KPIS.xlsx
09:40:34  [etl.exhib_pagadas]  ✓ INFO      [stdout] ✅ Mes activo: 39 gestores → PRECIOS_KPIS.xlsx
09:40:34  [etl.precios]       ✓ INFO      [stdout] ✅ Mes activo: 39 gestores → PRECIOS_KPIS.xlsx
09:40:35  [etl.sos]           ✓ INFO      [stdout] ✅ Mes activo: 39 gestores → PRECIOS_KPIS.xlsx
09:40:35  [etl.nopresencia]   ✓ INFO      [stdout] ✅ Mes activo: 39 gestores → PRECIOS_KPIS.xlsx
09:40:35  [etl.exhib_gratis]  ✓ INFO      [stdout] ✅ Mes activo: 39 gestores → PRECIOS_KPIS.xlsx
  ✅ Histórico acumulado → PRECIOS_KPIS_HISTORICO.xlsx
09:40:35  [etl.exhib_pagadas]  ✓ INFO      [stdout] ✅ Histórico acumulado → PRECIOS_KPIS_HISTORICO.xlsx
09:40:35  [etl.precios]       ✓ INFO      [stdout] ✅ Histórico acumulado → PRECIOS_KPIS_HISTORICO.xlsx
09:40:35  [etl.sos]           ✓ INFO      [stdout] ✅ Histórico acumulado → PRECIOS_KPIS_HISTORICO.xlsx
09:40:35  [etl.nopresencia]   ✓ INFO      [stdout] ✅ Histórico acumulado → PRECIOS_KPIS_HISTORICO.xlsx
09:40:35  [etl.exhib_gratis]  ✓ INFO      [stdout] ✅ Histórico acumulado → PRECIOS_KPIS_HISTORICO.xlsx
09:40:35  [etl.precios]       ✓ INFO      KPI precios consolidado
09:40:35  [etl.precios]       ✓ INFO      ETL Precios — completado
09:40:35  [etl.precios]       ✓ INFO      Duración total: 240.1s
09:40:35  [etl.orquestador]   ✓ INFO      ETL 'precios' terminó — ✓ OK en 240.1s
EXITO: Encuestas creadas en C:\Users\Usuario\OneDrive - Universidad de los Andes\Escritorio\PROYECTO_EFICACIA\SALIDA\NO PRESENCIA\NO_PRESENCIA_PROCESADO_ABRIL_2026.xlsx
09:40:51  [etl.exhib_pagadas]  ✓ INFO      [stdout] EXITO: Encuestas creadas en C:\Users\Usuario\OneDrive - Universidad de los Andes\Escritorio\PROYECTO_EFICACIA\SALIDA\NO PRESENCIA\NO_PRESENCIA_PROCESADO_ABRIL_2026.xlsx
09:40:51  [etl.precios]       ✓ INFO      [stdout] EXITO: Encuestas creadas en C:\Users\Usuario\OneDrive - Universidad de los Andes\Escritorio\PROYECTO_EFICACIA\SALIDA\NO PRESENCIA\NO_PRESENCIA_PROCESADO_ABRIL_2026.xlsx
09:40:51  [etl.sos]           ✓ INFO      [stdout] EXITO: Encuestas creadas en C:\Users\Usuario\OneDrive - Universidad de los Andes\Escritorio\PROYECTO_EFICACIA\SALIDA\NO PRESENCIA\NO_PRESENCIA_PROCESADO_ABRIL_2026.xlsx
09:40:51  [etl.nopresencia]   ✓ INFO      [stdout] EXITO: Encuestas creadas en C:\Users\Usuario\OneDrive - Universidad de los Andes\Escritorio\PROYECTO_EFICACIA\SALIDA\NO PRESENCIA\NO_PRESENCIA_PROCESADO_ABRIL_2026.xlsx
09:40:51  [etl.exhib_gratis]  ✓ INFO      [stdout] EXITO: Encuestas creadas en C:\Users\Usuario\OneDrive - Universidad de los Andes\Escritorio\PROYECTO_EFICACIA\SALIDA\NO PRESENCIA\NO_PRESENCIA_PROCESADO_ABRIL_2026.xlsx
09:40:51  [etl.exhib_pagadas]  ✓ INFO      [stdout] EXITO: Encuestas creadas en C:\Users\Usuario\OneDrive - Universidad de los Andes\Escritorio\PROYECTO_EFICACIA\SALIDA\NO PRESENCIA\NO_PRESENCIA_PROCESADO_ABRIL_2026.xlsx
09:40:51  [etl.nopresencia]   ✓ INFO      Encuestas de No Presencia procesadas

--- INICIANDO: Bloque Plan de Trabajo (Semanas) ---
EXITO: Plan Procesado creado en C:\Users\Usuario\OneDrive - Universidad de los Andes\Escritorio\PROYECTO_EFICACIA\SALIDA\NO PRESENCIA\PLAN_TRABAJO_PROCESADO_ABRIL_2026.xlsx
09:41:14  [etl.exhib_pagadas]  ✓ INFO      [stdout] EXITO: Plan Procesado creado en C:\Users\Usuario\OneDrive - Universidad de los Andes\Escritorio\PROYECTO_EFICACIA\SALIDA\NO PRESENCIA\PLAN_TRABAJO_PROCESADO_ABRIL_2026.xlsx
09:41:14  [etl.precios]       ✓ INFO      [stdout] EXITO: Plan Procesado creado en C:\Users\Usuario\OneDrive - Universidad de los Andes\Escritorio\PROYECTO_EFICACIA\SALIDA\NO PRESENCIA\PLAN_TRABAJO_PROCESADO_ABRIL_2026.xlsx
09:41:14  [etl.sos]           ✓ INFO      [stdout] EXITO: Plan Procesado creado en C:\Users\Usuario\OneDrive - Universidad de los Andes\Escritorio\PROYECTO_EFICACIA\SALIDA\NO PRESENCIA\PLAN_TRABAJO_PROCESADO_ABRIL_2026.xlsx
09:41:14  [etl.nopresencia]   ✓ INFO      [stdout] EXITO: Plan Procesado creado en C:\Users\Usuario\OneDrive - Universidad de los Andes\Escritorio\PROYECTO_EFICACIA\SALIDA\NO PRESENCIA\PLAN_TRABAJO_PROCESADO_ABRIL_2026.xlsx
09:41:14  [etl.exhib_gratis]  ✓ INFO      [stdout] EXITO: Plan Procesado creado en C:\Users\Usuario\OneDrive - Universidad de los Andes\Escritorio\PROYECTO_EFICACIA\SALIDA\NO PRESENCIA\PLAN_TRABAJO_PROCESADO_ABRIL_2026.xlsx
09:41:14  [etl.exhib_pagadas]  ✓ INFO      [stdout] EXITO: Plan Procesado creado en C:\Users\Usuario\OneDrive - Universidad de los Andes\Escritorio\PROYECTO_EFICACIA\SALIDA\NO PRESENCIA\PLAN_TRABAJO_PROCESADO_ABRIL_2026.xlsx
09:41:14  [etl.nopresencia]   ✓ INFO      Plan de Trabajo por semanas procesado

--- GENERANDO MATRIZ COMPARATIVA FINAL ---
🏁 FINALIZADO: Reporte generado exitosamente en C:\Users\Usuario\OneDrive - Universidad de los Andes\Escritorio\PROYECTO_EFICACIA\SALIDA\NO PRESENCIA\REPORTE_NO_PRESENCIA_ABRIL_2026.xlsx
09:41:40  [etl.nopresencia]   ✓ INFO      Matriz de seguimiento generada

--- GENERANDO ANÁLISIS DE AGOTADOS (INVOLVES) ---
✅ ÉXITO: Reporte de Agotados generado en C:\Users\Usuario\OneDrive - Universidad de los Andes\Escritorio\PROYECTO_EFICACIA\SALIDA\NO PRESENCIA\ANALISIS_AGOTADOS_ABRIL_2026.xlsx
09:42:12  [etl.exhib_pagadas]  ✓ INFO      [stdout] ✅ ÉXITO: Reporte de Agotados generado en C:\Users\Usuario\OneDrive - Universidad de los Andes\Escritorio\PROYECTO_EFICACIA\SALIDA\NO PRESENCIA\ANALISIS_AGOTADOS_ABRIL_2026.xlsx
09:42:12  [etl.precios]       ✓ INFO      [stdout] ✅ ÉXITO: Reporte de Agotados generado en C:\Users\Usuario\OneDrive - Universidad de los Andes\Escritorio\PROYECTO_EFICACIA\SALIDA\NO PRESENCIA\ANALISIS_AGOTADOS_ABRIL_2026.xlsx
09:42:12  [etl.sos]           ✓ INFO      [stdout] ✅ ÉXITO: Reporte de Agotados generado en C:\Users\Usuario\OneDrive - Universidad de los Andes\Escritorio\PROYECTO_EFICACIA\SALIDA\NO PRESENCIA\ANALISIS_AGOTADOS_ABRIL_2026.xlsx
09:42:12  [etl.nopresencia]   ✓ INFO      [stdout] ✅ ÉXITO: Reporte de Agotados generado en C:\Users\Usuario\OneDrive - Universidad de los Andes\Escritorio\PROYECTO_EFICACIA\SALIDA\NO PRESENCIA\ANALISIS_AGOTADOS_ABRIL_2026.xlsx
09:42:12  [etl.exhib_gratis]  ✓ INFO      [stdout] ✅ ÉXITO: Reporte de Agotados generado en C:\Users\Usuario\OneDrive - Universidad de los Andes\Escritorio\PROYECTO_EFICACIA\SALIDA\NO PRESENCIA\ANALISIS_AGOTADOS_ABRIL_2026.xlsx
09:42:12  [etl.exhib_pagadas]  ✓ INFO      [stdout] ✅ ÉXITO: Reporte de Agotados generado en C:\Users\Usuario\OneDrive - Universidad de los Andes\Escritorio\PROYECTO_EFICACIA\SALIDA\NO PRESENCIA\ANALISIS_AGOTADOS_ABRIL_2026.xlsx
09:42:12  [etl.nopresencia]   ✓ INFO      Análisis de agotados generado

--- PASO KPI (V3): RESUMEN NP por gestor  (Abril_2026) ---
  Leyendo: REPORTE_NO_PRESENCIA_ABRIL_2026.xlsx (2236 filas)
    ✓ informe-gerencial-visitas_202604.xlsx — 154,664 filas
09:42:16  [etl.exhib_pagadas]  ✓ INFO      [stdout] ✓ informe-gerencial-visitas_202604.xlsx — 154,664 filas
09:42:16  [etl.precios]       ✓ INFO      [stdout] ✓ informe-gerencial-visitas_202604.xlsx — 154,664 filas
09:42:16  [etl.sos]           ✓ INFO      [stdout] ✓ informe-gerencial-visitas_202604.xlsx — 154,664 filas
09:42:16  [etl.nopresencia]   ✓ INFO      [stdout] ✓ informe-gerencial-visitas_202604.xlsx — 154,664 filas
09:42:16  [etl.exhib_gratis]  ✓ INFO      [stdout] ✓ informe-gerencial-visitas_202604.xlsx — 154,664 filas
09:42:16  [etl.exhib_pagadas]  ✓ INFO      [stdout] ✓ informe-gerencial-visitas_202604.xlsx — 154,664 filas
    🔎 Filtro Tipo de check-in: descartadas 142,612 filas 'Sin check-in' (92.2%); quedan 12,052 visitas efectivas.
  ✅ Mes activo: 151 gestores → NO_PRESENCIA_KPIS.xlsx
09:42:18  [etl.exhib_pagadas]  ✓ INFO      [stdout] ✅ Mes activo: 151 gestores → NO_PRESENCIA_KPIS.xlsx
09:42:18  [etl.precios]       ✓ INFO      [stdout] ✅ Mes activo: 151 gestores → NO_PRESENCIA_KPIS.xlsx
09:42:18  [etl.sos]           ✓ INFO      [stdout] ✅ Mes activo: 151 gestores → NO_PRESENCIA_KPIS.xlsx
09:42:18  [etl.nopresencia]   ✓ INFO      [stdout] ✅ Mes activo: 151 gestores → NO_PRESENCIA_KPIS.xlsx
09:42:18  [etl.exhib_gratis]  ✓ INFO      [stdout] ✅ Mes activo: 151 gestores → NO_PRESENCIA_KPIS.xlsx
09:42:18  [etl.exhib_pagadas]  ✓ INFO      [stdout] ✅ Mes activo: 151 gestores → NO_PRESENCIA_KPIS.xlsx
  ✅ Histórico acumulado → NO_PRESENCIA_KPIS_HISTORICO.xlsx
09:42:18  [etl.exhib_pagadas]  ✓ INFO      [stdout] ✅ Histórico acumulado → NO_PRESENCIA_KPIS_HISTORICO.xlsx
09:42:18  [etl.precios]       ✓ INFO      [stdout] ✅ Histórico acumulado → NO_PRESENCIA_KPIS_HISTORICO.xlsx
09:42:18  [etl.sos]           ✓ INFO      [stdout] ✅ Histórico acumulado → NO_PRESENCIA_KPIS_HISTORICO.xlsx
09:42:18  [etl.nopresencia]   ✓ INFO      [stdout] ✅ Histórico acumulado → NO_PRESENCIA_KPIS_HISTORICO.xlsx
09:42:18  [etl.exhib_gratis]  ✓ INFO      [stdout] ✅ Histórico acumulado → NO_PRESENCIA_KPIS_HISTORICO.xlsx
09:42:18  [etl.exhib_pagadas]  ✓ INFO      [stdout] ✅ Histórico acumulado → NO_PRESENCIA_KPIS_HISTORICO.xlsx
09:42:18  [etl.nopresencia]   ✓ INFO      KPI no presencia consolidado
09:42:18  [etl.nopresencia]   ✓ INFO      ETL No Presencia — completado

  Encuestas consolidadas: 6,543 filas
  Plan de trabajo:         3,813 filas
  Visitas realizadas:      12,052 filas

── Módulo 1: Exhibiciones Pagadas ───────────────
09:42:18  [etl.nopresencia]   ✓ INFO      Duración total: 342.8s
09:42:18  [etl.orquestador]   ✓ INFO      ETL 'nopresencia' terminó — ✓ OK en 342.8s
  Implementadas pagadas:          2,090 filas

── Módulo 2: Exhibiciones Gratis y Concurso ─────
  Implementadas gratis/concurso: 1,407 filas

── Consolidando output ──────────────────────────
✅ EXITO: Encuestas unidas (2 archivo(s)).
09:42:37  [etl.exhib_pagadas]  ✓ INFO      [stdout] ✅ EXITO: Encuestas unidas (2 archivo(s)).
09:42:37  [etl.precios]       ✓ INFO      [stdout] ✅ EXITO: Encuestas unidas (2 archivo(s)).
09:42:37  [etl.sos]           ✓ INFO      [stdout] ✅ EXITO: Encuestas unidas (2 archivo(s)).
09:42:37  [etl.nopresencia]   ✓ INFO      [stdout] ✅ EXITO: Encuestas unidas (2 archivo(s)).
09:42:37  [etl.exhib_gratis]  ✓ INFO      [stdout] ✅ EXITO: Encuestas unidas (2 archivo(s)).
09:42:37  [etl.exhib_pagadas]  ✓ INFO      [stdout] ✅ EXITO: Encuestas unidas (2 archivo(s)).
09:42:37  [etl.precios]       ✓ INFO      [stdout] ✅ EXITO: Encuestas unidas (2 archivo(s)).
09:42:37  [etl.sos]           ✓ INFO      Encuestas SOS consolidadas

--- PASO 3: Generando Reporte de Cumplimiento  (Abril_2026) ---

✓ Output escrito en: C:\Users\Usuario\OneDrive - Universidad de los Andes\Escritorio\PROYECTO_EFICACIA\SALIDA\EXHIBICIONES\Resultado exhibiciones gratis.xlsx
09:42:46  [etl.exhib_pagadas]  ✓ INFO      [stdout] ✓ Output escrito en: C:\Users\Usuario\OneDrive - Universidad de los Andes\Escritorio\PROYECTO_EFICACIA\SALIDA\EXHIBICIONES\Resultado exhibiciones gratis.xlsx
09:42:46  [etl.precios]       ✓ INFO      [stdout] ✓ Output escrito en: C:\Users\Usuario\OneDrive - Universidad de los Andes\Escritorio\PROYECTO_EFICACIA\SALIDA\EXHIBICIONES\Resultado exhibiciones gratis.xlsx
09:42:46  [etl.sos]           ✓ INFO      [stdout] ✓ Output escrito en: C:\Users\Usuario\OneDrive - Universidad de los Andes\Escritorio\PROYECTO_EFICACIA\SALIDA\EXHIBICIONES\Resultado exhibiciones gratis.xlsx
09:42:46  [etl.nopresencia]   ✓ INFO      [stdout] ✓ Output escrito en: C:\Users\Usuario\OneDrive - Universidad de los Andes\Escritorio\PROYECTO_EFICACIA\SALIDA\EXHIBICIONES\Resultado exhibiciones gratis.xlsx
09:42:46  [etl.exhib_gratis]  ✓ INFO      [stdout] ✓ Output escrito en: C:\Users\Usuario\OneDrive - Universidad de los Andes\Escritorio\PROYECTO_EFICACIA\SALIDA\EXHIBICIONES\Resultado exhibiciones gratis.xlsx
09:42:46  [etl.exhib_pagadas]  ✓ INFO      [stdout] ✓ Output escrito en: C:\Users\Usuario\OneDrive - Universidad de los Andes\Escritorio\PROYECTO_EFICACIA\SALIDA\EXHIBICIONES\Resultado exhibiciones gratis.xlsx
09:42:46  [etl.precios]       ✓ INFO      [stdout] ✓ Output escrito en: C:\Users\Usuario\OneDrive - Universidad de los Andes\Escritorio\PROYECTO_EFICACIA\SALIDA\EXHIBICIONES\Resultado exhibiciones gratis.xlsx

── Resumen de Exhibiciones ──────────────────────
  Total Exhibiciones:                           4,217
  Total Exhibiciones Gratis:                    1,685
  Total Exhibiciones Pagadas:                   2,533

  Total Exhibiciones Alto Impacto:              1,888
  Total Exhibiciones Medio Impacto:             2,328
─────────────────────────────────────────────────

--- KPI (V3): RESUMEN EXHIBICIONES GRATIS por empleado  (Abril_2026) ---
  Leyendo: Resultado exhibiciones gratis.xlsx (3497 filas)
  ✅ Mes activo: 118 empleados → EXHIBICIONES_GRATIS_KPIS.xlsx
09:42:51  [etl.exhib_pagadas]  ✓ INFO      [stdout] ✅ Mes activo: 118 empleados → EXHIBICIONES_GRATIS_KPIS.xlsx
09:42:51  [etl.precios]       ✓ INFO      [stdout] ✅ Mes activo: 118 empleados → EXHIBICIONES_GRATIS_KPIS.xlsx
09:42:51  [etl.sos]           ✓ INFO      [stdout] ✅ Mes activo: 118 empleados → EXHIBICIONES_GRATIS_KPIS.xlsx
09:42:51  [etl.nopresencia]   ✓ INFO      [stdout] ✅ Mes activo: 118 empleados → EXHIBICIONES_GRATIS_KPIS.xlsx
09:42:51  [etl.exhib_gratis]  ✓ INFO      [stdout] ✅ Mes activo: 118 empleados → EXHIBICIONES_GRATIS_KPIS.xlsx
09:42:51  [etl.exhib_pagadas]  ✓ INFO      [stdout] ✅ Mes activo: 118 empleados → EXHIBICIONES_GRATIS_KPIS.xlsx
09:42:51  [etl.precios]       ✓ INFO      [stdout] ✅ Mes activo: 118 empleados → EXHIBICIONES_GRATIS_KPIS.xlsx
  ✅ Histórico → EXHIBICIONES_GRATIS_KPIS_HISTORICO.xlsx
09:42:54  [etl.exhib_pagadas]  ✓ INFO      [stdout] ✅ Histórico → EXHIBICIONES_GRATIS_KPIS_HISTORICO.xlsx
09:42:54  [etl.precios]       ✓ INFO      [stdout] ✅ Histórico → EXHIBICIONES_GRATIS_KPIS_HISTORICO.xlsx
09:42:54  [etl.sos]           ✓ INFO      [stdout] ✅ Histórico → EXHIBICIONES_GRATIS_KPIS_HISTORICO.xlsx
09:42:54  [etl.nopresencia]   ✓ INFO      [stdout] ✅ Histórico → EXHIBICIONES_GRATIS_KPIS_HISTORICO.xlsx
09:42:54  [etl.exhib_gratis]  ✓ INFO      [stdout] ✅ Histórico → EXHIBICIONES_GRATIS_KPIS_HISTORICO.xlsx
09:42:54  [etl.exhib_pagadas]  ✓ INFO      [stdout] ✅ Histórico → EXHIBICIONES_GRATIS_KPIS_HISTORICO.xlsx
09:42:54  [etl.precios]       ✓ INFO      [stdout] ✅ Histórico → EXHIBICIONES_GRATIS_KPIS_HISTORICO.xlsx
09:42:54  [etl.exhib_gratis]  ✓ INFO      ETL Exhibiciones Gratis — completado
09:42:55  [etl.exhib_gratis]  ✓ INFO      Duración total: 379.0s
09:42:55  [etl.orquestador]   ✓ INFO      ETL 'exhib_gratis' terminó — ✓ OK en 379.0s
✅ EXITO: Reporte de capturas generado con Captura Planeada, Fechas y periodo Abril_2026.
09:43:18  [etl.exhib_pagadas]  ✓ INFO      [stdout] ✅ EXITO: Reporte de capturas generado con Captura Planeada, Fechas y periodo Abril_2026.
09:43:18  [etl.precios]       ✓ INFO      [stdout] ✅ EXITO: Reporte de capturas generado con Captura Planeada, Fechas y periodo Abril_2026.
09:43:18  [etl.sos]           ✓ INFO      [stdout] ✅ EXITO: Reporte de capturas generado con Captura Planeada, Fechas y periodo Abril_2026.
09:43:18  [etl.nopresencia]   ✓ INFO      [stdout] ✅ EXITO: Reporte de capturas generado con Captura Planeada, Fechas y periodo Abril_2026.
09:43:18  [etl.exhib_gratis]  ✓ INFO      [stdout] ✅ EXITO: Reporte de capturas generado con Captura Planeada, Fechas y periodo Abril_2026.
09:43:18  [etl.exhib_pagadas]  ✓ INFO      [stdout] ✅ EXITO: Reporte de capturas generado con Captura Planeada, Fechas y periodo Abril_2026.
09:43:18  [etl.precios]       ✓ INFO      [stdout] ✅ EXITO: Reporte de capturas generado con Captura Planeada, Fechas y periodo Abril_2026.
09:43:18  [etl.nopresencia]   ✓ INFO      [stdout] ✅ EXITO: Reporte de capturas generado con Captura Planeada, Fechas y periodo Abril_2026.
09:43:18  [etl.sos]           ✓ INFO      [stdout] ✅ EXITO: Reporte de capturas generado con Captura Planeada, Fechas y periodo Abril_2026.
09:43:18  [etl.cif]           ✓ INFO      [stdout] ✅ EXITO: Reporte de capturas generado con Captura Planeada, Fechas y periodo Abril_2026.
09:43:18  [etl.sos]           ✓ INFO      Cumplimiento de captura calculado

--- PASO 4: Normalizando Target  (Abril_2026) ---
📂 Archivo detectado: Colombia-sos-target-202604.xlsx
✅ Paso 3 finalizado. Condición de Checkout Manual obligatoria aplicada.
09:43:24  [etl.exhib_pagadas]  ✓ INFO      [stdout] ✅ Paso 3 finalizado. Condición de Checkout Manual obligatoria aplicada.
09:43:24  [etl.precios]       ✓ INFO      [stdout] ✅ Paso 3 finalizado. Condición de Checkout Manual obligatoria aplicada.
09:43:24  [etl.sos]           ✓ INFO      [stdout] ✅ Paso 3 finalizado. Condición de Checkout Manual obligatoria aplicada.
09:43:24  [etl.nopresencia]   ✓ INFO      [stdout] ✅ Paso 3 finalizado. Condición de Checkout Manual obligatoria aplicada.
09:43:24  [etl.exhib_gratis]  ✓ INFO      [stdout] ✅ Paso 3 finalizado. Condición de Checkout Manual obligatoria aplicada.
09:43:24  [etl.exhib_pagadas]  ✓ INFO      [stdout] ✅ Paso 3 finalizado. Condición de Checkout Manual obligatoria aplicada.
09:43:24  [etl.precios]       ✓ INFO      [stdout] ✅ Paso 3 finalizado. Condición de Checkout Manual obligatoria aplicada.
09:43:24  [etl.nopresencia]   ✓ INFO      [stdout] ✅ Paso 3 finalizado. Condición de Checkout Manual obligatoria aplicada.
09:43:24  [etl.sos]           ✓ INFO      [stdout] ✅ Paso 3 finalizado. Condición de Checkout Manual obligatoria aplicada.
09:43:24  [etl.cif]           ✓ INFO      [stdout] ✅ Paso 3 finalizado. Condición de Checkout Manual obligatoria aplicada.
09:43:24  [etl.cif]           ✓ INFO      Paso 4 — Justificaciones
C:\Users\Usuario\AppData\Local\Programs\Python\Python314\Lib\site-packages\openpyxl\styles\stylesheet.py:237: UserWarning: Workbook contains no default style, apply openpyxl's default
  warn("Workbook contains no default style, apply openpyxl's default")

========================================
 INICIANDO PASO 4: JUSTIFICACIONES (CRUCE PRIORIZANDO BASE VENTAS)  (Abril_2026)
========================================
✅ EXITO: Target normalizado guardado en: C:\Users\Usuario\OneDrive - Universidad de los Andes\Escritorio\PROYECTO_EFICACIA\BASES\SOS\Colombia_sos_target_Normalizado.xlsx
09:43:51  [etl.exhib_pagadas]  ✓ INFO      [stdout] ✅ EXITO: Target normalizado guardado en: C:\Users\Usuario\OneDrive - Universidad de los Andes\Escritorio\PROYECTO_EFICACIA\BASES\SOS\Colombia_sos_target_Normalizado.xlsx
09:43:51  [etl.precios]       ✓ INFO      [stdout] ✅ EXITO: Target normalizado guardado en: C:\Users\Usuario\OneDrive - Universidad de los Andes\Escritorio\PROYECTO_EFICACIA\BASES\SOS\Colombia_sos_target_Normalizado.xlsx
09:43:51  [etl.sos]           ✓ INFO      [stdout] ✅ EXITO: Target normalizado guardado en: C:\Users\Usuario\OneDrive - Universidad de los Andes\Escritorio\PROYECTO_EFICACIA\BASES\SOS\Colombia_sos_target_Normalizado.xlsx
09:43:51  [etl.nopresencia]   ✓ INFO      [stdout] ✅ EXITO: Target normalizado guardado en: C:\Users\Usuario\OneDrive - Universidad de los Andes\Escritorio\PROYECTO_EFICACIA\BASES\SOS\Colombia_sos_target_Normalizado.xlsx
09:43:51  [etl.exhib_gratis]  ✓ INFO      [stdout] ✅ EXITO: Target normalizado guardado en: C:\Users\Usuario\OneDrive - Universidad de los Andes\Escritorio\PROYECTO_EFICACIA\BASES\SOS\Colombia_sos_target_Normalizado.xlsx
09:43:51  [etl.exhib_pagadas]  ✓ INFO      [stdout] ✅ EXITO: Target normalizado guardado en: C:\Users\Usuario\OneDrive - Universidad de los Andes\Escritorio\PROYECTO_EFICACIA\BASES\SOS\Colombia_sos_target_Normalizado.xlsx
09:43:51  [etl.precios]       ✓ INFO      [stdout] ✅ EXITO: Target normalizado guardado en: C:\Users\Usuario\OneDrive - Universidad de los Andes\Escritorio\PROYECTO_EFICACIA\BASES\SOS\Colombia_sos_target_Normalizado.xlsx
09:43:51  [etl.nopresencia]   ✓ INFO      [stdout] ✅ EXITO: Target normalizado guardado en: C:\Users\Usuario\OneDrive - Universidad de los Andes\Escritorio\PROYECTO_EFICACIA\BASES\SOS\Colombia_sos_target_Normalizado.xlsx
09:43:51  [etl.sos]           ✓ INFO      [stdout] ✅ EXITO: Target normalizado guardado en: C:\Users\Usuario\OneDrive - Universidad de los Andes\Escritorio\PROYECTO_EFICACIA\BASES\SOS\Colombia_sos_target_Normalizado.xlsx
09:43:51  [etl.cif]           ✓ INFO      [stdout] ✅ EXITO: Target normalizado guardado en: C:\Users\Usuario\OneDrive - Universidad de los Andes\Escritorio\PROYECTO_EFICACIA\BASES\SOS\Colombia_sos_target_Normalizado.xlsx
09:43:51  [etl.sos]           ✓ INFO      Target normalizado

--- PASO 5: Generando Reporte Final (Cruce Triple y Cálculos)  (Abril_2026) ---
⚠️  No se pudo leer el reporte SOS previo (Reindexing only valid with uniquely valued Index objects); se sobrescribe.
09:44:20  [etl.exhib_pagadas]  ⚠ WARNING   [stdout] ⚠️  No se pudo leer el reporte SOS previo (Reindexing only valid with uniquely valued Index objects); se sobrescribe.
09:44:20  [etl.precios]       ⚠ WARNING   [stdout] ⚠️  No se pudo leer el reporte SOS previo (Reindexing only valid with uniquely valued Index objects); se sobrescribe.
09:44:20  [etl.sos]           ⚠ WARNING   [stdout] ⚠️  No se pudo leer el reporte SOS previo (Reindexing only valid with uniquely valued Index objects); se sobrescribe.
09:44:20  [etl.nopresencia]   ⚠ WARNING   [stdout] ⚠️  No se pudo leer el reporte SOS previo (Reindexing only valid with uniquely valued Index objects); se sobrescribe.
09:44:20  [etl.exhib_gratis]  ⚠ WARNING   [stdout] ⚠️  No se pudo leer el reporte SOS previo (Reindexing only valid with uniquely valued Index objects); se sobrescribe.
09:44:20  [etl.exhib_pagadas]  ⚠ WARNING   [stdout] ⚠️  No se pudo leer el reporte SOS previo (Reindexing only valid with uniquely valued Index objects); se sobrescribe.
09:44:20  [etl.precios]       ⚠ WARNING   [stdout] ⚠️  No se pudo leer el reporte SOS previo (Reindexing only valid with uniquely valued Index objects); se sobrescribe.
09:44:20  [etl.nopresencia]   ⚠ WARNING   [stdout] ⚠️  No se pudo leer el reporte SOS previo (Reindexing only valid with uniquely valued Index objects); se sobrescribe.
09:44:20  [etl.sos]           ⚠ WARNING   [stdout] ⚠️  No se pudo leer el reporte SOS previo (Reindexing only valid with uniquely valued Index objects); se sobrescribe.
09:44:20  [etl.cif]           ⚠ WARNING   [stdout] ⚠️  No se pudo leer el reporte SOS previo (Reindexing only valid with uniquely valued Index objects); se sobrescribe.
✅ EXITO: Reporte Final SOS (Abril_2026) generado en: C:\Users\Usuario\OneDrive - Universidad de los Andes\Escritorio\PROYECTO_EFICACIA\SALIDA\SOS\Reporte_SOS_Final_Calculado.xlsx
09:44:28  [etl.exhib_pagadas]  ✓ INFO      [stdout] ✅ EXITO: Reporte Final SOS (Abril_2026) generado en: C:\Users\Usuario\OneDrive - Universidad de los Andes\Escritorio\PROYECTO_EFICACIA\SALIDA\SOS\Reporte_SOS_Final_Calculado.xlsx
09:44:28  [etl.precios]       ✓ INFO      [stdout] ✅ EXITO: Reporte Final SOS (Abril_2026) generado en: C:\Users\Usuario\OneDrive - Universidad de los Andes\Escritorio\PROYECTO_EFICACIA\SALIDA\SOS\Reporte_SOS_Final_Calculado.xlsx
09:44:28  [etl.sos]           ✓ INFO      [stdout] ✅ EXITO: Reporte Final SOS (Abril_2026) generado en: C:\Users\Usuario\OneDrive - Universidad de los Andes\Escritorio\PROYECTO_EFICACIA\SALIDA\SOS\Reporte_SOS_Final_Calculado.xlsx
09:44:28  [etl.nopresencia]   ✓ INFO      [stdout] ✅ EXITO: Reporte Final SOS (Abril_2026) generado en: C:\Users\Usuario\OneDrive - Universidad de los Andes\Escritorio\PROYECTO_EFICACIA\SALIDA\SOS\Reporte_SOS_Final_Calculado.xlsx
09:44:28  [etl.exhib_gratis]  ✓ INFO      [stdout] ✅ EXITO: Reporte Final SOS (Abril_2026) generado en: C:\Users\Usuario\OneDrive - Universidad de los Andes\Escritorio\PROYECTO_EFICACIA\SALIDA\SOS\Reporte_SOS_Final_Calculado.xlsx
09:44:28  [etl.exhib_pagadas]  ✓ INFO      [stdout] ✅ EXITO: Reporte Final SOS (Abril_2026) generado en: C:\Users\Usuario\OneDrive - Universidad de los Andes\Escritorio\PROYECTO_EFICACIA\SALIDA\SOS\Reporte_SOS_Final_Calculado.xlsx
09:44:28  [etl.precios]       ✓ INFO      [stdout] ✅ EXITO: Reporte Final SOS (Abril_2026) generado en: C:\Users\Usuario\OneDrive - Universidad de los Andes\Escritorio\PROYECTO_EFICACIA\SALIDA\SOS\Reporte_SOS_Final_Calculado.xlsx
09:44:28  [etl.nopresencia]   ✓ INFO      [stdout] ✅ EXITO: Reporte Final SOS (Abril_2026) generado en: C:\Users\Usuario\OneDrive - Universidad de los Andes\Escritorio\PROYECTO_EFICACIA\SALIDA\SOS\Reporte_SOS_Final_Calculado.xlsx
09:44:28  [etl.sos]           ✓ INFO      [stdout] ✅ EXITO: Reporte Final SOS (Abril_2026) generado en: C:\Users\Usuario\OneDrive - Universidad de los Andes\Escritorio\PROYECTO_EFICACIA\SALIDA\SOS\Reporte_SOS_Final_Calculado.xlsx
09:44:28  [etl.cif]           ✓ INFO      [stdout] ✅ EXITO: Reporte Final SOS (Abril_2026) generado en: C:\Users\Usuario\OneDrive - Universidad de los Andes\Escritorio\PROYECTO_EFICACIA\SALIDA\SOS\Reporte_SOS_Final_Calculado.xlsx
09:44:28  [etl.sos]           ✓ INFO      Cruce triple y cálculo SOS completado

--- PASO 6 (V3): RESUMEN KPI SOS por gestor  (Abril_2026) ---
  Leyendo: Cumplimiento_Captura_SOS.xlsx (497 filas)
  ✅ Mes activo: 121 gestores → SOS_KPIS.xlsx
09:44:32  [etl.exhib_pagadas]  ✓ INFO      [stdout] ✅ Mes activo: 121 gestores → SOS_KPIS.xlsx
09:44:32  [etl.precios]       ✓ INFO      [stdout] ✅ Mes activo: 121 gestores → SOS_KPIS.xlsx
09:44:32  [etl.sos]           ✓ INFO      [stdout] ✅ Mes activo: 121 gestores → SOS_KPIS.xlsx
09:44:32  [etl.nopresencia]   ✓ INFO      [stdout] ✅ Mes activo: 121 gestores → SOS_KPIS.xlsx
09:44:32  [etl.exhib_gratis]  ✓ INFO      [stdout] ✅ Mes activo: 121 gestores → SOS_KPIS.xlsx
09:44:32  [etl.exhib_pagadas]  ✓ INFO      [stdout] ✅ Mes activo: 121 gestores → SOS_KPIS.xlsx
09:44:32  [etl.precios]       ✓ INFO      [stdout] ✅ Mes activo: 121 gestores → SOS_KPIS.xlsx
09:44:32  [etl.nopresencia]   ✓ INFO      [stdout] ✅ Mes activo: 121 gestores → SOS_KPIS.xlsx
09:44:32  [etl.sos]           ✓ INFO      [stdout] ✅ Mes activo: 121 gestores → SOS_KPIS.xlsx
09:44:32  [etl.cif]           ✓ INFO      [stdout] ✅ Mes activo: 121 gestores → SOS_KPIS.xlsx
  ✅ Histórico acumulado → SOS_KPIS_HISTORICO.xlsx
09:44:32  [etl.exhib_pagadas]  ✓ INFO      [stdout] ✅ Histórico acumulado → SOS_KPIS_HISTORICO.xlsx
09:44:32  [etl.precios]       ✓ INFO      [stdout] ✅ Histórico acumulado → SOS_KPIS_HISTORICO.xlsx
09:44:32  [etl.sos]           ✓ INFO      [stdout] ✅ Histórico acumulado → SOS_KPIS_HISTORICO.xlsx
09:44:32  [etl.nopresencia]   ✓ INFO      [stdout] ✅ Histórico acumulado → SOS_KPIS_HISTORICO.xlsx
09:44:32  [etl.exhib_gratis]  ✓ INFO      [stdout] ✅ Histórico acumulado → SOS_KPIS_HISTORICO.xlsx
09:44:32  [etl.exhib_pagadas]  ✓ INFO      [stdout] ✅ Histórico acumulado → SOS_KPIS_HISTORICO.xlsx
09:44:32  [etl.precios]       ✓ INFO      [stdout] ✅ Histórico acumulado → SOS_KPIS_HISTORICO.xlsx
09:44:32  [etl.nopresencia]   ✓ INFO      [stdout] ✅ Histórico acumulado → SOS_KPIS_HISTORICO.xlsx
09:44:32  [etl.sos]           ✓ INFO      [stdout] ✅ Histórico acumulado → SOS_KPIS_HISTORICO.xlsx
09:44:32  [etl.cif]           ✓ INFO      [stdout] ✅ Histórico acumulado → SOS_KPIS_HISTORICO.xlsx
09:44:32  [etl.sos]           ✓ INFO      KPI SOS consolidado
09:44:32  [etl.sos]           ✓ INFO      ETL SOS — completado
09:44:33  [etl.sos]           ✓ INFO      Duración total: 477.4s
09:44:33  [etl.orquestador]   ✓ INFO      ETL 'sos' terminó — ✓ OK en 477.4s
✅ Paso 4 finalizado: IDs unificados (Ventas > Plan) y justificaciones procesadas.
09:45:28  [etl.exhib_pagadas]  ✓ INFO      [stdout] ✅ Paso 4 finalizado: IDs unificados (Ventas > Plan) y justificaciones procesadas.
09:45:28  [etl.precios]       ✓ INFO      [stdout] ✅ Paso 4 finalizado: IDs unificados (Ventas > Plan) y justificaciones procesadas.
09:45:28  [etl.sos]           ✓ INFO      [stdout] ✅ Paso 4 finalizado: IDs unificados (Ventas > Plan) y justificaciones procesadas.
09:45:28  [etl.nopresencia]   ✓ INFO      [stdout] ✅ Paso 4 finalizado: IDs unificados (Ventas > Plan) y justificaciones procesadas.
09:45:28  [etl.exhib_gratis]  ✓ INFO      [stdout] ✅ Paso 4 finalizado: IDs unificados (Ventas > Plan) y justificaciones procesadas.
09:45:28  [etl.exhib_pagadas]  ✓ INFO      [stdout] ✅ Paso 4 finalizado: IDs unificados (Ventas > Plan) y justificaciones procesadas.
09:45:28  [etl.precios]       ✓ INFO      [stdout] ✅ Paso 4 finalizado: IDs unificados (Ventas > Plan) y justificaciones procesadas.
09:45:28  [etl.nopresencia]   ✓ INFO      [stdout] ✅ Paso 4 finalizado: IDs unificados (Ventas > Plan) y justificaciones procesadas.
09:45:28  [etl.cif]           ✓ INFO      Paso 5 — Agrupación visitas (unificación gestores)

========================================
 INICIANDO PASO 5: CONSOLIDACIÓN (CORRECCIÓN DE ID FORMATO .0)
========================================
✅ ¡Proceso Limpio! IDs corregidos y apoyos sumados al Gestor.
09:45:28  [etl.exhib_pagadas]  ✓ INFO      [stdout] ✅ ¡Proceso Limpio! IDs corregidos y apoyos sumados al Gestor.
09:45:28  [etl.precios]       ✓ INFO      [stdout] ✅ ¡Proceso Limpio! IDs corregidos y apoyos sumados al Gestor.
09:45:28  [etl.sos]           ✓ INFO      [stdout] ✅ ¡Proceso Limpio! IDs corregidos y apoyos sumados al Gestor.
09:45:28  [etl.nopresencia]   ✓ INFO      [stdout] ✅ ¡Proceso Limpio! IDs corregidos y apoyos sumados al Gestor.
09:45:28  [etl.exhib_gratis]  ✓ INFO      [stdout] ✅ ¡Proceso Limpio! IDs corregidos y apoyos sumados al Gestor.
09:45:28  [etl.exhib_pagadas]  ✓ INFO      [stdout] ✅ ¡Proceso Limpio! IDs corregidos y apoyos sumados al Gestor.
09:45:28  [etl.precios]       ✓ INFO      [stdout] ✅ ¡Proceso Limpio! IDs corregidos y apoyos sumados al Gestor.
09:45:28  [etl.nopresencia]   ✓ INFO      [stdout] ✅ ¡Proceso Limpio! IDs corregidos y apoyos sumados al Gestor.
09:45:28  [etl.cif]           ✓ INFO      Paso 6 — Generación de alertas de tiempos inconsistentes

========================================
 INICIANDO PASO 6: GENERACIÓN DE ALERTAS (RUTA CIF SALIDA)
========================================
⚠️ AUDITORÍA: Se detectaron 63 registros con tiempos > 9h.
09:45:29  [etl.exhib_pagadas]  ⚠ WARNING   [stdout] ⚠️ AUDITORÍA: Se detectaron 63 registros con tiempos > 9h.
09:45:29  [etl.precios]       ⚠ WARNING   [stdout] ⚠️ AUDITORÍA: Se detectaron 63 registros con tiempos > 9h.
09:45:29  [etl.sos]           ⚠ WARNING   [stdout] ⚠️ AUDITORÍA: Se detectaron 63 registros con tiempos > 9h.
09:45:29  [etl.nopresencia]   ⚠ WARNING   [stdout] ⚠️ AUDITORÍA: Se detectaron 63 registros con tiempos > 9h.
09:45:29  [etl.exhib_gratis]  ⚠ WARNING   [stdout] ⚠️ AUDITORÍA: Se detectaron 63 registros con tiempos > 9h.
09:45:29  [etl.exhib_pagadas]  ⚠ WARNING   [stdout] ⚠️ AUDITORÍA: Se detectaron 63 registros con tiempos > 9h.
09:45:29  [etl.precios]       ⚠ WARNING   [stdout] ⚠️ AUDITORÍA: Se detectaron 63 registros con tiempos > 9h.
09:45:29  [etl.nopresencia]   ⚠ WARNING   [stdout] ⚠️ AUDITORÍA: Se detectaron 63 registros con tiempos > 9h.
📁 Archivo de alertas generado en: C:\Users\Usuario\OneDrive - Universidad de los Andes\Escritorio\PROYECTO_EFICACIA\SALIDA\CIF\ALERTAS_TIEMPOS_INCONSISTENTES.csv
========================================
09:45:29  [etl.cif]           ✓ INFO      Paso 7 — Resultado final Excel

========================================
 INICIANDO PASO 7: ESTRUCTURACIÓN FINAL  (Abril_2026)
========================================
📅 Periodo confirmado: 04/2026
  🔧 H4 fallback: 312 filas del plan rescatadas via CEDULA.
✅ ¡LISTO! Excel generado para el periodo 4/2026.
09:45:33  [etl.exhib_pagadas]  ✓ INFO      [stdout] ✅ ¡LISTO! Excel generado para el periodo 4/2026.
09:45:33  [etl.precios]       ✓ INFO      [stdout] ✅ ¡LISTO! Excel generado para el periodo 4/2026.
09:45:33  [etl.sos]           ✓ INFO      [stdout] ✅ ¡LISTO! Excel generado para el periodo 4/2026.
09:45:33  [etl.nopresencia]   ✓ INFO      [stdout] ✅ ¡LISTO! Excel generado para el periodo 4/2026.
09:45:33  [etl.exhib_gratis]  ✓ INFO      [stdout] ✅ ¡LISTO! Excel generado para el periodo 4/2026.
09:45:33  [etl.exhib_pagadas]  ✓ INFO      [stdout] ✅ ¡LISTO! Excel generado para el periodo 4/2026.
09:45:33  [etl.precios]       ✓ INFO      [stdout] ✅ ¡LISTO! Excel generado para el periodo 4/2026.
09:45:33  [etl.nopresencia]   ✓ INFO      [stdout] ✅ ¡LISTO! Excel generado para el periodo 4/2026.
📁 C:\Users\Usuario\OneDrive - Universidad de los Andes\Escritorio\PROYECTO_EFICACIA\SALIDA\CIF\CIF.xlsx
📁 C:\Users\Usuario\OneDrive - Universidad de los Andes\Escritorio\PROYECTO_EFICACIA\SALIDA\CIF\Plan de trabajo.xlsx  (alias legacy)
========================================
09:45:33  [etl.cif]           ✓ INFO      Paso 8 — KPIs por gestor

========================================
 INICIANDO PASO 8: RESUMEN KPIS POR GESTOR (V3)  (Abril_2026)
========================================
  Leyendo: C:\Users\Usuario\OneDrive - Universidad de los Andes\Escritorio\PROYECTO_EFICACIA\SALIDA\CIF\CIF.xlsx
  ✅ Mes activo  (04/2026): 152 gestores → KPIS_CIF.xlsx
09:45:34  [etl.exhib_pagadas]  ✓ INFO      [stdout] ✅ Mes activo  (04/2026): 152 gestores → KPIS_CIF.xlsx
09:45:34  [etl.precios]       ✓ INFO      [stdout] ✅ Mes activo  (04/2026): 152 gestores → KPIS_CIF.xlsx
09:45:34  [etl.sos]           ✓ INFO      [stdout] ✅ Mes activo  (04/2026): 152 gestores → KPIS_CIF.xlsx
09:45:34  [etl.nopresencia]   ✓ INFO      [stdout] ✅ Mes activo  (04/2026): 152 gestores → KPIS_CIF.xlsx
09:45:34  [etl.exhib_gratis]  ✓ INFO      [stdout] ✅ Mes activo  (04/2026): 152 gestores → KPIS_CIF.xlsx
09:45:34  [etl.exhib_pagadas]  ✓ INFO      [stdout] ✅ Mes activo  (04/2026): 152 gestores → KPIS_CIF.xlsx
09:45:34  [etl.precios]       ✓ INFO      [stdout] ✅ Mes activo  (04/2026): 152 gestores → KPIS_CIF.xlsx
09:45:34  [etl.nopresencia]   ✓ INFO      [stdout] ✅ Mes activo  (04/2026): 152 gestores → KPIS_CIF.xlsx
  ✅ Histórico: 453 filas totales → KPIS_CIF_HISTORICO.xlsx
09:45:34  [etl.exhib_pagadas]  ✓ INFO      [stdout] ✅ Histórico: 453 filas totales → KPIS_CIF_HISTORICO.xlsx
09:45:34  [etl.precios]       ✓ INFO      [stdout] ✅ Histórico: 453 filas totales → KPIS_CIF_HISTORICO.xlsx
09:45:34  [etl.sos]           ✓ INFO      [stdout] ✅ Histórico: 453 filas totales → KPIS_CIF_HISTORICO.xlsx
09:45:34  [etl.nopresencia]   ✓ INFO      [stdout] ✅ Histórico: 453 filas totales → KPIS_CIF_HISTORICO.xlsx
09:45:34  [etl.exhib_gratis]  ✓ INFO      [stdout] ✅ Histórico: 453 filas totales → KPIS_CIF_HISTORICO.xlsx
09:45:34  [etl.exhib_pagadas]  ✓ INFO      [stdout] ✅ Histórico: 453 filas totales → KPIS_CIF_HISTORICO.xlsx
09:45:34  [etl.precios]       ✓ INFO      [stdout] ✅ Histórico: 453 filas totales → KPIS_CIF_HISTORICO.xlsx
09:45:34  [etl.nopresencia]   ✓ INFO      [stdout] ✅ Histórico: 453 filas totales → KPIS_CIF_HISTORICO.xlsx
========================================
09:45:34  [etl.cif]           ✓ INFO      ETL CIF — completado
09:45:34  [etl.cif]           ✓ INFO      Duración total: 539.5s
09:45:34  [etl.orquestador]   ✓ INFO      ETL 'cif' terminó — ✓ OK en 539.5s
09:45:34  [etl.orquestador]   ✓ INFO      ════════════════════════════════════════════════════════
09:45:34  [etl.orquestador]   ✓ INFO      REPORTE DE EJECUCIÓN
09:45:34  [etl.orquestador]   ✓ INFO      ════════════════════════════════════════════════════════
09:45:34  [etl.orquestador]   ✓ INFO        ETL                    Estado           Tiempo
09:45:34  [etl.orquestador]   ✓ INFO        ────────────────────── ────────────── ────────
09:45:34  [etl.orquestador]   ✓ INFO        cif                    ✓ OK             539.5s
09:45:34  [etl.orquestador]   ✓ INFO        nopresencia            ✓ OK             342.8s
09:45:34  [etl.orquestador]   ✓ INFO        precios                ✓ OK             240.1s
09:45:34  [etl.orquestador]   ✓ INFO        sos                    ✓ OK             477.4s
09:45:34  [etl.orquestador]   ✓ INFO        exhib_pagadas          ✓ OK              79.4s
09:45:34  [etl.orquestador]   ✓ INFO        exhib_gratis           ✓ OK             379.0s
09:45:34  [etl.orquestador]   ✓ INFO        ventas                 ✓ OK             125.0s
09:45:34  [etl.orquestador]   ✓ INFO        impactos               ✓ OK               1.7s
09:45:34  [etl.orquestador]   ✓ INFO        ────────────────────── ────────────── ────────
09:45:34  [etl.orquestador]   ✓ INFO        shared_loader          ✓ OK               3.1s
09:45:34  [etl.orquestador]   ✓ INFO        TOTAL (paralelo)                        542.6s
09:45:34  [etl.orquestador]   ✓ INFO        Sin paralelismo (est.)                 2188.2s
09:45:34  [etl.orquestador]   ✓ INFO        Ahorro estimado                        1645.6s
09:45:34  [etl.orquestador]   ✓ INFO      ────────────────────────────────────────────────────────
09:45:34  [etl.orquestador]   ✓ INFO      Eventos: 0 CRITICAL  |  0 ERROR  |  27 WARNING
09:45:34  [etl.orquestador]   ✓ INFO      ························································
09:45:34  [etl.orquestador]   ✓ INFO        WARNING (27)
09:45:34  [etl.orquestador]   ✓ INFO      ························································
09:45:34  [etl.orquestador]   ✓ INFO        09:25:40  [shared_loader]     [DIRECTO] Módulo 'precios': el filtro devolvió 0 filas (columna 'PRECIOS' sin valores = 1, o IDs sin coincidencia en el PT)
09:45:34  [etl.orquestador]   ✓ INFO        09:34:45  [exhib_pagadas]     [stdout] ⚠️  No se pudo leer el reporte SOS previo (Reindexing only valid with uniquely valued Index objects); se sobrescribe.
09:45:34  [etl.orquestador]   ✓ INFO        09:34:45  [precios]           [stdout] ⚠️  No se pudo leer el reporte SOS previo (Reindexing only valid with uniquely valued Index objects); se sobrescribe.
09:45:34  [etl.orquestador]   ✓ INFO        09:34:45  [sos]               [stdout] ⚠️  No se pudo leer el reporte SOS previo (Reindexing only valid with uniquely valued Index objects); se sobrescribe.
09:45:34  [etl.orquestador]   ✓ INFO        09:34:45  [nopresencia]       [stdout] ⚠️  No se pudo leer el reporte SOS previo (Reindexing only valid with uniquely valued Index objects); se sobrescribe.
09:45:34  [etl.orquestador]   ✓ INFO        09:36:27  [exhib_pagadas]     [stdout] ⚠️ AUDITORÍA: Se detectaron 26 registros con tiempos > 9h.
09:45:34  [etl.orquestador]   ✓ INFO        09:36:27  [precios]           [stdout] ⚠️ AUDITORÍA: Se detectaron 26 registros con tiempos > 9h.
09:45:34  [etl.orquestador]   ✓ INFO        09:36:27  [sos]               [stdout] ⚠️ AUDITORÍA: Se detectaron 26 registros con tiempos > 9h.
09:45:34  [etl.orquestador]   ✓ INFO        09:36:35  [shared_loader]     [DIRECTO] Módulo 'precios': el filtro devolvió 0 filas (columna 'PRECIOS' sin valores = 1, o IDs sin coincidencia en el PT)
09:45:34  [etl.orquestador]   ✓ INFO        09:44:20  [exhib_pagadas]     [stdout] ⚠️  No se pudo leer el reporte SOS previo (Reindexing only valid with uniquely valued Index objects); se sobrescribe.
09:45:34  [etl.orquestador]   ✓ INFO        09:44:20  [precios]           [stdout] ⚠️  No se pudo leer el reporte SOS previo (Reindexing only valid with uniquely valued Index objects); se sobrescribe.
09:45:34  [etl.orquestador]   ✓ INFO        09:44:20  [sos]               [stdout] ⚠️  No se pudo leer el reporte SOS previo (Reindexing only valid with uniquely valued Index objects); se sobrescribe.
09:45:34  [etl.orquestador]   ✓ INFO        09:44:20  [nopresencia]       [stdout] ⚠️  No se pudo leer el reporte SOS previo (Reindexing only valid with uniquely valued Index objects); se sobrescribe.
09:45:34  [etl.orquestador]   ✓ INFO        09:44:20  [exhib_gratis]      [stdout] ⚠️  No se pudo leer el reporte SOS previo (Reindexing only valid with uniquely valued Index objects); se sobrescribe.
09:45:34  [etl.orquestador]   ✓ INFO        09:44:20  [exhib_pagadas]     [stdout] ⚠️  No se pudo leer el reporte SOS previo (Reindexing only valid with uniquely valued Index objects); se sobrescribe.
09:45:34  [etl.orquestador]   ✓ INFO        09:44:20  [precios]           [stdout] ⚠️  No se pudo leer el reporte SOS previo (Reindexing only valid with uniquely valued Index objects); se sobrescribe.
09:45:34  [etl.orquestador]   ✓ INFO        09:44:20  [nopresencia]       [stdout] ⚠️  No se pudo leer el reporte SOS previo (Reindexing only valid with uniquely valued Index objects); se sobrescribe.
09:45:34  [etl.orquestador]   ✓ INFO        09:44:20  [sos]               [stdout] ⚠️  No se pudo leer el reporte SOS previo (Reindexing only valid with uniquely valued Index objects); se sobrescribe.
09:45:34  [etl.orquestador]   ✓ INFO        09:44:20  [cif]               [stdout] ⚠️  No se pudo leer el reporte SOS previo (Reindexing only valid with uniquely valued Index objects); se sobrescribe.
09:45:34  [etl.orquestador]   ✓ INFO        09:45:29  [exhib_pagadas]     [stdout] ⚠️ AUDITORÍA: Se detectaron 63 registros con tiempos > 9h.
09:45:34  [etl.orquestador]   ✓ INFO        09:45:29  [precios]           [stdout] ⚠️ AUDITORÍA: Se detectaron 63 registros con tiempos > 9h.
09:45:34  [etl.orquestador]   ✓ INFO        09:45:29  [sos]               [stdout] ⚠️ AUDITORÍA: Se detectaron 63 registros con tiempos > 9h.
09:45:34  [etl.orquestador]   ✓ INFO        09:45:29  [nopresencia]       [stdout] ⚠️ AUDITORÍA: Se detectaron 63 registros con tiempos > 9h.
09:45:34  [etl.orquestador]   ✓ INFO        09:45:29  [exhib_gratis]      [stdout] ⚠️ AUDITORÍA: Se detectaron 63 registros con tiempos > 9h.
09:45:34  [etl.orquestador]   ✓ INFO        09:45:29  [exhib_pagadas]     [stdout] ⚠️ AUDITORÍA: Se detectaron 63 registros con tiempos > 9h.
09:45:34  [etl.orquestador]   ✓ INFO        09:45:29  [precios]           [stdout] ⚠️ AUDITORÍA: Se detectaron 63 registros con tiempos > 9h.
09:45:34  [etl.orquestador]   ✓ INFO        09:45:29  [nopresencia]       [stdout] ⚠️ AUDITORÍA: Se detectaron 63 registros con tiempos > 9h.
09:45:34  [etl.orquestador]   ✓ INFO      ════════════════════════════════════════════════════════
09:45:34  [etl.orquestador]   ✓ INFO      Log completo guardado en: C:\Users\Usuario\OneDrive - Universidad de los Andes\Escritorio\PROYECTO_EFICACIA\SCRIPTS\logs\ejecucion_202603_a_202605_20260618_092537.log
09:45:34  [etl.orquestador]   ✓ INFO      Fin: 2026-06-18 09:45:34
09:45:34  [etl.orquestador]   ✓ INFO      ════════════════════════════════════════════════════════
09:45:34  [etl.orquestador]   ✓ INFO      
09:45:34  [etl.orquestador]   ✓ INFO      ▶ PERIODO 3/3: Mayo_2026
09:45:34  [etl.orquestador]   ✓ INFO      ════════════════════════════════════════════════════════
09:45:34  [etl.orquestador]   ✓ INFO      ORQUESTADOR ETLs — Eficacia
09:45:34  [etl.orquestador]   ✓ INFO      Inicio: 2026-06-18 09:45:34
09:45:34  [etl.orquestador]   ✓ INFO      Run ID: 20260618T092537_23a522
09:45:34  [etl.orquestador]   ✓ INFO      Periodo: Mayo_2026 (05/2026)
09:45:34  [etl.orquestador]   ✓ INFO      ETLs seleccionados: ['cif', 'nopresencia', 'precios', 'sos', 'exhib_pagadas', 'exhib_gratis', 'ventas', 'impactos']
09:45:34  [etl.orquestador]   ✓ INFO      Workers paralelos: 6
09:45:34  [etl.orquestador]   ✓ INFO      Skip si cached: False
09:45:34  [etl.orquestador]   ✓ INFO      ════════════════════════════════════════════════════════
09:45:34  [etl.shared_loader]  ✓ INFO      PT Directo detectado: Plan de trabajo Directo Mayo 2026.xlsx
09:45:34  [etl.shared_loader]  ✓ INFO      PT ISM detectado: Plan de trabajo ISM Mayo 2026.xlsx
09:45:34  [etl.shared_loader]  ✓ INFO      ━━━━━━━━━━━━━━━━━━━━━━━━━━━━━━━━━━━━━━━━━━━━━━━━━━
09:45:34  [etl.shared_loader]  ✓ INFO      Iniciando carga compartida del Plan de Trabajo
09:45:34  [etl.shared_loader]  ✓ INFO      ━━━━━━━━━━━━━━━━━━━━━━━━━━━━━━━━━━━━━━━━━━━━━━━━━━
09:45:37  [etl.shared_loader]  ✓ INFO      [DIRECTO] 8,755 filas PT  |  3,319 filas módulos cargadas
09:45:37  [etl.shared_loader]  ✓ INFO      [ISM] 2,445 filas PT  |  859 filas módulos cargadas
09:45:37  [etl.shared_loader]  ✓ INFO      PT consolidado: 11,200 filas totales
09:45:37  [etl.shared_loader]  ✓ INFO      Periodo forzado por el caller: Mes 5 | Año 2026
09:45:37  [etl.shared_loader]  ✓ INFO      Aplicando filtros por módulo
09:45:37  [etl.shared_loader]  ✓ INFO      [DIRECTO] Módulo 'no_presencia': 5,182 filas retenidas
09:45:37  [etl.shared_loader]  ✓ INFO      [ISM] Módulo 'no_presencia': 981 filas retenidas
09:45:37  [etl.shared_loader]  ✓ INFO      [DIRECTO] Módulo 'precios': 3,152 filas retenidas
09:45:37  [etl.shared_loader]  ✓ INFO      [ISM] Módulo 'precios': 622 filas retenidas
09:45:37  [etl.shared_loader]  ✓ INFO      [DIRECTO] Módulo 'sos': 3,165 filas retenidas
09:45:37  [etl.shared_loader]  ✓ INFO      [ISM] Módulo 'sos': 622 filas retenidas
09:45:37  [etl.shared_loader]  ✓ INFO      Carga compartida completada
09:45:37  [etl.orquestador]   ✓ INFO      shared_loader completado en 2.9s
09:45:37  [etl.orquestador]   ✓ INFO      ────────────────────────────────────────────────────────
09:45:37  [etl.orquestador]   ✓ INFO      FASE 1 — Lanzando 8 ETLs en paralelo (0 skipped)
09:45:37  [etl.orquestador]   ✓ INFO      ────────────────────────────────────────────────────────
09:45:37  [etl.exhib_pagadas]  ✓ INFO      ────────────────────────────────────────────────────────
09:45:37  [etl.exhib_pagadas]  ✓ INFO      ETL Exhibiciones Pagadas — iniciando
🚀 Iniciando auditoría exhibiciones pagadas  (Mayo_2026)...
09:45:37  [etl.precios]       ✓ INFO      ────────────────────────────────────────────────────────
09:45:37  [etl.precios]       ✓ INFO      ETL Precios — iniciando
09:45:38  [etl.sos]           ✓ INFO      ────────────────────────────────────────────────────────
09:45:38  [etl.sos]           ✓ INFO      ETL SOS — iniciando
09:45:38  [etl.nopresencia]   ✓ INFO      ────────────────────────────────────────────────────────
09:45:38  [etl.nopresencia]   ✓ INFO      ETL No Presencia — iniciando
09:45:40  [etl.precios]       ✓ INFO      PT filtrado persistido: 477 PDVs únicos — periodo MAYO_2026
C:\Users\Usuario\AppData\Local\Programs\Python\Python314\Lib\site-packages\openpyxl\styles\stylesheet.py:237: UserWarning: Workbook contains no default style, apply openpyxl's default
  warn("Workbook contains no default style, apply openpyxl's default")

--- PASO 2: Cruzando Capturas por Categorías (MAYO_2026) ---
  Encuestas: Respuestas Precios Mayo 2026.xlsx
09:45:40  [etl.cif]           ✓ INFO      ────────────────────────────────────────────────────────
09:45:40  [etl.cif]           ✓ INFO      ETL CIF — iniciando
C:\Users\Usuario\AppData\Local\Programs\Python\Python314\Lib\site-packages\openpyxl\styles\stylesheet.py:237: UserWarning: Workbook contains no default style, apply openpyxl's default
  warn("Workbook contains no default style, apply openpyxl's default")
09:45:41  [etl.cif]           ✓ INFO      Paso 1 — PT consolidado: 11,200 filas
09:45:41  [etl.sos]           ✓ INFO      PT filtrado persistido: 482 PDVs únicos
09:45:41  [etl.sos]           ✓ INFO      6 archivo(s) de encuesta SOS encontrado(s)

--- PASO 2: Consolidando Encuestas SOS  (Mayo_2026) ---
  ✓ Respuestas SOS Mayo 2026.xlsx
09:45:41  [etl.exhib_pagadas]  ✓ INFO      [stdout] ✓ Respuestas SOS Mayo 2026.xlsx
09:45:41  [etl.precios]       ✓ INFO      [stdout] ✓ Respuestas SOS Mayo 2026.xlsx
09:45:41  [etl.sos]           ✓ INFO      [stdout] ✓ Respuestas SOS Mayo 2026.xlsx
09:45:41  [etl.nopresencia]   ✓ INFO      [stdout] ✓ Respuestas SOS Mayo 2026.xlsx
09:45:41  [etl.exhib_gratis]  ✓ INFO      [stdout] ✓ Respuestas SOS Mayo 2026.xlsx
09:45:41  [etl.exhib_pagadas]  ✓ INFO      [stdout] ✓ Respuestas SOS Mayo 2026.xlsx
09:45:41  [etl.precios]       ✓ INFO      [stdout] ✓ Respuestas SOS Mayo 2026.xlsx
09:45:41  [etl.nopresencia]   ✓ INFO      [stdout] ✓ Respuestas SOS Mayo 2026.xlsx
09:45:41  [etl.sos]           ✓ INFO      [stdout] ✓ Respuestas SOS Mayo 2026.xlsx
09:45:41  [etl.exhib_pagadas]  ✓ INFO      [stdout] ✓ Respuestas SOS Mayo 2026.xlsx
09:45:41  [etl.cif]           ✓ INFO      Paso 2 — Agrupación SQL
09:45:41  [etl.precios]       ✓ INFO      [stdout] ✓ Respuestas SOS Mayo 2026.xlsx

========================================09:45:41  [etl.exhib_gratis]  ✓ INFO      ────────────────────────────────────────────────────────
09:45:41  [etl.sos]           ✓ INFO      [stdout] ✓ Respuestas SOS Mayo 2026.xlsx
09:45:42  [etl.nopresencia]   ✓ INFO      [stdout] ✓ Respuestas SOS Mayo 2026.xlsx
09:45:42  [etl.exhib_gratis]  ✓ INFO      ETL Exhibiciones Gratis — iniciando
09:45:42  [etl.cif]           ✓ INFO      [stdout] ✓ Respuestas SOS Mayo 2026.xlsx
── Resolviendo archivos fuente (Mayo_2026) ─

  ✓ Respuestas SOS Baby Mayo 2026.xlsx
09:45:42  [etl.exhib_pagadas]  ✓ INFO      [stdout] ✓ Respuestas SOS Baby Mayo 2026.xlsx
09:45:43  [etl.sos]           ✓ INFO      [stdout] ✓ Respuestas SOS Baby Mayo 2026.xlsx
09:45:43  [etl.nopresencia]   ✓ INFO      [stdout] ========================================── Resolviendo archivos fuente (Mayo_2026) ─  ✓ Respuestas SOS Baby Mayo 2026.xlsx
09:45:43  [etl.precios]       ✓ INFO      [stdout] ✓ Respuestas SOS Baby Mayo 2026.xlsx
09:45:43  [etl.exhib_gratis]  ✓ INFO      [stdout] ========================================── Resolviendo archivos fuente (Mayo_2026) ─  ✓ Respuestas SOS Baby Mayo 2026.xlsx
09:45:43  [etl.exhib_pagadas]  ✓ INFO      [stdout] ========================================── Resolviendo archivos fuente (Mayo_2026) ─  ✓ Respuestas SOS Baby Mayo 2026.xlsx
09:45:43  [etl.precios]       ✓ INFO      [stdout] ========================================── Resolviendo archivos fuente (Mayo_2026) ─  ✓ Respuestas SOS Baby Mayo 2026.xlsx
09:45:43  [etl.nopresencia]   ✓ INFO      [stdout] ========================================── Resolviendo archivos fuente (Mayo_2026) ─  ✓ Respuestas SOS Baby Mayo 2026.xlsx
09:45:43  [etl.sos]           ✓ INFO      [stdout] ========================================── Resolviendo archivos fuente (Mayo_2026) ─  ✓ Respuestas SOS Baby Mayo 2026.xlsx
09:45:43  [etl.precios]       ✓ INFO      [stdout] ========================================── Resolviendo archivos fuente (Mayo_2026) ─  ✓ Respuestas SOS Baby Mayo 2026.xlsx
09:45:43  [etl.exhib_pagadas]  ✓ INFO      [stdout] ========================================── Resolviendo archivos fuente (Mayo_2026) ─  ✓ Respuestas SOS Baby Mayo 2026.xlsx
09:45:43  [etl.sos]           ✓ INFO      [stdout] ── Resolviendo archivos fuente (Mayo_2026) ─  ✓ Respuestas SOS Baby Mayo 2026.xlsx
09:45:43  [etl.nopresencia]   ✓ INFO      [stdout] ========================================── Resolviendo archivos fuente (Mayo_2026) ─  ✓ Respuestas SOS Baby Mayo 2026.xlsx
09:45:43  [etl.cif]           ✓ INFO      [stdout] ── Resolviendo archivos fuente (Mayo_2026) ─  ✓ Respuestas SOS Baby Mayo 2026.xlsx
09:45:43  [etl.exhib_gratis]  ✓ INFO      [stdout] ========================================  ✓ Respuestas SOS Baby Mayo 2026.xlsx
C:\Users\Usuario\AppData\Local\Programs\Python\Python314\Lib\site-packages\openpyxl\styles\stylesheet.py:237: UserWarning: Workbook contains no default style, apply openpyxl's default
  warn("Workbook contains no default style, apply openpyxl's default")
C:\Users\Usuario\AppData\Local\Programs\Python\Python314\Lib\site-packages\openpyxl\styles\stylesheet.py:237: UserWarning: Workbook contains no default style, apply openpyxl's default
  warn("Workbook contains no default style, apply openpyxl's default")
 INICIANDO PASO 2: AGRUPACIÓN SQL
  [informar] 1 archivo(s):
========================================
    - Base Exhibiciones Informar Mayo 2026.xlsx
  [planning] 1 archivo(s):
    - Base Exhibiciones Planning Mayo 2026.xlsx
  [visitas] 1 archivo(s):
    - informe-gerencial-visitas_202605.xlsx
  [plan_trabajo] 1 archivo(s):
    - Plan de trabajo.xlsx

── Cargando archivos fuente ─────────────────────
09:46:03  [etl.nopresencia]   ✓ INFO      PT filtrado persistido: 6,163 filas — periodo MAYO_2026

--- INICIANDO: Bloque No Presencia (Encuestas) ---
Archivo encuestas: Respuestas no presencia Mayo 2026.xlsx
    ✓ Base Exhibiciones Informar Mayo 2026.xlsx — 3,446 filas
09:46:04  [etl.exhib_pagadas]  ✓ INFO      [stdout] ✓ Base Exhibiciones Informar Mayo 2026.xlsx — 3,446 filas
09:46:04  [etl.precios]       ✓ INFO      [stdout] ✓ Base Exhibiciones Informar Mayo 2026.xlsx — 3,446 filas
09:46:04  [etl.sos]           ✓ INFO      [stdout] ✓ Base Exhibiciones Informar Mayo 2026.xlsx — 3,446 filas
09:46:04  [etl.nopresencia]   ✓ INFO      [stdout] ✓ Base Exhibiciones Informar Mayo 2026.xlsx — 3,446 filas
09:46:04  [etl.exhib_gratis]  ✓ INFO      [stdout] ✓ Base Exhibiciones Informar Mayo 2026.xlsx — 3,446 filas
09:46:04  [etl.exhib_pagadas]  ✓ INFO      [stdout] ✓ Base Exhibiciones Informar Mayo 2026.xlsx — 3,446 filas
09:46:04  [etl.precios]       ✓ INFO      [stdout] ✓ Base Exhibiciones Informar Mayo 2026.xlsx — 3,446 filas
09:46:04  [etl.nopresencia]   ✓ INFO      [stdout] ✓ Base Exhibiciones Informar Mayo 2026.xlsx — 3,446 filas
09:46:04  [etl.sos]           ✓ INFO      [stdout] ✓ Base Exhibiciones Informar Mayo 2026.xlsx — 3,446 filas
09:46:04  [etl.exhib_pagadas]  ✓ INFO      [stdout] ✓ Base Exhibiciones Informar Mayo 2026.xlsx — 3,446 filas
09:46:04  [etl.precios]       ✓ INFO      [stdout] ✓ Base Exhibiciones Informar Mayo 2026.xlsx — 3,446 filas
09:46:04  [etl.sos]           ✓ INFO      [stdout] ✓ Base Exhibiciones Informar Mayo 2026.xlsx — 3,446 filas
09:46:04  [etl.nopresencia]   ✓ INFO      [stdout] ✓ Base Exhibiciones Informar Mayo 2026.xlsx — 3,446 filas
09:46:04  [etl.cif]           ✓ INFO      [stdout] ✓ Base Exhibiciones Informar Mayo 2026.xlsx — 3,446 filas
09:46:04  [etl.exhib_gratis]  ✓ INFO      [stdout] ✓ Base Exhibiciones Informar Mayo 2026.xlsx — 3,446 filas
C:\Users\Usuario\AppData\Local\Programs\Python\Python314\Lib\site-packages\openpyxl\styles\stylesheet.py:237: UserWarning: Workbook contains no default style, apply openpyxl's default
  warn("Workbook contains no default style, apply openpyxl's default")
    ✓ Base Exhibiciones Planning Mayo 2026.xlsx — 3,284 filas
09:46:19  [etl.exhib_pagadas]  ✓ INFO      [stdout] ✓ Base Exhibiciones Planning Mayo 2026.xlsx — 3,284 filas
09:46:19  [etl.precios]       ✓ INFO      [stdout] ✓ Base Exhibiciones Planning Mayo 2026.xlsx — 3,284 filas
09:46:19  [etl.sos]           ✓ INFO      [stdout] ✓ Base Exhibiciones Planning Mayo 2026.xlsx — 3,284 filas
09:46:19  [etl.nopresencia]   ✓ INFO      [stdout] ✓ Base Exhibiciones Planning Mayo 2026.xlsx — 3,284 filas
09:46:19  [etl.exhib_gratis]  ✓ INFO      [stdout] ✓ Base Exhibiciones Planning Mayo 2026.xlsx — 3,284 filas
09:46:19  [etl.exhib_pagadas]  ✓ INFO      [stdout] ✓ Base Exhibiciones Planning Mayo 2026.xlsx — 3,284 filas
09:46:19  [etl.precios]       ✓ INFO      [stdout] ✓ Base Exhibiciones Planning Mayo 2026.xlsx — 3,284 filas
09:46:19  [etl.nopresencia]   ✓ INFO      [stdout] ✓ Base Exhibiciones Planning Mayo 2026.xlsx — 3,284 filas
09:46:19  [etl.sos]           ✓ INFO      [stdout] ✓ Base Exhibiciones Planning Mayo 2026.xlsx — 3,284 filas
09:46:19  [etl.exhib_pagadas]  ✓ INFO      [stdout] ✓ Base Exhibiciones Planning Mayo 2026.xlsx — 3,284 filas
09:46:19  [etl.precios]       ✓ INFO      [stdout] ✓ Base Exhibiciones Planning Mayo 2026.xlsx — 3,284 filas
09:46:19  [etl.sos]           ✓ INFO      [stdout] ✓ Base Exhibiciones Planning Mayo 2026.xlsx — 3,284 filas
09:46:19  [etl.nopresencia]   ✓ INFO      [stdout] ✓ Base Exhibiciones Planning Mayo 2026.xlsx — 3,284 filas
09:46:19  [etl.cif]           ✓ INFO      [stdout] ✓ Base Exhibiciones Planning Mayo 2026.xlsx — 3,284 filas
09:46:19  [etl.exhib_gratis]  ✓ INFO      [stdout] ✓ Base Exhibiciones Planning Mayo 2026.xlsx — 3,284 filas
✅ ¡Hecho! Los registros que no cruzaron ahora tienen 'No' y ejecución en 0.
09:46:20  [etl.exhib_pagadas]  ✓ INFO      [stdout] ✅ ¡Hecho! Los registros que no cruzaron ahora tienen 'No' y ejecución en 0.
09:46:20  [etl.precios]       ✓ INFO      [stdout] ✅ ¡Hecho! Los registros que no cruzaron ahora tienen 'No' y ejecución en 0.
09:46:20  [etl.sos]           ✓ INFO      [stdout] ✅ ¡Hecho! Los registros que no cruzaron ahora tienen 'No' y ejecución en 0.
09:46:20  [etl.nopresencia]   ✓ INFO      [stdout] ✅ ¡Hecho! Los registros que no cruzaron ahora tienen 'No' y ejecución en 0.
09:46:20  [etl.exhib_gratis]  ✓ INFO      [stdout] ✅ ¡Hecho! Los registros que no cruzaron ahora tienen 'No' y ejecución en 0.
09:46:20  [etl.exhib_pagadas]  ✓ INFO      [stdout] ✅ ¡Hecho! Los registros que no cruzaron ahora tienen 'No' y ejecución en 0.
09:46:20  [etl.precios]       ✓ INFO      [stdout] ✅ ¡Hecho! Los registros que no cruzaron ahora tienen 'No' y ejecución en 0.
09:46:20  [etl.nopresencia]   ✓ INFO      [stdout] ✅ ¡Hecho! Los registros que no cruzaron ahora tienen 'No' y ejecución en 0.
09:46:20  [etl.sos]           ✓ INFO      [stdout] ✅ ¡Hecho! Los registros que no cruzaron ahora tienen 'No' y ejecución en 0.
09:46:20  [etl.exhib_pagadas]  ✓ INFO      [stdout] ✅ ¡Hecho! Los registros que no cruzaron ahora tienen 'No' y ejecución en 0.
09:46:20  [etl.precios]       ✓ INFO      [stdout] ✅ ¡Hecho! Los registros que no cruzaron ahora tienen 'No' y ejecución en 0.
09:46:20  [etl.sos]           ✓ INFO      [stdout] ✅ ¡Hecho! Los registros que no cruzaron ahora tienen 'No' y ejecución en 0.
09:46:20  [etl.nopresencia]   ✓ INFO      [stdout] ✅ ¡Hecho! Los registros que no cruzaron ahora tienen 'No' y ejecución en 0.
09:46:20  [etl.cif]           ✓ INFO      [stdout] ✅ ¡Hecho! Los registros que no cruzaron ahora tienen 'No' y ejecución en 0.
09:46:20  [etl.exhib_gratis]  ✓ INFO      [stdout] ✅ ¡Hecho! Los registros que no cruzaron ahora tienen 'No' y ejecución en 0.

--- KPI (V3): RESUMEN EXHIBICIONES PAGADAS por empleado  (Mayo_2026) ---
✅ Reporte capturas generado.
09:46:20  [etl.exhib_pagadas]  ✓ INFO      [stdout] ✅ Reporte capturas generado.
09:46:20  [etl.sos]           ✓ INFO      [stdout] --- KPI (V3): RESUMEN EXHIBICIONES PAGADAS por empleado  (Mayo_2026) ---✅ Reporte capturas generado.
09:46:20  [etl.precios]       ✓ INFO      [stdout] ✅ Reporte capturas generado.
09:46:20  [etl.nopresencia]   ✓ INFO      [stdout] --- KPI (V3): RESUMEN EXHIBICIONES PAGADAS por empleado  (Mayo_2026) ---✅ Reporte capturas generado.
09:46:20  [etl.exhib_gratis]  ✓ INFO      [stdout] --- KPI (V3): RESUMEN EXHIBICIONES PAGADAS por empleado  (Mayo_2026) ---✅ Reporte capturas generado.
09:46:20  [etl.exhib_pagadas]  ✓ INFO      [stdout] --- KPI (V3): RESUMEN EXHIBICIONES PAGADAS por empleado  (Mayo_2026) ---✅ Reporte capturas generado.
09:46:20  [etl.precios]       ✓ INFO      [stdout] --- KPI (V3): RESUMEN EXHIBICIONES PAGADAS por empleado  (Mayo_2026) ---✅ Reporte capturas generado.
09:46:20  [etl.nopresencia]   ✓ INFO      [stdout] --- KPI (V3): RESUMEN EXHIBICIONES PAGADAS por empleado  (Mayo_2026) ---✅ Reporte capturas generado.
09:46:20  [etl.sos]           ✓ INFO      [stdout] --- KPI (V3): RESUMEN EXHIBICIONES PAGADAS por empleado  (Mayo_2026) ---✅ Reporte capturas generado.
09:46:20  [etl.exhib_pagadas]  ✓ INFO      [stdout] --- KPI (V3): RESUMEN EXHIBICIONES PAGADAS por empleado  (Mayo_2026) ---✅ Reporte capturas generado.
09:46:20  [etl.precios]       ✓ INFO      [stdout] --- KPI (V3): RESUMEN EXHIBICIONES PAGADAS por empleado  (Mayo_2026) ---✅ Reporte capturas generado.
09:46:20  [etl.sos]           ✓ INFO      [stdout] --- KPI (V3): RESUMEN EXHIBICIONES PAGADAS por empleado  (Mayo_2026) ---✅ Reporte capturas generado.
09:46:20  [etl.nopresencia]   ✓ INFO      [stdout] --- KPI (V3): RESUMEN EXHIBICIONES PAGADAS por empleado  (Mayo_2026) ---✅ Reporte capturas generado.
09:46:20  [etl.cif]           ✓ INFO      [stdout] --- KPI (V3): RESUMEN EXHIBICIONES PAGADAS por empleado  (Mayo_2026) ---✅ Reporte capturas generado.
09:46:20  [etl.exhib_gratis]  ✓ INFO      [stdout] --- KPI (V3): RESUMEN EXHIBICIONES PAGADAS por empleado  (Mayo_2026) ---✅ Reporte capturas generado.
09:46:20  [etl.precios]       ✓ INFO      Reporte de captura de precios generado
C:\Users\Usuario\AppData\Local\Programs\Python\Python314\Lib\site-packages\openpyxl\styles\stylesheet.py:237: UserWarning: Workbook contains no default style, apply openpyxl's default
  warn("Workbook contains no default style, apply openpyxl's default")
C:\Users\Usuario\AppData\Local\Programs\Python\Python314\Lib\site-packages\openpyxl\styles\stylesheet.py:237: UserWarning: Workbook contains no default style, apply openpyxl's default
  warn("Workbook contains no default style, apply openpyxl's default")

--- PASO 3: Generando Análisis Detallado (MAYO_2026) ---
  Leyendo: Resultado_exhibiciones_pagadas Mayo 2026.xlsx (2763 filas)
    ✓ Plan de trabajo.xlsx — 3,764 gestores cargados
09:46:27  [etl.exhib_pagadas]  ✓ INFO      [stdout] ✓ Plan de trabajo.xlsx — 3,764 gestores cargados
09:46:27  [etl.precios]       ✓ INFO      [stdout] ✓ Plan de trabajo.xlsx — 3,764 gestores cargados
09:46:27  [etl.sos]           ✓ INFO      [stdout] ✓ Plan de trabajo.xlsx — 3,764 gestores cargados
09:46:27  [etl.nopresencia]   ✓ INFO      [stdout] ✓ Plan de trabajo.xlsx — 3,764 gestores cargados
09:46:27  [etl.exhib_gratis]  ✓ INFO      [stdout] ✓ Plan de trabajo.xlsx — 3,764 gestores cargados
09:46:27  [etl.exhib_pagadas]  ✓ INFO      [stdout] ✓ Plan de trabajo.xlsx — 3,764 gestores cargados
09:46:27  [etl.precios]       ✓ INFO      [stdout] ✓ Plan de trabajo.xlsx — 3,764 gestores cargados
09:46:27  [etl.nopresencia]   ✓ INFO      [stdout] ✓ Plan de trabajo.xlsx — 3,764 gestores cargados
09:46:27  [etl.sos]           ✓ INFO      [stdout] ✓ Plan de trabajo.xlsx — 3,764 gestores cargados
09:46:27  [etl.exhib_pagadas]  ✓ INFO      [stdout] ✓ Plan de trabajo.xlsx — 3,764 gestores cargados
09:46:27  [etl.precios]       ✓ INFO      [stdout] ✓ Plan de trabajo.xlsx — 3,764 gestores cargados
09:46:27  [etl.sos]           ✓ INFO      [stdout] ✓ Plan de trabajo.xlsx — 3,764 gestores cargados
09:46:27  [etl.nopresencia]   ✓ INFO      [stdout] ✓ Plan de trabajo.xlsx — 3,764 gestores cargados
09:46:27  [etl.cif]           ✓ INFO      [stdout] ✓ Plan de trabajo.xlsx — 3,764 gestores cargados
09:46:27  [etl.exhib_gratis]  ✓ INFO      [stdout] ✓ Plan de trabajo.xlsx — 3,764 gestores cargados
C:\Users\Usuario\AppData\Local\Programs\Python\Python314\Lib\site-packages\openpyxl\styles\stylesheet.py:237: UserWarning: Workbook contains no default style, apply openpyxl's default
  warn("Workbook contains no default style, apply openpyxl's default")
  ✅ Mes activo: 132 empleados → EXHIBICIONES_PAGADAS_KPIS.xlsx
09:46:53  [etl.exhib_pagadas]  ✓ INFO      [stdout] ✅ Mes activo: 132 empleados → EXHIBICIONES_PAGADAS_KPIS.xlsx
09:46:53  [etl.precios]       ✓ INFO      [stdout] ✅ Mes activo: 132 empleados → EXHIBICIONES_PAGADAS_KPIS.xlsx
09:46:53  [etl.sos]           ✓ INFO      [stdout] ✅ Mes activo: 132 empleados → EXHIBICIONES_PAGADAS_KPIS.xlsx
09:46:53  [etl.nopresencia]   ✓ INFO      [stdout] ✅ Mes activo: 132 empleados → EXHIBICIONES_PAGADAS_KPIS.xlsx
09:46:53  [etl.exhib_gratis]  ✓ INFO      [stdout] ✅ Mes activo: 132 empleados → EXHIBICIONES_PAGADAS_KPIS.xlsx
09:46:53  [etl.exhib_pagadas]  ✓ INFO      [stdout] ✅ Mes activo: 132 empleados → EXHIBICIONES_PAGADAS_KPIS.xlsx
09:46:53  [etl.precios]       ✓ INFO      [stdout] ✅ Mes activo: 132 empleados → EXHIBICIONES_PAGADAS_KPIS.xlsx
09:46:53  [etl.nopresencia]   ✓ INFO      [stdout] ✅ Mes activo: 132 empleados → EXHIBICIONES_PAGADAS_KPIS.xlsx
09:46:53  [etl.sos]           ✓ INFO      [stdout] ✅ Mes activo: 132 empleados → EXHIBICIONES_PAGADAS_KPIS.xlsx
09:46:53  [etl.exhib_pagadas]  ✓ INFO      [stdout] ✅ Mes activo: 132 empleados → EXHIBICIONES_PAGADAS_KPIS.xlsx
09:46:53  [etl.precios]       ✓ INFO      [stdout] ✅ Mes activo: 132 empleados → EXHIBICIONES_PAGADAS_KPIS.xlsx
09:46:53  [etl.sos]           ✓ INFO      [stdout] ✅ Mes activo: 132 empleados → EXHIBICIONES_PAGADAS_KPIS.xlsx
09:46:54  [etl.nopresencia]   ✓ INFO      [stdout] ✅ Mes activo: 132 empleados → EXHIBICIONES_PAGADAS_KPIS.xlsx
09:46:54  [etl.cif]           ✓ INFO      [stdout] ✅ Mes activo: 132 empleados → EXHIBICIONES_PAGADAS_KPIS.xlsx
09:46:54  [etl.exhib_gratis]  ✓ INFO      [stdout] ✅ Mes activo: 132 empleados → EXHIBICIONES_PAGADAS_KPIS.xlsx
  ✅ Histórico → EXHIBICIONES_PAGADAS_KPIS_HISTORICO.xlsx
09:47:01  [etl.exhib_pagadas]  ✓ INFO      [stdout] ✅ Histórico → EXHIBICIONES_PAGADAS_KPIS_HISTORICO.xlsx
09:47:01  [etl.precios]       ✓ INFO      [stdout] ✅ Histórico → EXHIBICIONES_PAGADAS_KPIS_HISTORICO.xlsx
09:47:01  [etl.sos]           ✓ INFO      [stdout] ✅ Histórico → EXHIBICIONES_PAGADAS_KPIS_HISTORICO.xlsx
09:47:01  [etl.nopresencia]   ✓ INFO      [stdout] ✅ Histórico → EXHIBICIONES_PAGADAS_KPIS_HISTORICO.xlsx
09:47:01  [etl.exhib_gratis]  ✓ INFO      [stdout] ✅ Histórico → EXHIBICIONES_PAGADAS_KPIS_HISTORICO.xlsx
09:47:02  [etl.exhib_pagadas]  ✓ INFO      [stdout] ✅ Histórico → EXHIBICIONES_PAGADAS_KPIS_HISTORICO.xlsx
09:47:02  [etl.precios]       ✓ INFO      [stdout] ✅ Histórico → EXHIBICIONES_PAGADAS_KPIS_HISTORICO.xlsx
09:47:02  [etl.nopresencia]   ✓ INFO      [stdout] ✅ Histórico → EXHIBICIONES_PAGADAS_KPIS_HISTORICO.xlsx
09:47:02  [etl.sos]           ✓ INFO      [stdout] ✅ Histórico → EXHIBICIONES_PAGADAS_KPIS_HISTORICO.xlsx
09:47:02  [etl.exhib_pagadas]  ✓ INFO      [stdout] ✅ Histórico → EXHIBICIONES_PAGADAS_KPIS_HISTORICO.xlsx
09:47:02  [etl.precios]       ✓ INFO      [stdout] ✅ Histórico → EXHIBICIONES_PAGADAS_KPIS_HISTORICO.xlsx
09:47:02  [etl.sos]           ✓ INFO      [stdout] ✅ Histórico → EXHIBICIONES_PAGADAS_KPIS_HISTORICO.xlsx
09:47:02  [etl.nopresencia]   ✓ INFO      [stdout] ✅ Histórico → EXHIBICIONES_PAGADAS_KPIS_HISTORICO.xlsx
09:47:02  [etl.cif]           ✓ INFO      [stdout] ✅ Histórico → EXHIBICIONES_PAGADAS_KPIS_HISTORICO.xlsx
09:47:02  [etl.exhib_gratis]  ✓ INFO      [stdout] ✅ Histórico → EXHIBICIONES_PAGADAS_KPIS_HISTORICO.xlsx
09:47:02  [etl.exhib_pagadas]  ✓ INFO      ETL Exhibiciones Pagadas — completado
09:47:03  [etl.exhib_pagadas]  ✓ INFO      Duración total: 84.9s
09:47:03  [etl.ventas]        ✓ INFO      ────────────────────────────────────────────────────────
09:47:03  [etl.orquestador]   ✓ INFO      ETL 'exhib_pagadas' terminó — ✓ OK en 84.9s
09:47:03  [etl.ventas]        ✓ INFO      ETL Ventas D&P — iniciando
📍 Origen: C:\Users\Usuario\OneDrive - Universidad de los Andes\Escritorio\PROYECTO_EFICACIA\BASES\D&P\01. Ventas
📁 Salida: C:\Users\Usuario\OneDrive - Universidad de los Andes\Escritorio\PROYECTO_EFICACIA\SALIDA\D&P\Consolidado_Ventas.csv
✅ Archivos encontrados (2024+): 3
09:47:06  [etl.exhib_pagadas]  ✓ INFO      [stdout] ✅ Archivos encontrados (2024+): 3
09:47:06  [etl.precios]       ✓ INFO      [stdout] ✅ Archivos encontrados (2024+): 3
09:47:06  [etl.sos]           ✓ INFO      [stdout] ✅ Archivos encontrados (2024+): 3
09:47:06  [etl.nopresencia]   ✓ INFO      [stdout] ✅ Archivos encontrados (2024+): 3
09:47:07  [etl.exhib_gratis]  ✓ INFO      [stdout] ✅ Archivos encontrados (2024+): 3
09:47:07  [etl.exhib_pagadas]  ✓ INFO      [stdout] ✅ Archivos encontrados (2024+): 3
09:47:07  [etl.precios]       ✓ INFO      [stdout] ✅ Archivos encontrados (2024+): 3
09:47:07  [etl.nopresencia]   ✓ INFO      [stdout] ✅ Archivos encontrados (2024+): 3
09:47:07  [etl.sos]           ✓ INFO      [stdout] ✅ Archivos encontrados (2024+): 3
09:47:07  [etl.ventas]        ✓ INFO      [stdout] ✅ Archivos encontrados (2024+): 3
  Modo upsert — reprocesando: 05. Mayo base ventas.xlsx
  → Procesando: 05. Mayo base ventas.xlsx
✅ Análisis detallado guardado.
09:48:18  [etl.exhib_pagadas]  ✓ INFO      [stdout] ✅ Análisis detallado guardado.
09:48:18  [etl.precios]       ✓ INFO      [stdout] ✅ Análisis detallado guardado.
09:48:18  [etl.sos]           ✓ INFO      [stdout] ✅ Análisis detallado guardado.
09:48:18  [etl.nopresencia]   ✓ INFO      [stdout] ✅ Análisis detallado guardado.
09:48:18  [etl.exhib_gratis]  ✓ INFO      [stdout] ✅ Análisis detallado guardado.
09:48:18  [etl.exhib_pagadas]  ✓ INFO      [stdout] ✅ Análisis detallado guardado.
09:48:18  [etl.precios]       ✓ INFO      [stdout] ✅ Análisis detallado guardado.
09:48:18  [etl.nopresencia]   ✓ INFO      [stdout] ✅ Análisis detallado guardado.
09:48:18  [etl.sos]           ✓ INFO      [stdout] ✅ Análisis detallado guardado.
09:48:18  [etl.ventas]        ✓ INFO      [stdout] ✅ Análisis detallado guardado.
09:48:18  [etl.precios]       ✓ INFO      Análisis detallado de precios generado

--- PASO KPI (V3): RESUMEN PRECIOS por gestor  (Mayo_2026) ---
  Leyendo: REPORTE_CAPTURA_PRECIOS_MAYO_2026.xlsx (477 filas)
  ✅ Mes activo: 72 gestores → PRECIOS_KPIS.xlsx
09:48:23  [etl.exhib_pagadas]  ✓ INFO      [stdout] ✅ Mes activo: 72 gestores → PRECIOS_KPIS.xlsx
09:48:23  [etl.precios]       ✓ INFO      [stdout] ✅ Mes activo: 72 gestores → PRECIOS_KPIS.xlsx
09:48:23  [etl.sos]           ✓ INFO      [stdout] ✅ Mes activo: 72 gestores → PRECIOS_KPIS.xlsx
09:48:23  [etl.nopresencia]   ✓ INFO      [stdout] ✅ Mes activo: 72 gestores → PRECIOS_KPIS.xlsx
09:48:23  [etl.exhib_gratis]  ✓ INFO      [stdout] ✅ Mes activo: 72 gestores → PRECIOS_KPIS.xlsx
09:48:23  [etl.exhib_pagadas]  ✓ INFO      [stdout] ✅ Mes activo: 72 gestores → PRECIOS_KPIS.xlsx
09:48:23  [etl.precios]       ✓ INFO      [stdout] ✅ Mes activo: 72 gestores → PRECIOS_KPIS.xlsx
09:48:23  [etl.nopresencia]   ✓ INFO      [stdout] ✅ Mes activo: 72 gestores → PRECIOS_KPIS.xlsx
09:48:23  [etl.sos]           ✓ INFO      [stdout] ✅ Mes activo: 72 gestores → PRECIOS_KPIS.xlsx
09:48:23  [etl.ventas]        ✓ INFO      [stdout] ✅ Mes activo: 72 gestores → PRECIOS_KPIS.xlsx
  ✅ Histórico acumulado → PRECIOS_KPIS_HISTORICO.xlsx
09:48:23  [etl.exhib_pagadas]  ✓ INFO      [stdout] ✅ Histórico acumulado → PRECIOS_KPIS_HISTORICO.xlsx
09:48:23  [etl.precios]       ✓ INFO      [stdout] ✅ Histórico acumulado → PRECIOS_KPIS_HISTORICO.xlsx
09:48:23  [etl.sos]           ✓ INFO      [stdout] ✅ Histórico acumulado → PRECIOS_KPIS_HISTORICO.xlsx
09:48:23  [etl.nopresencia]   ✓ INFO      [stdout] ✅ Histórico acumulado → PRECIOS_KPIS_HISTORICO.xlsx
09:48:23  [etl.exhib_gratis]  ✓ INFO      [stdout] ✅ Histórico acumulado → PRECIOS_KPIS_HISTORICO.xlsx
09:48:23  [etl.exhib_pagadas]  ✓ INFO      [stdout] ✅ Histórico acumulado → PRECIOS_KPIS_HISTORICO.xlsx
09:48:23  [etl.precios]       ✓ INFO      [stdout] ✅ Histórico acumulado → PRECIOS_KPIS_HISTORICO.xlsx
09:48:23  [etl.nopresencia]   ✓ INFO      [stdout] ✅ Histórico acumulado → PRECIOS_KPIS_HISTORICO.xlsx
09:48:23  [etl.sos]           ✓ INFO      [stdout] ✅ Histórico acumulado → PRECIOS_KPIS_HISTORICO.xlsx
09:48:23  [etl.ventas]        ✓ INFO      [stdout] ✅ Histórico acumulado → PRECIOS_KPIS_HISTORICO.xlsx
09:48:23  [etl.precios]       ✓ INFO      KPI precios consolidado
09:48:23  [etl.precios]       ✓ INFO      ETL Precios — completado
09:48:24  [etl.precios]       ✓ INFO      Duración total: 166.1s
09:48:24  [etl.impactos]      ✓ INFO      ────────────────────────────────────────────────────────
09:48:24  [etl.impactos]      ✓ INFO      ETL Impactos D&P — iniciando
📍 Origen: C:\Users\Usuario\OneDrive - Universidad de los Andes\Escritorio\PROYECTO_EFICACIA\BASES\D&P\02. Impactos
09:48:24  [etl.orquestador]   ✓ INFO      ETL 'precios' terminó — ✓ OK en 166.1s
📁 Salida: C:\Users\Usuario\OneDrive - Universidad de los Andes\Escritorio\PROYECTO_EFICACIA\SALIDA\D&P\Consolidado_Impactos.csv
✅ Archivos encontrados (2024+): 3
09:48:24  [etl.exhib_pagadas]  ✓ INFO      [stdout] ✅ Archivos encontrados (2024+): 3
09:48:24  [etl.precios]       ✓ INFO      [stdout] ✅ Archivos encontrados (2024+): 3
09:48:24  [etl.sos]           ✓ INFO      [stdout] ✅ Archivos encontrados (2024+): 3
09:48:24  [etl.nopresencia]   ✓ INFO      [stdout] ✅ Archivos encontrados (2024+): 3
09:48:24  [etl.exhib_gratis]  ✓ INFO      [stdout] ✅ Archivos encontrados (2024+): 3
09:48:24  [etl.exhib_pagadas]  ✓ INFO      [stdout] ✅ Archivos encontrados (2024+): 3
09:48:24  [etl.precios]       ✓ INFO      [stdout] ✅ Archivos encontrados (2024+): 3
09:48:24  [etl.nopresencia]   ✓ INFO      [stdout] ✅ Archivos encontrados (2024+): 3
09:48:24  [etl.sos]           ✓ INFO      [stdout] ✅ Archivos encontrados (2024+): 3
09:48:24  [etl.exhib_pagadas]  ✓ INFO      [stdout] ✅ Archivos encontrados (2024+): 3
09:48:24  [etl.impactos]      ✓ INFO      [stdout] ✅ Archivos encontrados (2024+): 3
  Modo upsert — reprocesando: 05. Mayo base impactos - cuota.xlsx
  → Procesando: 05. Mayo base impactos - cuota.xlsx
  ✅ Consolidado guardado: C:\Users\Usuario\OneDrive - Universidad de los Andes\Escritorio\PROYECTO_EFICACIA\SALIDA\D&P\Consolidado_Impactos.csv  (136 filas)
09:48:26  [etl.exhib_pagadas]  ✓ INFO      [stdout] ✅ Consolidado guardado: C:\Users\Usuario\OneDrive - Universidad de los Andes\Escritorio\PROYECTO_EFICACIA\SALIDA\D&P\Consolidado_Impactos.csv  (136 filas)
09:48:26  [etl.precios]       ✓ INFO      [stdout] ✅ Consolidado guardado: C:\Users\Usuario\OneDrive - Universidad de los Andes\Escritorio\PROYECTO_EFICACIA\SALIDA\D&P\Consolidado_Impactos.csv  (136 filas)
09:48:26  [etl.sos]           ✓ INFO      [stdout] ✅ Consolidado guardado: C:\Users\Usuario\OneDrive - Universidad de los Andes\Escritorio\PROYECTO_EFICACIA\SALIDA\D&P\Consolidado_Impactos.csv  (136 filas)
09:48:26  [etl.nopresencia]   ✓ INFO      [stdout] ✅ Consolidado guardado: C:\Users\Usuario\OneDrive - Universidad de los Andes\Escritorio\PROYECTO_EFICACIA\SALIDA\D&P\Consolidado_Impactos.csv  (136 filas)
09:48:26  [etl.exhib_gratis]  ✓ INFO      [stdout] ✅ Consolidado guardado: C:\Users\Usuario\OneDrive - Universidad de los Andes\Escritorio\PROYECTO_EFICACIA\SALIDA\D&P\Consolidado_Impactos.csv  (136 filas)
09:48:27  [etl.exhib_pagadas]  ✓ INFO      [stdout] ✅ Consolidado guardado: C:\Users\Usuario\OneDrive - Universidad de los Andes\Escritorio\PROYECTO_EFICACIA\SALIDA\D&P\Consolidado_Impactos.csv  (136 filas)
09:48:27  [etl.precios]       ✓ INFO      [stdout] ✅ Consolidado guardado: C:\Users\Usuario\OneDrive - Universidad de los Andes\Escritorio\PROYECTO_EFICACIA\SALIDA\D&P\Consolidado_Impactos.csv  (136 filas)
09:48:27  [etl.nopresencia]   ✓ INFO      [stdout] ✅ Consolidado guardado: C:\Users\Usuario\OneDrive - Universidad de los Andes\Escritorio\PROYECTO_EFICACIA\SALIDA\D&P\Consolidado_Impactos.csv  (136 filas)
09:48:27  [etl.sos]           ✓ INFO      [stdout] ✅ Consolidado guardado: C:\Users\Usuario\OneDrive - Universidad de los Andes\Escritorio\PROYECTO_EFICACIA\SALIDA\D&P\Consolidado_Impactos.csv  (136 filas)
09:48:27  [etl.exhib_pagadas]  ✓ INFO      [stdout] ✅ Consolidado guardado: C:\Users\Usuario\OneDrive - Universidad de los Andes\Escritorio\PROYECTO_EFICACIA\SALIDA\D&P\Consolidado_Impactos.csv  (136 filas)
09:48:27  [etl.impactos]      ✓ INFO      [stdout] ✅ Consolidado guardado: C:\Users\Usuario\OneDrive - Universidad de los Andes\Escritorio\PROYECTO_EFICACIA\SALIDA\D&P\Consolidado_Impactos.csv  (136 filas)
09:48:27  [etl.impactos]      ✓ INFO      ETL Impactos D&P — completado (136 filas en consolidado)
09:48:27  [etl.impactos]      ✓ INFO      Duración total: 2.8s
09:48:27  [etl.orquestador]   ✓ INFO      ETL 'impactos' terminó — ✓ OK en 2.8s
✅ ÉXITO: Agrupado guardado en: C:\Users\Usuario\OneDrive - Universidad de los Andes\Escritorio\PROYECTO_EFICACIA\BASES\CIF\PLAN DE TRABAJO\Plan de trabajo consolidado_grupado.csv
09:48:29  [etl.exhib_pagadas]  ✓ INFO      [stdout] ✅ ÉXITO: Agrupado guardado en: C:\Users\Usuario\OneDrive - Universidad de los Andes\Escritorio\PROYECTO_EFICACIA\BASES\CIF\PLAN DE TRABAJO\Plan de trabajo consolidado_grupado.csv
09:48:29  [etl.precios]       ✓ INFO      [stdout] ✅ ÉXITO: Agrupado guardado en: C:\Users\Usuario\OneDrive - Universidad de los Andes\Escritorio\PROYECTO_EFICACIA\BASES\CIF\PLAN DE TRABAJO\Plan de trabajo consolidado_grupado.csv
09:48:29  [etl.sos]           ✓ INFO      [stdout] ✅ ÉXITO: Agrupado guardado en: C:\Users\Usuario\OneDrive - Universidad de los Andes\Escritorio\PROYECTO_EFICACIA\BASES\CIF\PLAN DE TRABAJO\Plan de trabajo consolidado_grupado.csv
09:48:29  [etl.nopresencia]   ✓ INFO      [stdout] ✅ ÉXITO: Agrupado guardado en: C:\Users\Usuario\OneDrive - Universidad de los Andes\Escritorio\PROYECTO_EFICACIA\BASES\CIF\PLAN DE TRABAJO\Plan de trabajo consolidado_grupado.csv
09:48:29  [etl.exhib_gratis]  ✓ INFO      [stdout] ✅ ÉXITO: Agrupado guardado en: C:\Users\Usuario\OneDrive - Universidad de los Andes\Escritorio\PROYECTO_EFICACIA\BASES\CIF\PLAN DE TRABAJO\Plan de trabajo consolidado_grupado.csv
09:48:29  [etl.exhib_pagadas]  ✓ INFO      [stdout] ✅ ÉXITO: Agrupado guardado en: C:\Users\Usuario\OneDrive - Universidad de los Andes\Escritorio\PROYECTO_EFICACIA\BASES\CIF\PLAN DE TRABAJO\Plan de trabajo consolidado_grupado.csv
09:48:29  [etl.precios]       ✓ INFO      [stdout] ✅ ÉXITO: Agrupado guardado en: C:\Users\Usuario\OneDrive - Universidad de los Andes\Escritorio\PROYECTO_EFICACIA\BASES\CIF\PLAN DE TRABAJO\Plan de trabajo consolidado_grupado.csv
09:48:29  [etl.nopresencia]   ✓ INFO      [stdout] ✅ ÉXITO: Agrupado guardado en: C:\Users\Usuario\OneDrive - Universidad de los Andes\Escritorio\PROYECTO_EFICACIA\BASES\CIF\PLAN DE TRABAJO\Plan de trabajo consolidado_grupado.csv
09:48:29  [etl.sos]           ✓ INFO      [stdout] ✅ ÉXITO: Agrupado guardado en: C:\Users\Usuario\OneDrive - Universidad de los Andes\Escritorio\PROYECTO_EFICACIA\BASES\CIF\PLAN DE TRABAJO\Plan de trabajo consolidado_grupado.csv
09:48:29  [etl.exhib_pagadas]  ✓ INFO      [stdout] ✅ ÉXITO: Agrupado guardado en: C:\Users\Usuario\OneDrive - Universidad de los Andes\Escritorio\PROYECTO_EFICACIA\BASES\CIF\PLAN DE TRABAJO\Plan de trabajo consolidado_grupado.csv

Resumen agrupado (Primeros 5):
  ACRONIMO ID_PDV_INVOLVES  TIEMPO_SERVICIO_HORAS
0    LE001           10032                    NaN
1    LE001           10033                    NaN
2    LE001           10035                    NaN
3    LE001           10036                    NaN
4    LE001           10069                    NaN
09:48:30  [etl.cif]           ✓ INFO      Paso 3 — Visitas Involves

========================================
 INICIANDO PASO 3: INVOLVES (CRUCE PRIORIZANDO BASE VENTAS)  (Mayo_2026)
========================================
  ✅ Consolidado guardado: C:\Users\Usuario\OneDrive - Universidad de los Andes\Escritorio\PROYECTO_EFICACIA\SALIDA\D&P\Consolidado_Ventas.csv  (146,841 filas)
09:48:44  [etl.exhib_pagadas]  ✓ INFO      [stdout] ✅ Consolidado guardado: C:\Users\Usuario\OneDrive - Universidad de los Andes\Escritorio\PROYECTO_EFICACIA\SALIDA\D&P\Consolidado_Ventas.csv  (146,841 filas)
09:48:44  [etl.precios]       ✓ INFO      [stdout] ✅ Consolidado guardado: C:\Users\Usuario\OneDrive - Universidad de los Andes\Escritorio\PROYECTO_EFICACIA\SALIDA\D&P\Consolidado_Ventas.csv  (146,841 filas)
09:48:44  [etl.sos]           ✓ INFO      [stdout] ✅ Consolidado guardado: C:\Users\Usuario\OneDrive - Universidad de los Andes\Escritorio\PROYECTO_EFICACIA\SALIDA\D&P\Consolidado_Ventas.csv  (146,841 filas)
09:48:44  [etl.nopresencia]   ✓ INFO      [stdout] ✅ Consolidado guardado: C:\Users\Usuario\OneDrive - Universidad de los Andes\Escritorio\PROYECTO_EFICACIA\SALIDA\D&P\Consolidado_Ventas.csv  (146,841 filas)
09:48:44  [etl.exhib_gratis]  ✓ INFO      [stdout] ✅ Consolidado guardado: C:\Users\Usuario\OneDrive - Universidad de los Andes\Escritorio\PROYECTO_EFICACIA\SALIDA\D&P\Consolidado_Ventas.csv  (146,841 filas)
09:48:44  [etl.exhib_pagadas]  ✓ INFO      [stdout] ✅ Consolidado guardado: C:\Users\Usuario\OneDrive - Universidad de los Andes\Escritorio\PROYECTO_EFICACIA\SALIDA\D&P\Consolidado_Ventas.csv  (146,841 filas)
09:48:44  [etl.precios]       ✓ INFO      [stdout] ✅ Consolidado guardado: C:\Users\Usuario\OneDrive - Universidad de los Andes\Escritorio\PROYECTO_EFICACIA\SALIDA\D&P\Consolidado_Ventas.csv  (146,841 filas)
09:48:44  [etl.nopresencia]   ✓ INFO      [stdout] ✅ Consolidado guardado: C:\Users\Usuario\OneDrive - Universidad de los Andes\Escritorio\PROYECTO_EFICACIA\SALIDA\D&P\Consolidado_Ventas.csv  (146,841 filas)
09:48:44  [etl.sos]           ✓ INFO      [stdout] ✅ Consolidado guardado: C:\Users\Usuario\OneDrive - Universidad de los Andes\Escritorio\PROYECTO_EFICACIA\SALIDA\D&P\Consolidado_Ventas.csv  (146,841 filas)
09:48:44  [etl.exhib_pagadas]  ✓ INFO      [stdout] ✅ Consolidado guardado: C:\Users\Usuario\OneDrive - Universidad de los Andes\Escritorio\PROYECTO_EFICACIA\SALIDA\D&P\Consolidado_Ventas.csv  (146,841 filas)
09:48:44  [etl.ventas]        ✓ INFO      ETL Ventas D&P — completado (146,841 filas en consolidado)
09:48:49  [etl.ventas]        ✓ INFO      Duración total: 100.7s
09:48:49  [etl.orquestador]   ✓ INFO      ETL 'ventas' terminó — ✓ OK en 100.7s
    ✓ informe-gerencial-visitas_202605.xlsx — 168,566 filas
09:48:57  [etl.exhib_pagadas]  ✓ INFO      [stdout] ✓ informe-gerencial-visitas_202605.xlsx — 168,566 filas
09:48:57  [etl.precios]       ✓ INFO      [stdout] ✓ informe-gerencial-visitas_202605.xlsx — 168,566 filas
09:48:57  [etl.sos]           ✓ INFO      [stdout] ✓ informe-gerencial-visitas_202605.xlsx — 168,566 filas
09:48:57  [etl.nopresencia]   ✓ INFO      [stdout] ✓ informe-gerencial-visitas_202605.xlsx — 168,566 filas
09:48:57  [etl.exhib_gratis]  ✓ INFO      [stdout] ✓ informe-gerencial-visitas_202605.xlsx — 168,566 filas
09:48:57  [etl.exhib_pagadas]  ✓ INFO      [stdout] ✓ informe-gerencial-visitas_202605.xlsx — 168,566 filas
09:48:57  [etl.precios]       ✓ INFO      [stdout] ✓ informe-gerencial-visitas_202605.xlsx — 168,566 filas
09:48:57  [etl.nopresencia]   ✓ INFO      [stdout] ✓ informe-gerencial-visitas_202605.xlsx — 168,566 filas
09:48:57  [etl.sos]           ✓ INFO      [stdout] ✓ informe-gerencial-visitas_202605.xlsx — 168,566 filas
    🔎 Filtro Tipo de check-in: descartadas 156,222 filas 'Sin check-in' (92.7%); quedan 12,344 visitas efectivas.

  Encuestas consolidadas: 6,730 filas
  Plan de trabajo:         3,764 filas
  Visitas realizadas:      12,344 filas

── Módulo 1: Exhibiciones Pagadas ───────────────
  Implementadas pagadas:          2,321 filas

── Módulo 2: Exhibiciones Gratis y Concurso ─────
  Implementadas gratis/concurso: 1,298 filas

── Consolidando output ──────────────────────────
EXITO: Encuestas creadas en C:\Users\Usuario\OneDrive - Universidad de los Andes\Escritorio\PROYECTO_EFICACIA\SALIDA\NO PRESENCIA\NO_PRESENCIA_PROCESADO_MAYO_2026.xlsx
09:49:07  [etl.exhib_pagadas]  ✓ INFO      [stdout] EXITO: Encuestas creadas en C:\Users\Usuario\OneDrive - Universidad de los Andes\Escritorio\PROYECTO_EFICACIA\SALIDA\NO PRESENCIA\NO_PRESENCIA_PROCESADO_MAYO_2026.xlsx
09:49:07  [etl.precios]       ✓ INFO      [stdout] EXITO: Encuestas creadas en C:\Users\Usuario\OneDrive - Universidad de los Andes\Escritorio\PROYECTO_EFICACIA\SALIDA\NO PRESENCIA\NO_PRESENCIA_PROCESADO_MAYO_2026.xlsx
09:49:07  [etl.sos]           ✓ INFO      [stdout] EXITO: Encuestas creadas en C:\Users\Usuario\OneDrive - Universidad de los Andes\Escritorio\PROYECTO_EFICACIA\SALIDA\NO PRESENCIA\NO_PRESENCIA_PROCESADO_MAYO_2026.xlsx
09:49:07  [etl.nopresencia]   ✓ INFO      [stdout] EXITO: Encuestas creadas en C:\Users\Usuario\OneDrive - Universidad de los Andes\Escritorio\PROYECTO_EFICACIA\SALIDA\NO PRESENCIA\NO_PRESENCIA_PROCESADO_MAYO_2026.xlsx
09:49:07  [etl.exhib_gratis]  ✓ INFO      [stdout] EXITO: Encuestas creadas en C:\Users\Usuario\OneDrive - Universidad de los Andes\Escritorio\PROYECTO_EFICACIA\SALIDA\NO PRESENCIA\NO_PRESENCIA_PROCESADO_MAYO_2026.xlsx
09:49:07  [etl.exhib_pagadas]  ✓ INFO      [stdout] EXITO: Encuestas creadas en C:\Users\Usuario\OneDrive - Universidad de los Andes\Escritorio\PROYECTO_EFICACIA\SALIDA\NO PRESENCIA\NO_PRESENCIA_PROCESADO_MAYO_2026.xlsx
09:49:07  [etl.precios]       ✓ INFO      [stdout] EXITO: Encuestas creadas en C:\Users\Usuario\OneDrive - Universidad de los Andes\Escritorio\PROYECTO_EFICACIA\SALIDA\NO PRESENCIA\NO_PRESENCIA_PROCESADO_MAYO_2026.xlsx
09:49:07  [etl.nopresencia]   ✓ INFO      [stdout] EXITO: Encuestas creadas en C:\Users\Usuario\OneDrive - Universidad de los Andes\Escritorio\PROYECTO_EFICACIA\SALIDA\NO PRESENCIA\NO_PRESENCIA_PROCESADO_MAYO_2026.xlsx
09:49:07  [etl.sos]           ✓ INFO      [stdout] EXITO: Encuestas creadas en C:\Users\Usuario\OneDrive - Universidad de los Andes\Escritorio\PROYECTO_EFICACIA\SALIDA\NO PRESENCIA\NO_PRESENCIA_PROCESADO_MAYO_2026.xlsx
09:49:07  [etl.nopresencia]   ✓ INFO      Encuestas de No Presencia procesadas

--- INICIANDO: Bloque Plan de Trabajo (Semanas) ---

✓ Output escrito en: C:\Users\Usuario\OneDrive - Universidad de los Andes\Escritorio\PROYECTO_EFICACIA\SALIDA\EXHIBICIONES\Resultado exhibiciones gratis.xlsx
09:49:07  [etl.exhib_pagadas]  ✓ INFO      [stdout] ✓ Output escrito en: C:\Users\Usuario\OneDrive - Universidad de los Andes\Escritorio\PROYECTO_EFICACIA\SALIDA\EXHIBICIONES\Resultado exhibiciones gratis.xlsx
09:49:08  [etl.precios]       ✓ INFO      [stdout] ✓ Output escrito en: C:\Users\Usuario\OneDrive - Universidad de los Andes\Escritorio\PROYECTO_EFICACIA\SALIDA\EXHIBICIONES\Resultado exhibiciones gratis.xlsx
09:49:08  [etl.sos]           ✓ INFO      [stdout] ✓ Output escrito en: C:\Users\Usuario\OneDrive - Universidad de los Andes\Escritorio\PROYECTO_EFICACIA\SALIDA\EXHIBICIONES\Resultado exhibiciones gratis.xlsx
09:49:08  [etl.nopresencia]   ✓ INFO      [stdout] ✓ Output escrito en: C:\Users\Usuario\OneDrive - Universidad de los Andes\Escritorio\PROYECTO_EFICACIA\SALIDA\EXHIBICIONES\Resultado exhibiciones gratis.xlsx
09:49:08  [etl.exhib_gratis]  ✓ INFO      [stdout] ✓ Output escrito en: C:\Users\Usuario\OneDrive - Universidad de los Andes\Escritorio\PROYECTO_EFICACIA\SALIDA\EXHIBICIONES\Resultado exhibiciones gratis.xlsx
09:49:08  [etl.exhib_pagadas]  ✓ INFO      [stdout] ✓ Output escrito en: C:\Users\Usuario\OneDrive - Universidad de los Andes\Escritorio\PROYECTO_EFICACIA\SALIDA\EXHIBICIONES\Resultado exhibiciones gratis.xlsx
09:49:08  [etl.precios]       ✓ INFO      [stdout] ✓ Output escrito en: C:\Users\Usuario\OneDrive - Universidad de los Andes\Escritorio\PROYECTO_EFICACIA\SALIDA\EXHIBICIONES\Resultado exhibiciones gratis.xlsx
09:49:08  [etl.nopresencia]   ✓ INFO      [stdout] ✓ Output escrito en: C:\Users\Usuario\OneDrive - Universidad de los Andes\Escritorio\PROYECTO_EFICACIA\SALIDA\EXHIBICIONES\Resultado exhibiciones gratis.xlsx
09:49:08  [etl.sos]           ✓ INFO      [stdout] ✓ Output escrito en: C:\Users\Usuario\OneDrive - Universidad de los Andes\Escritorio\PROYECTO_EFICACIA\SALIDA\EXHIBICIONES\Resultado exhibiciones gratis.xlsx

── Resumen de Exhibiciones ──────────────────────
  Total Exhibiciones:                           4,455
  Total Exhibiciones Gratis:                    1,623
  Total Exhibiciones Pagadas:                   2,831

  Total Exhibiciones Alto Impacto:              2,093
  Total Exhibiciones Medio Impacto:             2,361
─────────────────────────────────────────────────

--- KPI (V3): RESUMEN EXHIBICIONES GRATIS por empleado  (Mayo_2026) ---
  Leyendo: Resultado exhibiciones gratis.xlsx (3619 filas)
  ✅ Mes activo: 108 empleados → EXHIBICIONES_GRATIS_KPIS.xlsx
09:49:10  [etl.exhib_pagadas]  ✓ INFO      [stdout] ✅ Mes activo: 108 empleados → EXHIBICIONES_GRATIS_KPIS.xlsx
09:49:10  [etl.precios]       ✓ INFO      [stdout] ✅ Mes activo: 108 empleados → EXHIBICIONES_GRATIS_KPIS.xlsx
09:49:10  [etl.sos]           ✓ INFO      [stdout] ✅ Mes activo: 108 empleados → EXHIBICIONES_GRATIS_KPIS.xlsx
09:49:10  [etl.nopresencia]   ✓ INFO      [stdout] ✅ Mes activo: 108 empleados → EXHIBICIONES_GRATIS_KPIS.xlsx
09:49:10  [etl.exhib_gratis]  ✓ INFO      [stdout] ✅ Mes activo: 108 empleados → EXHIBICIONES_GRATIS_KPIS.xlsx
09:49:10  [etl.exhib_pagadas]  ✓ INFO      [stdout] ✅ Mes activo: 108 empleados → EXHIBICIONES_GRATIS_KPIS.xlsx
09:49:10  [etl.precios]       ✓ INFO      [stdout] ✅ Mes activo: 108 empleados → EXHIBICIONES_GRATIS_KPIS.xlsx
09:49:10  [etl.nopresencia]   ✓ INFO      [stdout] ✅ Mes activo: 108 empleados → EXHIBICIONES_GRATIS_KPIS.xlsx
09:49:10  [etl.sos]           ✓ INFO      [stdout] ✅ Mes activo: 108 empleados → EXHIBICIONES_GRATIS_KPIS.xlsx
  ✅ Histórico → EXHIBICIONES_GRATIS_KPIS_HISTORICO.xlsx
09:49:12  [etl.exhib_pagadas]  ✓ INFO      [stdout] ✅ Histórico → EXHIBICIONES_GRATIS_KPIS_HISTORICO.xlsx
09:49:12  [etl.precios]       ✓ INFO      [stdout] ✅ Histórico → EXHIBICIONES_GRATIS_KPIS_HISTORICO.xlsx
09:49:12  [etl.sos]           ✓ INFO      [stdout] ✅ Histórico → EXHIBICIONES_GRATIS_KPIS_HISTORICO.xlsx
09:49:12  [etl.nopresencia]   ✓ INFO      [stdout] ✅ Histórico → EXHIBICIONES_GRATIS_KPIS_HISTORICO.xlsx
09:49:12  [etl.exhib_gratis]  ✓ INFO      [stdout] ✅ Histórico → EXHIBICIONES_GRATIS_KPIS_HISTORICO.xlsx
09:49:12  [etl.exhib_pagadas]  ✓ INFO      [stdout] ✅ Histórico → EXHIBICIONES_GRATIS_KPIS_HISTORICO.xlsx
09:49:12  [etl.precios]       ✓ INFO      [stdout] ✅ Histórico → EXHIBICIONES_GRATIS_KPIS_HISTORICO.xlsx
09:49:12  [etl.nopresencia]   ✓ INFO      [stdout] ✅ Histórico → EXHIBICIONES_GRATIS_KPIS_HISTORICO.xlsx
09:49:12  [etl.sos]           ✓ INFO      [stdout] ✅ Histórico → EXHIBICIONES_GRATIS_KPIS_HISTORICO.xlsx
09:49:12  [etl.exhib_gratis]  ✓ INFO      ETL Exhibiciones Gratis — completado
09:49:12  [etl.exhib_gratis]  ✓ INFO      Duración total: 214.8s
09:49:12  [etl.orquestador]   ✓ INFO      ETL 'exhib_gratis' terminó — ✓ OK en 214.8s
EXITO: Plan Procesado creado en C:\Users\Usuario\OneDrive - Universidad de los Andes\Escritorio\PROYECTO_EFICACIA\SALIDA\NO PRESENCIA\PLAN_TRABAJO_PROCESADO_MAYO_2026.xlsx
09:49:15  [etl.exhib_pagadas]  ✓ INFO      [stdout] EXITO: Plan Procesado creado en C:\Users\Usuario\OneDrive - Universidad de los Andes\Escritorio\PROYECTO_EFICACIA\SALIDA\NO PRESENCIA\PLAN_TRABAJO_PROCESADO_MAYO_2026.xlsx
09:49:15  [etl.precios]       ✓ INFO      [stdout] EXITO: Plan Procesado creado en C:\Users\Usuario\OneDrive - Universidad de los Andes\Escritorio\PROYECTO_EFICACIA\SALIDA\NO PRESENCIA\PLAN_TRABAJO_PROCESADO_MAYO_2026.xlsx
09:49:15  [etl.sos]           ✓ INFO      [stdout] EXITO: Plan Procesado creado en C:\Users\Usuario\OneDrive - Universidad de los Andes\Escritorio\PROYECTO_EFICACIA\SALIDA\NO PRESENCIA\PLAN_TRABAJO_PROCESADO_MAYO_2026.xlsx
09:49:15  [etl.nopresencia]   ✓ INFO      [stdout] EXITO: Plan Procesado creado en C:\Users\Usuario\OneDrive - Universidad de los Andes\Escritorio\PROYECTO_EFICACIA\SALIDA\NO PRESENCIA\PLAN_TRABAJO_PROCESADO_MAYO_2026.xlsx
09:49:15  [etl.exhib_gratis]  ✓ INFO      [stdout] EXITO: Plan Procesado creado en C:\Users\Usuario\OneDrive - Universidad de los Andes\Escritorio\PROYECTO_EFICACIA\SALIDA\NO PRESENCIA\PLAN_TRABAJO_PROCESADO_MAYO_2026.xlsx
09:49:15  [etl.exhib_pagadas]  ✓ INFO      [stdout] EXITO: Plan Procesado creado en C:\Users\Usuario\OneDrive - Universidad de los Andes\Escritorio\PROYECTO_EFICACIA\SALIDA\NO PRESENCIA\PLAN_TRABAJO_PROCESADO_MAYO_2026.xlsx
09:49:15  [etl.precios]       ✓ INFO      [stdout] EXITO: Plan Procesado creado en C:\Users\Usuario\OneDrive - Universidad de los Andes\Escritorio\PROYECTO_EFICACIA\SALIDA\NO PRESENCIA\PLAN_TRABAJO_PROCESADO_MAYO_2026.xlsx
09:49:15  [etl.nopresencia]   ✓ INFO      [stdout] EXITO: Plan Procesado creado en C:\Users\Usuario\OneDrive - Universidad de los Andes\Escritorio\PROYECTO_EFICACIA\SALIDA\NO PRESENCIA\PLAN_TRABAJO_PROCESADO_MAYO_2026.xlsx
09:49:15  [etl.sos]           ✓ INFO      [stdout] EXITO: Plan Procesado creado en C:\Users\Usuario\OneDrive - Universidad de los Andes\Escritorio\PROYECTO_EFICACIA\SALIDA\NO PRESENCIA\PLAN_TRABAJO_PROCESADO_MAYO_2026.xlsx
09:49:15  [etl.exhib_pagadas]  ✓ INFO      [stdout] EXITO: Plan Procesado creado en C:\Users\Usuario\OneDrive - Universidad de los Andes\Escritorio\PROYECTO_EFICACIA\SALIDA\NO PRESENCIA\PLAN_TRABAJO_PROCESADO_MAYO_2026.xlsx
09:49:15  [etl.precios]       ✓ INFO      [stdout] EXITO: Plan Procesado creado en C:\Users\Usuario\OneDrive - Universidad de los Andes\Escritorio\PROYECTO_EFICACIA\SALIDA\NO PRESENCIA\PLAN_TRABAJO_PROCESADO_MAYO_2026.xlsx
09:49:15  [etl.sos]           ✓ INFO      [stdout] EXITO: Plan Procesado creado en C:\Users\Usuario\OneDrive - Universidad de los Andes\Escritorio\PROYECTO_EFICACIA\SALIDA\NO PRESENCIA\PLAN_TRABAJO_PROCESADO_MAYO_2026.xlsx
09:49:15  [etl.nopresencia]   ✓ INFO      [stdout] EXITO: Plan Procesado creado en C:\Users\Usuario\OneDrive - Universidad de los Andes\Escritorio\PROYECTO_EFICACIA\SALIDA\NO PRESENCIA\PLAN_TRABAJO_PROCESADO_MAYO_2026.xlsx
09:49:15  [etl.cif]           ✓ INFO      [stdout] EXITO: Plan Procesado creado en C:\Users\Usuario\OneDrive - Universidad de los Andes\Escritorio\PROYECTO_EFICACIA\SALIDA\NO PRESENCIA\PLAN_TRABAJO_PROCESADO_MAYO_2026.xlsx
09:49:15  [etl.nopresencia]   ✓ INFO      Plan de Trabajo por semanas procesado

--- GENERANDO MATRIZ COMPARATIVA FINAL ---
🏁 FINALIZADO: Reporte generado exitosamente en C:\Users\Usuario\OneDrive - Universidad de los Andes\Escritorio\PROYECTO_EFICACIA\SALIDA\NO PRESENCIA\REPORTE_NO_PRESENCIA_MAYO_2026.xlsx
09:49:27  [etl.nopresencia]   ✓ INFO      Matriz de seguimiento generada

--- GENERANDO ANÁLISIS DE AGOTADOS (INVOLVES) ---
✅ ÉXITO: Reporte de Agotados generado en C:\Users\Usuario\OneDrive - Universidad de los Andes\Escritorio\PROYECTO_EFICACIA\SALIDA\NO PRESENCIA\ANALISIS_AGOTADOS_MAYO_2026.xlsx
09:49:42  [etl.exhib_pagadas]  ✓ INFO      [stdout] ✅ ÉXITO: Reporte de Agotados generado en C:\Users\Usuario\OneDrive - Universidad de los Andes\Escritorio\PROYECTO_EFICACIA\SALIDA\NO PRESENCIA\ANALISIS_AGOTADOS_MAYO_2026.xlsx
09:49:42  [etl.precios]       ✓ INFO      [stdout] ✅ ÉXITO: Reporte de Agotados generado en C:\Users\Usuario\OneDrive - Universidad de los Andes\Escritorio\PROYECTO_EFICACIA\SALIDA\NO PRESENCIA\ANALISIS_AGOTADOS_MAYO_2026.xlsx
09:49:42  [etl.sos]           ✓ INFO      [stdout] ✅ ÉXITO: Reporte de Agotados generado en C:\Users\Usuario\OneDrive - Universidad de los Andes\Escritorio\PROYECTO_EFICACIA\SALIDA\NO PRESENCIA\ANALISIS_AGOTADOS_MAYO_2026.xlsx
09:49:42  [etl.nopresencia]   ✓ INFO      [stdout] ✅ ÉXITO: Reporte de Agotados generado en C:\Users\Usuario\OneDrive - Universidad de los Andes\Escritorio\PROYECTO_EFICACIA\SALIDA\NO PRESENCIA\ANALISIS_AGOTADOS_MAYO_2026.xlsx
09:49:42  [etl.exhib_gratis]  ✓ INFO      [stdout] ✅ ÉXITO: Reporte de Agotados generado en C:\Users\Usuario\OneDrive - Universidad de los Andes\Escritorio\PROYECTO_EFICACIA\SALIDA\NO PRESENCIA\ANALISIS_AGOTADOS_MAYO_2026.xlsx
09:49:42  [etl.exhib_pagadas]  ✓ INFO      [stdout] ✅ ÉXITO: Reporte de Agotados generado en C:\Users\Usuario\OneDrive - Universidad de los Andes\Escritorio\PROYECTO_EFICACIA\SALIDA\NO PRESENCIA\ANALISIS_AGOTADOS_MAYO_2026.xlsx
09:49:42  [etl.precios]       ✓ INFO      [stdout] ✅ ÉXITO: Reporte de Agotados generado en C:\Users\Usuario\OneDrive - Universidad de los Andes\Escritorio\PROYECTO_EFICACIA\SALIDA\NO PRESENCIA\ANALISIS_AGOTADOS_MAYO_2026.xlsx
09:49:42  [etl.nopresencia]   ✓ INFO      [stdout] ✅ ÉXITO: Reporte de Agotados generado en C:\Users\Usuario\OneDrive - Universidad de los Andes\Escritorio\PROYECTO_EFICACIA\SALIDA\NO PRESENCIA\ANALISIS_AGOTADOS_MAYO_2026.xlsx
09:49:42  [etl.sos]           ✓ INFO      [stdout] ✅ ÉXITO: Reporte de Agotados generado en C:\Users\Usuario\OneDrive - Universidad de los Andes\Escritorio\PROYECTO_EFICACIA\SALIDA\NO PRESENCIA\ANALISIS_AGOTADOS_MAYO_2026.xlsx
09:49:42  [etl.exhib_pagadas]  ✓ INFO      [stdout] ✅ ÉXITO: Reporte de Agotados generado en C:\Users\Usuario\OneDrive - Universidad de los Andes\Escritorio\PROYECTO_EFICACIA\SALIDA\NO PRESENCIA\ANALISIS_AGOTADOS_MAYO_2026.xlsx
09:49:42  [etl.precios]       ✓ INFO      [stdout] ✅ ÉXITO: Reporte de Agotados generado en C:\Users\Usuario\OneDrive - Universidad de los Andes\Escritorio\PROYECTO_EFICACIA\SALIDA\NO PRESENCIA\ANALISIS_AGOTADOS_MAYO_2026.xlsx
09:49:42  [etl.sos]           ✓ INFO      [stdout] ✅ ÉXITO: Reporte de Agotados generado en C:\Users\Usuario\OneDrive - Universidad de los Andes\Escritorio\PROYECTO_EFICACIA\SALIDA\NO PRESENCIA\ANALISIS_AGOTADOS_MAYO_2026.xlsx
09:49:42  [etl.nopresencia]   ✓ INFO      [stdout] ✅ ÉXITO: Reporte de Agotados generado en C:\Users\Usuario\OneDrive - Universidad de los Andes\Escritorio\PROYECTO_EFICACIA\SALIDA\NO PRESENCIA\ANALISIS_AGOTADOS_MAYO_2026.xlsx
09:49:42  [etl.cif]           ✓ INFO      [stdout] ✅ ÉXITO: Reporte de Agotados generado en C:\Users\Usuario\OneDrive - Universidad de los Andes\Escritorio\PROYECTO_EFICACIA\SALIDA\NO PRESENCIA\ANALISIS_AGOTADOS_MAYO_2026.xlsx
09:49:42  [etl.nopresencia]   ✓ INFO      Análisis de agotados generado

--- PASO KPI (V3): RESUMEN NP por gestor  (Mayo_2026) ---
  Leyendo: REPORTE_NO_PRESENCIA_MAYO_2026.xlsx (2223 filas)
  ✅ Mes activo: 148 gestores → NO_PRESENCIA_KPIS.xlsx
09:49:44  [etl.exhib_pagadas]  ✓ INFO      [stdout] ✅ Mes activo: 148 gestores → NO_PRESENCIA_KPIS.xlsx
09:49:44  [etl.precios]       ✓ INFO      [stdout] ✅ Mes activo: 148 gestores → NO_PRESENCIA_KPIS.xlsx
09:49:44  [etl.sos]           ✓ INFO      [stdout] ✅ Mes activo: 148 gestores → NO_PRESENCIA_KPIS.xlsx
09:49:44  [etl.nopresencia]   ✓ INFO      [stdout] ✅ Mes activo: 148 gestores → NO_PRESENCIA_KPIS.xlsx
09:49:44  [etl.exhib_gratis]  ✓ INFO      [stdout] ✅ Mes activo: 148 gestores → NO_PRESENCIA_KPIS.xlsx
09:49:44  [etl.exhib_pagadas]  ✓ INFO      [stdout] ✅ Mes activo: 148 gestores → NO_PRESENCIA_KPIS.xlsx
09:49:44  [etl.precios]       ✓ INFO      [stdout] ✅ Mes activo: 148 gestores → NO_PRESENCIA_KPIS.xlsx
09:49:44  [etl.nopresencia]   ✓ INFO      [stdout] ✅ Mes activo: 148 gestores → NO_PRESENCIA_KPIS.xlsx
09:49:44  [etl.sos]           ✓ INFO      [stdout] ✅ Mes activo: 148 gestores → NO_PRESENCIA_KPIS.xlsx
09:49:44  [etl.exhib_pagadas]  ✓ INFO      [stdout] ✅ Mes activo: 148 gestores → NO_PRESENCIA_KPIS.xlsx
09:49:44  [etl.precios]       ✓ INFO      [stdout] ✅ Mes activo: 148 gestores → NO_PRESENCIA_KPIS.xlsx
09:49:44  [etl.sos]           ✓ INFO      [stdout] ✅ Mes activo: 148 gestores → NO_PRESENCIA_KPIS.xlsx
09:49:44  [etl.nopresencia]   ✓ INFO      [stdout] ✅ Mes activo: 148 gestores → NO_PRESENCIA_KPIS.xlsx
09:49:44  [etl.cif]           ✓ INFO      [stdout] ✅ Mes activo: 148 gestores → NO_PRESENCIA_KPIS.xlsx
  ✅ Histórico acumulado → NO_PRESENCIA_KPIS_HISTORICO.xlsx
09:49:44  [etl.exhib_pagadas]  ✓ INFO      [stdout] ✅ Histórico acumulado → NO_PRESENCIA_KPIS_HISTORICO.xlsx
09:49:44  [etl.precios]       ✓ INFO      [stdout] ✅ Histórico acumulado → NO_PRESENCIA_KPIS_HISTORICO.xlsx
09:49:44  [etl.sos]           ✓ INFO      [stdout] ✅ Histórico acumulado → NO_PRESENCIA_KPIS_HISTORICO.xlsx
09:49:44  [etl.nopresencia]   ✓ INFO      [stdout] ✅ Histórico acumulado → NO_PRESENCIA_KPIS_HISTORICO.xlsx
09:49:44  [etl.exhib_gratis]  ✓ INFO      [stdout] ✅ Histórico acumulado → NO_PRESENCIA_KPIS_HISTORICO.xlsx
09:49:44  [etl.exhib_pagadas]  ✓ INFO      [stdout] ✅ Histórico acumulado → NO_PRESENCIA_KPIS_HISTORICO.xlsx
09:49:44  [etl.precios]       ✓ INFO      [stdout] ✅ Histórico acumulado → NO_PRESENCIA_KPIS_HISTORICO.xlsx
09:49:44  [etl.nopresencia]   ✓ INFO      [stdout] ✅ Histórico acumulado → NO_PRESENCIA_KPIS_HISTORICO.xlsx
09:49:44  [etl.sos]           ✓ INFO      [stdout] ✅ Histórico acumulado → NO_PRESENCIA_KPIS_HISTORICO.xlsx
09:49:44  [etl.exhib_pagadas]  ✓ INFO      [stdout] ✅ Histórico acumulado → NO_PRESENCIA_KPIS_HISTORICO.xlsx
09:49:44  [etl.precios]       ✓ INFO      [stdout] ✅ Histórico acumulado → NO_PRESENCIA_KPIS_HISTORICO.xlsx
09:49:44  [etl.sos]           ✓ INFO      [stdout] ✅ Histórico acumulado → NO_PRESENCIA_KPIS_HISTORICO.xlsx
09:49:44  [etl.nopresencia]   ✓ INFO      [stdout] ✅ Histórico acumulado → NO_PRESENCIA_KPIS_HISTORICO.xlsx
09:49:44  [etl.cif]           ✓ INFO      [stdout] ✅ Histórico acumulado → NO_PRESENCIA_KPIS_HISTORICO.xlsx
09:49:44  [etl.nopresencia]   ✓ INFO      KPI no presencia consolidado
09:49:44  [etl.nopresencia]   ✓ INFO      ETL No Presencia — completado
09:49:44  [etl.nopresencia]   ✓ INFO      Duración total: 246.6s
09:49:44  [etl.orquestador]   ✓ INFO      ETL 'nopresencia' terminó — ✓ OK en 246.6s
✅ Paso 3 finalizado. Condición de Checkout Manual obligatoria aplicada.
09:49:50  [etl.exhib_pagadas]  ✓ INFO      [stdout] ✅ Paso 3 finalizado. Condición de Checkout Manual obligatoria aplicada.
09:49:50  [etl.precios]       ✓ INFO      [stdout] ✅ Paso 3 finalizado. Condición de Checkout Manual obligatoria aplicada.
09:49:50  [etl.sos]           ✓ INFO      [stdout] ✅ Paso 3 finalizado. Condición de Checkout Manual obligatoria aplicada.
09:49:50  [etl.nopresencia]   ✓ INFO      [stdout] ✅ Paso 3 finalizado. Condición de Checkout Manual obligatoria aplicada.
09:49:50  [etl.exhib_gratis]  ✓ INFO      [stdout] ✅ Paso 3 finalizado. Condición de Checkout Manual obligatoria aplicada.
09:49:50  [etl.exhib_pagadas]  ✓ INFO      [stdout] ✅ Paso 3 finalizado. Condición de Checkout Manual obligatoria aplicada.
09:49:50  [etl.precios]       ✓ INFO      [stdout] ✅ Paso 3 finalizado. Condición de Checkout Manual obligatoria aplicada.
09:49:50  [etl.nopresencia]   ✓ INFO      [stdout] ✅ Paso 3 finalizado. Condición de Checkout Manual obligatoria aplicada.
09:49:50  [etl.sos]           ✓ INFO      [stdout] ✅ Paso 3 finalizado. Condición de Checkout Manual obligatoria aplicada.
09:49:50  [etl.exhib_pagadas]  ✓ INFO      [stdout] ✅ Paso 3 finalizado. Condición de Checkout Manual obligatoria aplicada.
09:49:50  [etl.precios]       ✓ INFO      [stdout] ✅ Paso 3 finalizado. Condición de Checkout Manual obligatoria aplicada.
09:49:50  [etl.sos]           ✓ INFO      [stdout] ✅ Paso 3 finalizado. Condición de Checkout Manual obligatoria aplicada.
09:49:50  [etl.cif]           ✓ INFO      Paso 4 — Justificaciones

========================================
 INICIANDO PASO 4: JUSTIFICACIONES (CRUCE PRIORIZANDO BASE VENTAS)  (Mayo_2026)
========================================
✅ EXITO: Encuestas unidas (2 archivo(s)).
09:49:51  [etl.exhib_pagadas]  ✓ INFO      [stdout] ✅ EXITO: Encuestas unidas (2 archivo(s)).
09:49:51  [etl.precios]       ✓ INFO      [stdout] ✅ EXITO: Encuestas unidas (2 archivo(s)).
09:49:51  [etl.sos]           ✓ INFO      [stdout] ✅ EXITO: Encuestas unidas (2 archivo(s)).
09:49:51  [etl.nopresencia]   ✓ INFO      [stdout] ✅ EXITO: Encuestas unidas (2 archivo(s)).
09:49:51  [etl.exhib_gratis]  ✓ INFO      [stdout] ✅ EXITO: Encuestas unidas (2 archivo(s)).
09:49:51  [etl.exhib_pagadas]  ✓ INFO      [stdout] ✅ EXITO: Encuestas unidas (2 archivo(s)).
09:49:51  [etl.precios]       ✓ INFO      [stdout] ✅ EXITO: Encuestas unidas (2 archivo(s)).
09:49:51  [etl.nopresencia]   ✓ INFO      [stdout] ✅ EXITO: Encuestas unidas (2 archivo(s)).
09:49:51  [etl.sos]           ✓ INFO      [stdout] ✅ EXITO: Encuestas unidas (2 archivo(s)).
09:49:51  [etl.exhib_pagadas]  ✓ INFO      [stdout] ✅ EXITO: Encuestas unidas (2 archivo(s)).
09:49:51  [etl.precios]       ✓ INFO      [stdout] ✅ EXITO: Encuestas unidas (2 archivo(s)).
09:49:51  [etl.sos]           ✓ INFO      [stdout] ✅ EXITO: Encuestas unidas (2 archivo(s)).
09:49:51  [etl.sos]           ✓ INFO      Encuestas SOS consolidadas

--- PASO 3: Generando Reporte de Cumplimiento  (Mayo_2026) ---
✅ EXITO: Reporte de capturas generado con Captura Planeada, Fechas y periodo Mayo_2026.
09:50:15  [etl.exhib_pagadas]  ✓ INFO      [stdout] ✅ EXITO: Reporte de capturas generado con Captura Planeada, Fechas y periodo Mayo_2026.
09:50:15  [etl.precios]       ✓ INFO      [stdout] ✅ EXITO: Reporte de capturas generado con Captura Planeada, Fechas y periodo Mayo_2026.
09:50:15  [etl.sos]           ✓ INFO      [stdout] ✅ EXITO: Reporte de capturas generado con Captura Planeada, Fechas y periodo Mayo_2026.
09:50:15  [etl.nopresencia]   ✓ INFO      [stdout] ✅ EXITO: Reporte de capturas generado con Captura Planeada, Fechas y periodo Mayo_2026.
09:50:15  [etl.exhib_gratis]  ✓ INFO      [stdout] ✅ EXITO: Reporte de capturas generado con Captura Planeada, Fechas y periodo Mayo_2026.
09:50:15  [etl.exhib_pagadas]  ✓ INFO      [stdout] ✅ EXITO: Reporte de capturas generado con Captura Planeada, Fechas y periodo Mayo_2026.
09:50:15  [etl.precios]       ✓ INFO      [stdout] ✅ EXITO: Reporte de capturas generado con Captura Planeada, Fechas y periodo Mayo_2026.
09:50:15  [etl.nopresencia]   ✓ INFO      [stdout] ✅ EXITO: Reporte de capturas generado con Captura Planeada, Fechas y periodo Mayo_2026.
09:50:15  [etl.sos]           ✓ INFO      [stdout] ✅ EXITO: Reporte de capturas generado con Captura Planeada, Fechas y periodo Mayo_2026.
09:50:15  [etl.exhib_pagadas]  ✓ INFO      [stdout] ✅ EXITO: Reporte de capturas generado con Captura Planeada, Fechas y periodo Mayo_2026.
09:50:15  [etl.precios]       ✓ INFO      [stdout] ✅ EXITO: Reporte de capturas generado con Captura Planeada, Fechas y periodo Mayo_2026.
09:50:15  [etl.sos]           ✓ INFO      [stdout] ✅ EXITO: Reporte de capturas generado con Captura Planeada, Fechas y periodo Mayo_2026.
09:50:15  [etl.sos]           ✓ INFO      Cumplimiento de captura calculado

--- PASO 4: Normalizando Target  (Mayo_2026) ---
📂 Archivo detectado: Colombia-sos-target-202605.xlsx
✅ EXITO: Target normalizado guardado en: C:\Users\Usuario\OneDrive - Universidad de los Andes\Escritorio\PROYECTO_EFICACIA\BASES\SOS\Colombia_sos_target_Normalizado.xlsx
09:50:41  [etl.exhib_pagadas]  ✓ INFO      [stdout] ✅ EXITO: Target normalizado guardado en: C:\Users\Usuario\OneDrive - Universidad de los Andes\Escritorio\PROYECTO_EFICACIA\BASES\SOS\Colombia_sos_target_Normalizado.xlsx
09:50:41  [etl.precios]       ✓ INFO      [stdout] ✅ EXITO: Target normalizado guardado en: C:\Users\Usuario\OneDrive - Universidad de los Andes\Escritorio\PROYECTO_EFICACIA\BASES\SOS\Colombia_sos_target_Normalizado.xlsx
09:50:41  [etl.sos]           ✓ INFO      [stdout] ✅ EXITO: Target normalizado guardado en: C:\Users\Usuario\OneDrive - Universidad de los Andes\Escritorio\PROYECTO_EFICACIA\BASES\SOS\Colombia_sos_target_Normalizado.xlsx
09:50:41  [etl.nopresencia]   ✓ INFO      [stdout] ✅ EXITO: Target normalizado guardado en: C:\Users\Usuario\OneDrive - Universidad de los Andes\Escritorio\PROYECTO_EFICACIA\BASES\SOS\Colombia_sos_target_Normalizado.xlsx
09:50:41  [etl.exhib_gratis]  ✓ INFO      [stdout] ✅ EXITO: Target normalizado guardado en: C:\Users\Usuario\OneDrive - Universidad de los Andes\Escritorio\PROYECTO_EFICACIA\BASES\SOS\Colombia_sos_target_Normalizado.xlsx
09:50:41  [etl.exhib_pagadas]  ✓ INFO      [stdout] ✅ EXITO: Target normalizado guardado en: C:\Users\Usuario\OneDrive - Universidad de los Andes\Escritorio\PROYECTO_EFICACIA\BASES\SOS\Colombia_sos_target_Normalizado.xlsx
09:50:41  [etl.precios]       ✓ INFO      [stdout] ✅ EXITO: Target normalizado guardado en: C:\Users\Usuario\OneDrive - Universidad de los Andes\Escritorio\PROYECTO_EFICACIA\BASES\SOS\Colombia_sos_target_Normalizado.xlsx
09:50:41  [etl.nopresencia]   ✓ INFO      [stdout] ✅ EXITO: Target normalizado guardado en: C:\Users\Usuario\OneDrive - Universidad de los Andes\Escritorio\PROYECTO_EFICACIA\BASES\SOS\Colombia_sos_target_Normalizado.xlsx
09:50:41  [etl.sos]           ✓ INFO      [stdout] ✅ EXITO: Target normalizado guardado en: C:\Users\Usuario\OneDrive - Universidad de los Andes\Escritorio\PROYECTO_EFICACIA\BASES\SOS\Colombia_sos_target_Normalizado.xlsx
09:50:41  [etl.exhib_pagadas]  ✓ INFO      [stdout] ✅ EXITO: Target normalizado guardado en: C:\Users\Usuario\OneDrive - Universidad de los Andes\Escritorio\PROYECTO_EFICACIA\BASES\SOS\Colombia_sos_target_Normalizado.xlsx
09:50:41  [etl.precios]       ✓ INFO      [stdout] ✅ EXITO: Target normalizado guardado en: C:\Users\Usuario\OneDrive - Universidad de los Andes\Escritorio\PROYECTO_EFICACIA\BASES\SOS\Colombia_sos_target_Normalizado.xlsx
09:50:41  [etl.sos]           ✓ INFO      [stdout] ✅ EXITO: Target normalizado guardado en: C:\Users\Usuario\OneDrive - Universidad de los Andes\Escritorio\PROYECTO_EFICACIA\BASES\SOS\Colombia_sos_target_Normalizado.xlsx
09:50:41  [etl.sos]           ✓ INFO      Target normalizado

--- PASO 5: Generando Reporte Final (Cruce Triple y Cálculos)  (Mayo_2026) ---
⚠️  No se pudo leer el reporte SOS previo (Reindexing only valid with uniquely valued Index objects); se sobrescribe.
09:51:05  [etl.exhib_pagadas]  ⚠ WARNING   [stdout] ⚠️  No se pudo leer el reporte SOS previo (Reindexing only valid with uniquely valued Index objects); se sobrescribe.
09:51:05  [etl.precios]       ⚠ WARNING   [stdout] ⚠️  No se pudo leer el reporte SOS previo (Reindexing only valid with uniquely valued Index objects); se sobrescribe.
09:51:05  [etl.sos]           ⚠ WARNING   [stdout] ⚠️  No se pudo leer el reporte SOS previo (Reindexing only valid with uniquely valued Index objects); se sobrescribe.
09:51:05  [etl.nopresencia]   ⚠ WARNING   [stdout] ⚠️  No se pudo leer el reporte SOS previo (Reindexing only valid with uniquely valued Index objects); se sobrescribe.
09:51:05  [etl.exhib_gratis]  ⚠ WARNING   [stdout] ⚠️  No se pudo leer el reporte SOS previo (Reindexing only valid with uniquely valued Index objects); se sobrescribe.
09:51:05  [etl.exhib_pagadas]  ⚠ WARNING   [stdout] ⚠️  No se pudo leer el reporte SOS previo (Reindexing only valid with uniquely valued Index objects); se sobrescribe.
09:51:05  [etl.precios]       ⚠ WARNING   [stdout] ⚠️  No se pudo leer el reporte SOS previo (Reindexing only valid with uniquely valued Index objects); se sobrescribe.
09:51:05  [etl.nopresencia]   ⚠ WARNING   [stdout] ⚠️  No se pudo leer el reporte SOS previo (Reindexing only valid with uniquely valued Index objects); se sobrescribe.
09:51:05  [etl.sos]           ⚠ WARNING   [stdout] ⚠️  No se pudo leer el reporte SOS previo (Reindexing only valid with uniquely valued Index objects); se sobrescribe.
09:51:05  [etl.exhib_pagadas]  ⚠ WARNING   [stdout] ⚠️  No se pudo leer el reporte SOS previo (Reindexing only valid with uniquely valued Index objects); se sobrescribe.
09:51:05  [etl.precios]       ⚠ WARNING   [stdout] ⚠️  No se pudo leer el reporte SOS previo (Reindexing only valid with uniquely valued Index objects); se sobrescribe.
09:51:05  [etl.sos]           ⚠ WARNING   [stdout] ⚠️  No se pudo leer el reporte SOS previo (Reindexing only valid with uniquely valued Index objects); se sobrescribe.
✅ EXITO: Reporte Final SOS (Mayo_2026) generado en: C:\Users\Usuario\OneDrive - Universidad de los Andes\Escritorio\PROYECTO_EFICACIA\SALIDA\SOS\Reporte_SOS_Final_Calculado.xlsx
09:51:10  [etl.exhib_pagadas]  ✓ INFO      [stdout] ✅ EXITO: Reporte Final SOS (Mayo_2026) generado en: C:\Users\Usuario\OneDrive - Universidad de los Andes\Escritorio\PROYECTO_EFICACIA\SALIDA\SOS\Reporte_SOS_Final_Calculado.xlsx
09:51:10  [etl.precios]       ✓ INFO      [stdout] ✅ EXITO: Reporte Final SOS (Mayo_2026) generado en: C:\Users\Usuario\OneDrive - Universidad de los Andes\Escritorio\PROYECTO_EFICACIA\SALIDA\SOS\Reporte_SOS_Final_Calculado.xlsx
09:51:10  [etl.sos]           ✓ INFO      [stdout] ✅ EXITO: Reporte Final SOS (Mayo_2026) generado en: C:\Users\Usuario\OneDrive - Universidad de los Andes\Escritorio\PROYECTO_EFICACIA\SALIDA\SOS\Reporte_SOS_Final_Calculado.xlsx
09:51:10  [etl.nopresencia]   ✓ INFO      [stdout] ✅ EXITO: Reporte Final SOS (Mayo_2026) generado en: C:\Users\Usuario\OneDrive - Universidad de los Andes\Escritorio\PROYECTO_EFICACIA\SALIDA\SOS\Reporte_SOS_Final_Calculado.xlsx
09:51:10  [etl.exhib_gratis]  ✓ INFO      [stdout] ✅ EXITO: Reporte Final SOS (Mayo_2026) generado en: C:\Users\Usuario\OneDrive - Universidad de los Andes\Escritorio\PROYECTO_EFICACIA\SALIDA\SOS\Reporte_SOS_Final_Calculado.xlsx
09:51:10  [etl.exhib_pagadas]  ✓ INFO      [stdout] ✅ EXITO: Reporte Final SOS (Mayo_2026) generado en: C:\Users\Usuario\OneDrive - Universidad de los Andes\Escritorio\PROYECTO_EFICACIA\SALIDA\SOS\Reporte_SOS_Final_Calculado.xlsx
09:51:10  [etl.precios]       ✓ INFO      [stdout] ✅ EXITO: Reporte Final SOS (Mayo_2026) generado en: C:\Users\Usuario\OneDrive - Universidad de los Andes\Escritorio\PROYECTO_EFICACIA\SALIDA\SOS\Reporte_SOS_Final_Calculado.xlsx
09:51:10  [etl.nopresencia]   ✓ INFO      [stdout] ✅ EXITO: Reporte Final SOS (Mayo_2026) generado en: C:\Users\Usuario\OneDrive - Universidad de los Andes\Escritorio\PROYECTO_EFICACIA\SALIDA\SOS\Reporte_SOS_Final_Calculado.xlsx
09:51:10  [etl.sos]           ✓ INFO      [stdout] ✅ EXITO: Reporte Final SOS (Mayo_2026) generado en: C:\Users\Usuario\OneDrive - Universidad de los Andes\Escritorio\PROYECTO_EFICACIA\SALIDA\SOS\Reporte_SOS_Final_Calculado.xlsx
09:51:10  [etl.exhib_pagadas]  ✓ INFO      [stdout] ✅ EXITO: Reporte Final SOS (Mayo_2026) generado en: C:\Users\Usuario\OneDrive - Universidad de los Andes\Escritorio\PROYECTO_EFICACIA\SALIDA\SOS\Reporte_SOS_Final_Calculado.xlsx
09:51:10  [etl.precios]       ✓ INFO      [stdout] ✅ EXITO: Reporte Final SOS (Mayo_2026) generado en: C:\Users\Usuario\OneDrive - Universidad de los Andes\Escritorio\PROYECTO_EFICACIA\SALIDA\SOS\Reporte_SOS_Final_Calculado.xlsx
09:51:10  [etl.sos]           ✓ INFO      [stdout] ✅ EXITO: Reporte Final SOS (Mayo_2026) generado en: C:\Users\Usuario\OneDrive - Universidad de los Andes\Escritorio\PROYECTO_EFICACIA\SALIDA\SOS\Reporte_SOS_Final_Calculado.xlsx
09:51:10  [etl.sos]           ✓ INFO      Cruce triple y cálculo SOS completado

--- PASO 6 (V3): RESUMEN KPI SOS por gestor  (Mayo_2026) ---
  Leyendo: Cumplimiento_Captura_SOS.xlsx (482 filas)
  ✅ Mes activo: 74 gestores → SOS_KPIS.xlsx
09:51:12  [etl.exhib_pagadas]  ✓ INFO      [stdout] ✅ Mes activo: 74 gestores → SOS_KPIS.xlsx
09:51:12  [etl.precios]       ✓ INFO      [stdout] ✅ Mes activo: 74 gestores → SOS_KPIS.xlsx
09:51:12  [etl.sos]           ✓ INFO      [stdout] ✅ Mes activo: 74 gestores → SOS_KPIS.xlsx
09:51:12  [etl.nopresencia]   ✓ INFO      [stdout] ✅ Mes activo: 74 gestores → SOS_KPIS.xlsx
09:51:12  [etl.exhib_gratis]  ✓ INFO      [stdout] ✅ Mes activo: 74 gestores → SOS_KPIS.xlsx
09:51:12  [etl.exhib_pagadas]  ✓ INFO      [stdout] ✅ Mes activo: 74 gestores → SOS_KPIS.xlsx
09:51:12  [etl.precios]       ✓ INFO      [stdout] ✅ Mes activo: 74 gestores → SOS_KPIS.xlsx
09:51:12  [etl.nopresencia]   ✓ INFO      [stdout] ✅ Mes activo: 74 gestores → SOS_KPIS.xlsx
09:51:12  [etl.sos]           ✓ INFO      [stdout] ✅ Mes activo: 74 gestores → SOS_KPIS.xlsx
09:51:12  [etl.exhib_pagadas]  ✓ INFO      [stdout] ✅ Mes activo: 74 gestores → SOS_KPIS.xlsx
09:51:12  [etl.precios]       ✓ INFO      [stdout] ✅ Mes activo: 74 gestores → SOS_KPIS.xlsx
09:51:12  [etl.sos]           ✓ INFO      [stdout] ✅ Mes activo: 74 gestores → SOS_KPIS.xlsx
  ✅ Histórico acumulado → SOS_KPIS_HISTORICO.xlsx
09:51:12  [etl.exhib_pagadas]  ✓ INFO      [stdout] ✅ Histórico acumulado → SOS_KPIS_HISTORICO.xlsx
09:51:12  [etl.precios]       ✓ INFO      [stdout] ✅ Histórico acumulado → SOS_KPIS_HISTORICO.xlsx
09:51:12  [etl.sos]           ✓ INFO      [stdout] ✅ Histórico acumulado → SOS_KPIS_HISTORICO.xlsx
09:51:12  [etl.nopresencia]   ✓ INFO      [stdout] ✅ Histórico acumulado → SOS_KPIS_HISTORICO.xlsx
09:51:12  [etl.exhib_gratis]  ✓ INFO      [stdout] ✅ Histórico acumulado → SOS_KPIS_HISTORICO.xlsx
09:51:12  [etl.exhib_pagadas]  ✓ INFO      [stdout] ✅ Histórico acumulado → SOS_KPIS_HISTORICO.xlsx
09:51:12  [etl.precios]       ✓ INFO      [stdout] ✅ Histórico acumulado → SOS_KPIS_HISTORICO.xlsx
09:51:12  [etl.nopresencia]   ✓ INFO      [stdout] ✅ Histórico acumulado → SOS_KPIS_HISTORICO.xlsx
09:51:12  [etl.sos]           ✓ INFO      [stdout] ✅ Histórico acumulado → SOS_KPIS_HISTORICO.xlsx
09:51:12  [etl.exhib_pagadas]  ✓ INFO      [stdout] ✅ Histórico acumulado → SOS_KPIS_HISTORICO.xlsx
09:51:12  [etl.precios]       ✓ INFO      [stdout] ✅ Histórico acumulado → SOS_KPIS_HISTORICO.xlsx
09:51:12  [etl.sos]           ✓ INFO      [stdout] ✅ Histórico acumulado → SOS_KPIS_HISTORICO.xlsx
09:51:12  [etl.sos]           ✓ INFO      KPI SOS consolidado
09:51:12  [etl.sos]           ✓ INFO      ETL SOS — completado
09:51:13  [etl.sos]           ✓ INFO      Duración total: 335.0s
09:51:13  [etl.orquestador]   ✓ INFO      ETL 'sos' terminó — ✓ OK en 335.0s
✅ Paso 4 finalizado: IDs unificados (Ventas > Plan) y justificaciones procesadas.
09:51:13  [etl.exhib_pagadas]  ✓ INFO      [stdout] ✅ Paso 4 finalizado: IDs unificados (Ventas > Plan) y justificaciones procesadas.
09:51:13  [etl.precios]       ✓ INFO      [stdout] ✅ Paso 4 finalizado: IDs unificados (Ventas > Plan) y justificaciones procesadas.
09:51:13  [etl.sos]           ✓ INFO      [stdout] ✅ Paso 4 finalizado: IDs unificados (Ventas > Plan) y justificaciones procesadas.
09:51:13  [etl.nopresencia]   ✓ INFO      [stdout] ✅ Paso 4 finalizado: IDs unificados (Ventas > Plan) y justificaciones procesadas.
09:51:13  [etl.exhib_gratis]  ✓ INFO      [stdout] ✅ Paso 4 finalizado: IDs unificados (Ventas > Plan) y justificaciones procesadas.
09:51:13  [etl.exhib_pagadas]  ✓ INFO      [stdout] ✅ Paso 4 finalizado: IDs unificados (Ventas > Plan) y justificaciones procesadas.
09:51:13  [etl.precios]       ✓ INFO      [stdout] ✅ Paso 4 finalizado: IDs unificados (Ventas > Plan) y justificaciones procesadas.
09:51:13  [etl.nopresencia]   ✓ INFO      [stdout] ✅ Paso 4 finalizado: IDs unificados (Ventas > Plan) y justificaciones procesadas.
09:51:13  [etl.sos]           ✓ INFO      [stdout] ✅ Paso 4 finalizado: IDs unificados (Ventas > Plan) y justificaciones procesadas.
09:51:13  [etl.exhib_pagadas]  ✓ INFO      [stdout] ✅ Paso 4 finalizado: IDs unificados (Ventas > Plan) y justificaciones procesadas.
09:51:13  [etl.precios]       ✓ INFO      [stdout] ✅ Paso 4 finalizado: IDs unificados (Ventas > Plan) y justificaciones procesadas.
09:51:13  [etl.cif]           ✓ INFO      Paso 5 — Agrupación visitas (unificación gestores)

========================================
 INICIANDO PASO 5: CONSOLIDACIÓN (CORRECCIÓN DE ID FORMATO .0)
========================================
✅ ¡Proceso Limpio! IDs corregidos y apoyos sumados al Gestor.
09:51:13  [etl.exhib_pagadas]  ✓ INFO      [stdout] ✅ ¡Proceso Limpio! IDs corregidos y apoyos sumados al Gestor.
09:51:13  [etl.precios]       ✓ INFO      [stdout] ✅ ¡Proceso Limpio! IDs corregidos y apoyos sumados al Gestor.
09:51:13  [etl.sos]           ✓ INFO      [stdout] ✅ ¡Proceso Limpio! IDs corregidos y apoyos sumados al Gestor.
09:51:13  [etl.nopresencia]   ✓ INFO      [stdout] ✅ ¡Proceso Limpio! IDs corregidos y apoyos sumados al Gestor.
09:51:13  [etl.exhib_gratis]  ✓ INFO      [stdout] ✅ ¡Proceso Limpio! IDs corregidos y apoyos sumados al Gestor.
09:51:13  [etl.exhib_pagadas]  ✓ INFO      [stdout] ✅ ¡Proceso Limpio! IDs corregidos y apoyos sumados al Gestor.
09:51:13  [etl.precios]       ✓ INFO      [stdout] ✅ ¡Proceso Limpio! IDs corregidos y apoyos sumados al Gestor.
09:51:13  [etl.nopresencia]   ✓ INFO      [stdout] ✅ ¡Proceso Limpio! IDs corregidos y apoyos sumados al Gestor.
09:51:13  [etl.sos]           ✓ INFO      [stdout] ✅ ¡Proceso Limpio! IDs corregidos y apoyos sumados al Gestor.
09:51:13  [etl.exhib_pagadas]  ✓ INFO      [stdout] ✅ ¡Proceso Limpio! IDs corregidos y apoyos sumados al Gestor.
09:51:13  [etl.precios]       ✓ INFO      [stdout] ✅ ¡Proceso Limpio! IDs corregidos y apoyos sumados al Gestor.
09:51:13  [etl.cif]           ✓ INFO      Paso 6 — Generación de alertas de tiempos inconsistentes

========================================
 INICIANDO PASO 6: GENERACIÓN DE ALERTAS (RUTA CIF SALIDA)
========================================
⚠️ AUDITORÍA: Se detectaron 97 registros con tiempos > 9h.
09:51:13  [etl.exhib_pagadas]  ⚠ WARNING   [stdout] ⚠️ AUDITORÍA: Se detectaron 97 registros con tiempos > 9h.
09:51:13  [etl.precios]       ⚠ WARNING   [stdout] ⚠️ AUDITORÍA: Se detectaron 97 registros con tiempos > 9h.
09:51:13  [etl.sos]           ⚠ WARNING   [stdout] ⚠️ AUDITORÍA: Se detectaron 97 registros con tiempos > 9h.
09:51:13  [etl.nopresencia]   ⚠ WARNING   [stdout] ⚠️ AUDITORÍA: Se detectaron 97 registros con tiempos > 9h.
09:51:13  [etl.exhib_gratis]  ⚠ WARNING   [stdout] ⚠️ AUDITORÍA: Se detectaron 97 registros con tiempos > 9h.
09:51:13  [etl.exhib_pagadas]  ⚠ WARNING   [stdout] ⚠️ AUDITORÍA: Se detectaron 97 registros con tiempos > 9h.
09:51:13  [etl.precios]       ⚠ WARNING   [stdout] ⚠️ AUDITORÍA: Se detectaron 97 registros con tiempos > 9h.
09:51:13  [etl.nopresencia]   ⚠ WARNING   [stdout] ⚠️ AUDITORÍA: Se detectaron 97 registros con tiempos > 9h.
09:51:13  [etl.sos]           ⚠ WARNING   [stdout] ⚠️ AUDITORÍA: Se detectaron 97 registros con tiempos > 9h.
09:51:13  [etl.exhib_pagadas]  ⚠ WARNING   [stdout] ⚠️ AUDITORÍA: Se detectaron 97 registros con tiempos > 9h.
09:51:13  [etl.precios]       ⚠ WARNING   [stdout] ⚠️ AUDITORÍA: Se detectaron 97 registros con tiempos > 9h.
📁 Archivo de alertas generado en: C:\Users\Usuario\OneDrive - Universidad de los Andes\Escritorio\PROYECTO_EFICACIA\SALIDA\CIF\ALERTAS_TIEMPOS_INCONSISTENTES.csv
========================================
09:51:13  [etl.cif]           ✓ INFO      Paso 7 — Resultado final Excel

========================================
 INICIANDO PASO 7: ESTRUCTURACIÓN FINAL  (Mayo_2026)
========================================
📅 Periodo confirmado: 05/2026
  🔧 H4 fallback: 0 filas del plan rescatadas via CEDULA.
✅ ¡LISTO! Excel generado para el periodo 5/2026.
09:51:18  [etl.exhib_pagadas]  ✓ INFO      [stdout] ✅ ¡LISTO! Excel generado para el periodo 5/2026.
09:51:18  [etl.precios]       ✓ INFO      [stdout] ✅ ¡LISTO! Excel generado para el periodo 5/2026.
09:51:18  [etl.sos]           ✓ INFO      [stdout] ✅ ¡LISTO! Excel generado para el periodo 5/2026.
09:51:18  [etl.nopresencia]   ✓ INFO      [stdout] ✅ ¡LISTO! Excel generado para el periodo 5/2026.
09:51:18  [etl.exhib_gratis]  ✓ INFO      [stdout] ✅ ¡LISTO! Excel generado para el periodo 5/2026.
09:51:18  [etl.exhib_pagadas]  ✓ INFO      [stdout] ✅ ¡LISTO! Excel generado para el periodo 5/2026.
09:51:18  [etl.precios]       ✓ INFO      [stdout] ✅ ¡LISTO! Excel generado para el periodo 5/2026.
09:51:18  [etl.nopresencia]   ✓ INFO      [stdout] ✅ ¡LISTO! Excel generado para el periodo 5/2026.
09:51:18  [etl.sos]           ✓ INFO      [stdout] ✅ ¡LISTO! Excel generado para el periodo 5/2026.
09:51:18  [etl.exhib_pagadas]  ✓ INFO      [stdout] ✅ ¡LISTO! Excel generado para el periodo 5/2026.
09:51:18  [etl.precios]       ✓ INFO      [stdout] ✅ ¡LISTO! Excel generado para el periodo 5/2026.
📁 C:\Users\Usuario\OneDrive - Universidad de los Andes\Escritorio\PROYECTO_EFICACIA\SALIDA\CIF\CIF.xlsx
📁 C:\Users\Usuario\OneDrive - Universidad de los Andes\Escritorio\PROYECTO_EFICACIA\SALIDA\CIF\Plan de trabajo.xlsx  (alias legacy)
========================================
09:51:18  [etl.cif]           ✓ INFO      Paso 8 — KPIs por gestor

========================================
 INICIANDO PASO 8: RESUMEN KPIS POR GESTOR (V3)  (Mayo_2026)
========================================
  Leyendo: C:\Users\Usuario\OneDrive - Universidad de los Andes\Escritorio\PROYECTO_EFICACIA\SALIDA\CIF\CIF.xlsx
  ✅ Mes activo  (05/2026): 148 gestores → KPIS_CIF.xlsx
09:51:19  [etl.exhib_pagadas]  ✓ INFO      [stdout] ✅ Mes activo  (05/2026): 148 gestores → KPIS_CIF.xlsx
09:51:19  [etl.precios]       ✓ INFO      [stdout] ✅ Mes activo  (05/2026): 148 gestores → KPIS_CIF.xlsx
09:51:19  [etl.sos]           ✓ INFO      [stdout] ✅ Mes activo  (05/2026): 148 gestores → KPIS_CIF.xlsx
09:51:19  [etl.nopresencia]   ✓ INFO      [stdout] ✅ Mes activo  (05/2026): 148 gestores → KPIS_CIF.xlsx
09:51:19  [etl.exhib_gratis]  ✓ INFO      [stdout] ✅ Mes activo  (05/2026): 148 gestores → KPIS_CIF.xlsx
09:51:19  [etl.exhib_pagadas]  ✓ INFO      [stdout] ✅ Mes activo  (05/2026): 148 gestores → KPIS_CIF.xlsx
09:51:19  [etl.precios]       ✓ INFO      [stdout] ✅ Mes activo  (05/2026): 148 gestores → KPIS_CIF.xlsx
09:51:19  [etl.nopresencia]   ✓ INFO      [stdout] ✅ Mes activo  (05/2026): 148 gestores → KPIS_CIF.xlsx
09:51:19  [etl.sos]           ✓ INFO      [stdout] ✅ Mes activo  (05/2026): 148 gestores → KPIS_CIF.xlsx
09:51:19  [etl.exhib_pagadas]  ✓ INFO      [stdout] ✅ Mes activo  (05/2026): 148 gestores → KPIS_CIF.xlsx
09:51:19  [etl.precios]       ✓ INFO      [stdout] ✅ Mes activo  (05/2026): 148 gestores → KPIS_CIF.xlsx
  ✅ Histórico: 453 filas totales → KPIS_CIF_HISTORICO.xlsx
09:51:19  [etl.exhib_pagadas]  ✓ INFO      [stdout] ✅ Histórico: 453 filas totales → KPIS_CIF_HISTORICO.xlsx
09:51:19  [etl.precios]       ✓ INFO      [stdout] ✅ Histórico: 453 filas totales → KPIS_CIF_HISTORICO.xlsx
09:51:19  [etl.sos]           ✓ INFO      [stdout] ✅ Histórico: 453 filas totales → KPIS_CIF_HISTORICO.xlsx
09:51:19  [etl.nopresencia]   ✓ INFO      [stdout] ✅ Histórico: 453 filas totales → KPIS_CIF_HISTORICO.xlsx
09:51:19  [etl.exhib_gratis]  ✓ INFO      [stdout] ✅ Histórico: 453 filas totales → KPIS_CIF_HISTORICO.xlsx
09:51:19  [etl.exhib_pagadas]  ✓ INFO      [stdout] ✅ Histórico: 453 filas totales → KPIS_CIF_HISTORICO.xlsx
09:51:19  [etl.precios]       ✓ INFO      [stdout] ✅ Histórico: 453 filas totales → KPIS_CIF_HISTORICO.xlsx
09:51:19  [etl.nopresencia]   ✓ INFO      [stdout] ✅ Histórico: 453 filas totales → KPIS_CIF_HISTORICO.xlsx
09:51:19  [etl.sos]           ✓ INFO      [stdout] ✅ Histórico: 453 filas totales → KPIS_CIF_HISTORICO.xlsx
09:51:19  [etl.exhib_pagadas]  ✓ INFO      [stdout] ✅ Histórico: 453 filas totales → KPIS_CIF_HISTORICO.xlsx
09:51:19  [etl.precios]       ✓ INFO      [stdout] ✅ Histórico: 453 filas totales → KPIS_CIF_HISTORICO.xlsx
========================================
09:51:19  [etl.cif]           ✓ INFO      ETL CIF — completado
09:51:19  [etl.cif]           ✓ INFO      Duración total: 341.6s
09:51:19  [etl.orquestador]   ✓ INFO      ETL 'cif' terminó — ✓ OK en 341.6s
09:51:19  [etl.orquestador]   ✓ INFO      ════════════════════════════════════════════════════════
09:51:19  [etl.orquestador]   ✓ INFO      REPORTE DE EJECUCIÓN
09:51:19  [etl.orquestador]   ✓ INFO      ════════════════════════════════════════════════════════
09:51:19  [etl.orquestador]   ✓ INFO        ETL                    Estado           Tiempo
09:51:19  [etl.orquestador]   ✓ INFO        ────────────────────── ────────────── ────────
09:51:19  [etl.orquestador]   ✓ INFO        cif                    ✓ OK             341.6s
09:51:19  [etl.orquestador]   ✓ INFO        nopresencia            ✓ OK             246.6s
09:51:19  [etl.orquestador]   ✓ INFO        precios                ✓ OK             166.1s
09:51:19  [etl.orquestador]   ✓ INFO        sos                    ✓ OK             335.0s
09:51:19  [etl.orquestador]   ✓ INFO        exhib_pagadas          ✓ OK              84.9s
09:51:19  [etl.orquestador]   ✓ INFO        exhib_gratis           ✓ OK             214.8s
09:51:19  [etl.orquestador]   ✓ INFO        ventas                 ✓ OK             100.7s
09:51:19  [etl.orquestador]   ✓ INFO        impactos               ✓ OK               2.8s
09:51:19  [etl.orquestador]   ✓ INFO        ────────────────────── ────────────── ────────
09:51:19  [etl.orquestador]   ✓ INFO        shared_loader          ✓ OK               2.9s
09:51:19  [etl.orquestador]   ✓ INFO        TOTAL (paralelo)                        344.5s
09:51:19  [etl.orquestador]   ✓ INFO        Sin paralelismo (est.)                 1495.5s
09:51:19  [etl.orquestador]   ✓ INFO        Ahorro estimado                        1150.9s
09:51:19  [etl.orquestador]   ✓ INFO      ────────────────────────────────────────────────────────
09:51:19  [etl.orquestador]   ✓ INFO      Eventos: 0 CRITICAL  |  0 ERROR  |  50 WARNING
09:51:19  [etl.orquestador]   ✓ INFO      ························································
09:51:19  [etl.orquestador]   ✓ INFO        WARNING (50)
09:51:19  [etl.orquestador]   ✓ INFO      ························································
09:51:19  [etl.orquestador]   ✓ INFO        09:25:40  [shared_loader]     [DIRECTO] Módulo 'precios': el filtro devolvió 0 filas (columna 'PRECIOS' sin valores = 1, o IDs sin coincidencia en el PT)
09:51:19  [etl.orquestador]   ✓ INFO        09:34:45  [exhib_pagadas]     [stdout] ⚠️  No se pudo leer el reporte SOS previo (Reindexing only valid with uniquely valued Index objects); se sobrescribe.
09:51:19  [etl.orquestador]   ✓ INFO        09:34:45  [precios]           [stdout] ⚠️  No se pudo leer el reporte SOS previo (Reindexing only valid with uniquely valued Index objects); se sobrescribe.
09:51:19  [etl.orquestador]   ✓ INFO        09:34:45  [sos]               [stdout] ⚠️  No se pudo leer el reporte SOS previo (Reindexing only valid with uniquely valued Index objects); se sobrescribe.
09:51:19  [etl.orquestador]   ✓ INFO        09:34:45  [nopresencia]       [stdout] ⚠️  No se pudo leer el reporte SOS previo (Reindexing only valid with uniquely valued Index objects); se sobrescribe.
09:51:19  [etl.orquestador]   ✓ INFO        09:36:27  [exhib_pagadas]     [stdout] ⚠️ AUDITORÍA: Se detectaron 26 registros con tiempos > 9h.
09:51:19  [etl.orquestador]   ✓ INFO        09:36:27  [precios]           [stdout] ⚠️ AUDITORÍA: Se detectaron 26 registros con tiempos > 9h.
09:51:19  [etl.orquestador]   ✓ INFO        09:36:27  [sos]               [stdout] ⚠️ AUDITORÍA: Se detectaron 26 registros con tiempos > 9h.
09:51:19  [etl.orquestador]   ✓ INFO        09:36:35  [shared_loader]     [DIRECTO] Módulo 'precios': el filtro devolvió 0 filas (columna 'PRECIOS' sin valores = 1, o IDs sin coincidencia en el PT)
09:51:19  [etl.orquestador]   ✓ INFO        09:44:20  [exhib_pagadas]     [stdout] ⚠️  No se pudo leer el reporte SOS previo (Reindexing only valid with uniquely valued Index objects); se sobrescribe.
09:51:19  [etl.orquestador]   ✓ INFO        09:44:20  [precios]           [stdout] ⚠️  No se pudo leer el reporte SOS previo (Reindexing only valid with uniquely valued Index objects); se sobrescribe.
09:51:19  [etl.orquestador]   ✓ INFO        09:44:20  [sos]               [stdout] ⚠️  No se pudo leer el reporte SOS previo (Reindexing only valid with uniquely valued Index objects); se sobrescribe.
09:51:19  [etl.orquestador]   ✓ INFO        09:44:20  [nopresencia]       [stdout] ⚠️  No se pudo leer el reporte SOS previo (Reindexing only valid with uniquely valued Index objects); se sobrescribe.
09:51:19  [etl.orquestador]   ✓ INFO        09:44:20  [exhib_gratis]      [stdout] ⚠️  No se pudo leer el reporte SOS previo (Reindexing only valid with uniquely valued Index objects); se sobrescribe.
09:51:19  [etl.orquestador]   ✓ INFO        09:44:20  [exhib_pagadas]     [stdout] ⚠️  No se pudo leer el reporte SOS previo (Reindexing only valid with uniquely valued Index objects); se sobrescribe.
09:51:19  [etl.orquestador]   ✓ INFO        09:44:20  [precios]           [stdout] ⚠️  No se pudo leer el reporte SOS previo (Reindexing only valid with uniquely valued Index objects); se sobrescribe.
09:51:19  [etl.orquestador]   ✓ INFO        09:44:20  [nopresencia]       [stdout] ⚠️  No se pudo leer el reporte SOS previo (Reindexing only valid with uniquely valued Index objects); se sobrescribe.
09:51:19  [etl.orquestador]   ✓ INFO        09:44:20  [sos]               [stdout] ⚠️  No se pudo leer el reporte SOS previo (Reindexing only valid with uniquely valued Index objects); se sobrescribe.
09:51:19  [etl.orquestador]   ✓ INFO        09:44:20  [cif]               [stdout] ⚠️  No se pudo leer el reporte SOS previo (Reindexing only valid with uniquely valued Index objects); se sobrescribe.
09:51:19  [etl.orquestador]   ✓ INFO        09:45:29  [exhib_pagadas]     [stdout] ⚠️ AUDITORÍA: Se detectaron 63 registros con tiempos > 9h.
09:51:19  [etl.orquestador]   ✓ INFO        09:45:29  [precios]           [stdout] ⚠️ AUDITORÍA: Se detectaron 63 registros con tiempos > 9h.
09:51:19  [etl.orquestador]   ✓ INFO        09:45:29  [sos]               [stdout] ⚠️ AUDITORÍA: Se detectaron 63 registros con tiempos > 9h.
09:51:19  [etl.orquestador]   ✓ INFO        09:45:29  [nopresencia]       [stdout] ⚠️ AUDITORÍA: Se detectaron 63 registros con tiempos > 9h.
09:51:19  [etl.orquestador]   ✓ INFO        09:45:29  [exhib_gratis]      [stdout] ⚠️ AUDITORÍA: Se detectaron 63 registros con tiempos > 9h.
09:51:19  [etl.orquestador]   ✓ INFO        09:45:29  [exhib_pagadas]     [stdout] ⚠️ AUDITORÍA: Se detectaron 63 registros con tiempos > 9h.
09:51:19  [etl.orquestador]   ✓ INFO        09:45:29  [precios]           [stdout] ⚠️ AUDITORÍA: Se detectaron 63 registros con tiempos > 9h.
09:51:19  [etl.orquestador]   ✓ INFO        09:45:29  [nopresencia]       [stdout] ⚠️ AUDITORÍA: Se detectaron 63 registros con tiempos > 9h.
09:51:19  [etl.orquestador]   ✓ INFO        09:51:05  [exhib_pagadas]     [stdout] ⚠️  No se pudo leer el reporte SOS previo (Reindexing only valid with uniquely valued Index objects); se sobrescribe.
09:51:19  [etl.orquestador]   ✓ INFO        09:51:05  [precios]           [stdout] ⚠️  No se pudo leer el reporte SOS previo (Reindexing only valid with uniquely valued Index objects); se sobrescribe.
09:51:19  [etl.orquestador]   ✓ INFO        09:51:05  [sos]               [stdout] ⚠️  No se pudo leer el reporte SOS previo (Reindexing only valid with uniquely valued Index objects); se sobrescribe.
09:51:19  [etl.orquestador]   ✓ INFO        09:51:05  [nopresencia]       [stdout] ⚠️  No se pudo leer el reporte SOS previo (Reindexing only valid with uniquely valued Index objects); se sobrescribe.
09:51:19  [etl.orquestador]   ✓ INFO        09:51:05  [exhib_gratis]      [stdout] ⚠️  No se pudo leer el reporte SOS previo (Reindexing only valid with uniquely valued Index objects); se sobrescribe.
09:51:19  [etl.orquestador]   ✓ INFO        09:51:05  [exhib_pagadas]     [stdout] ⚠️  No se pudo leer el reporte SOS previo (Reindexing only valid with uniquely valued Index objects); se sobrescribe.
09:51:19  [etl.orquestador]   ✓ INFO        09:51:05  [precios]           [stdout] ⚠️  No se pudo leer el reporte SOS previo (Reindexing only valid with uniquely valued Index objects); se sobrescribe.
09:51:19  [etl.orquestador]   ✓ INFO        09:51:05  [nopresencia]       [stdout] ⚠️  No se pudo leer el reporte SOS previo (Reindexing only valid with uniquely valued Index objects); se sobrescribe.
09:51:19  [etl.orquestador]   ✓ INFO        09:51:05  [sos]               [stdout] ⚠️  No se pudo leer el reporte SOS previo (Reindexing only valid with uniquely valued Index objects); se sobrescribe.
09:51:19  [etl.orquestador]   ✓ INFO        09:51:05  [exhib_pagadas]     [stdout] ⚠️  No se pudo leer el reporte SOS previo (Reindexing only valid with uniquely valued Index objects); se sobrescribe.
09:51:19  [etl.orquestador]   ✓ INFO        09:51:05  [precios]           [stdout] ⚠️  No se pudo leer el reporte SOS previo (Reindexing only valid with uniquely valued Index objects); se sobrescribe.
09:51:19  [etl.orquestador]   ✓ INFO        09:51:05  [sos]               [stdout] ⚠️  No se pudo leer el reporte SOS previo (Reindexing only valid with uniquely valued Index objects); se sobrescribe.
09:51:19  [etl.orquestador]   ✓ INFO        09:51:13  [exhib_pagadas]     [stdout] ⚠️ AUDITORÍA: Se detectaron 97 registros con tiempos > 9h.
09:51:19  [etl.orquestador]   ✓ INFO        09:51:13  [precios]           [stdout] ⚠️ AUDITORÍA: Se detectaron 97 registros con tiempos > 9h.
09:51:19  [etl.orquestador]   ✓ INFO        09:51:13  [sos]               [stdout] ⚠️ AUDITORÍA: Se detectaron 97 registros con tiempos > 9h.
09:51:19  [etl.orquestador]   ✓ INFO        09:51:13  [nopresencia]       [stdout] ⚠️ AUDITORÍA: Se detectaron 97 registros con tiempos > 9h.
09:51:19  [etl.orquestador]   ✓ INFO        09:51:13  [exhib_gratis]      [stdout] ⚠️ AUDITORÍA: Se detectaron 97 registros con tiempos > 9h.
09:51:19  [etl.orquestador]   ✓ INFO        09:51:13  [exhib_pagadas]     [stdout] ⚠️ AUDITORÍA: Se detectaron 97 registros con tiempos > 9h.
09:51:19  [etl.orquestador]   ✓ INFO        09:51:13  [precios]           [stdout] ⚠️ AUDITORÍA: Se detectaron 97 registros con tiempos > 9h.
09:51:19  [etl.orquestador]   ✓ INFO        09:51:13  [nopresencia]       [stdout] ⚠️ AUDITORÍA: Se detectaron 97 registros con tiempos > 9h.
09:51:19  [etl.orquestador]   ✓ INFO        09:51:13  [sos]               [stdout] ⚠️ AUDITORÍA: Se detectaron 97 registros con tiempos > 9h.
09:51:19  [etl.orquestador]   ✓ INFO        09:51:13  [exhib_pagadas]     [stdout] ⚠️ AUDITORÍA: Se detectaron 97 registros con tiempos > 9h.
09:51:19  [etl.orquestador]   ✓ INFO        09:51:13  [precios]           [stdout] ⚠️ AUDITORÍA: Se detectaron 97 registros con tiempos > 9h.
09:51:19  [etl.orquestador]   ✓ INFO      ════════════════════════════════════════════════════════
09:51:19  [etl.orquestador]   ✓ INFO      Log completo guardado en: C:\Users\Usuario\OneDrive - Universidad de los Andes\Escritorio\PROYECTO_EFICACIA\SCRIPTS\logs\ejecucion_202603_a_202605_20260618_092537.log
09:51:19  [etl.orquestador]   ✓ INFO      Fin: 2026-06-18 09:51:19
09:51:19  [etl.orquestador]   ✓ INFO      ════════════════════════════════════════════════════════
09:51:19  [etl.orquestador]   ✓ INFO      
09:51:19  [etl.orquestador]   ✓ INFO      ══════════════════════════════════════════════════════════════════════
09:51:19  [etl.orquestador]   ✓ INFO      FASE FINAL — Regenerando capa GOLD
09:51:19  [etl.orquestador]   ✓ INFO      ══════════════════════════════════════════════════════════════════════
📁 Output: C:\Users\Usuario\OneDrive - Universidad de los Andes\Escritorio\PROYECTO_EFICACIA\SALIDA\GOLD
🔍 Filtrando a periodos: Marzo_2026, Abril_2026, Mayo_2026

  ✓ fact_cumplimientos_gestor          485 filas → fact_cumplimientos_gestor.csv
09:51:19  [etl.exhib_pagadas]  ✓ INFO      [stdout] ✓ fact_cumplimientos_gestor          485 filas → fact_cumplimientos_gestor.csv
09:51:19  [etl.precios]       ✓ INFO      [stdout] ✓ fact_cumplimientos_gestor          485 filas → fact_cumplimientos_gestor.csv
09:51:19  [etl.sos]           ✓ INFO      [stdout] ✓ fact_cumplimientos_gestor          485 filas → fact_cumplimientos_gestor.csv
09:51:19  [etl.nopresencia]   ✓ INFO      [stdout] ✓ fact_cumplimientos_gestor          485 filas → fact_cumplimientos_gestor.csv
09:51:19  [etl.exhib_gratis]  ✓ INFO      [stdout] ✓ fact_cumplimientos_gestor          485 filas → fact_cumplimientos_gestor.csv
09:51:19  [etl.exhib_pagadas]  ✓ INFO      [stdout] ✓ fact_cumplimientos_gestor          485 filas → fact_cumplimientos_gestor.csv
09:51:19  [etl.precios]       ✓ INFO      [stdout] ✓ fact_cumplimientos_gestor          485 filas → fact_cumplimientos_gestor.csv
09:51:19  [etl.nopresencia]   ✓ INFO      [stdout] ✓ fact_cumplimientos_gestor          485 filas → fact_cumplimientos_gestor.csv
09:51:19  [etl.sos]           ✓ INFO      [stdout] ✓ fact_cumplimientos_gestor          485 filas → fact_cumplimientos_gestor.csv
09:51:19  [etl.exhib_pagadas]  ✓ INFO      [stdout] ✓ fact_cumplimientos_gestor          485 filas → fact_cumplimientos_gestor.csv
09:51:19  [etl.precios]       ✓ INFO      [stdout] ✓ fact_cumplimientos_gestor          485 filas → fact_cumplimientos_gestor.csv
09:51:19  [etl.sos]           ✓ INFO      [stdout] ✓ fact_cumplimientos_gestor          485 filas → fact_cumplimientos_gestor.csv
09:51:19  [etl.nopresencia]   ✓ INFO      [stdout] ✓ fact_cumplimientos_gestor          485 filas → fact_cumplimientos_gestor.csv
  ✓ fact_cif_pdv                     5,065 filas → fact_cif_pdv.csv
09:51:20  [etl.exhib_pagadas]  ✓ INFO      [stdout] ✓ fact_cif_pdv                     5,065 filas → fact_cif_pdv.csv
09:51:20  [etl.precios]       ✓ INFO      [stdout] ✓ fact_cif_pdv                     5,065 filas → fact_cif_pdv.csv
09:51:20  [etl.sos]           ✓ INFO      [stdout] ✓ fact_cif_pdv                     5,065 filas → fact_cif_pdv.csv
09:51:20  [etl.nopresencia]   ✓ INFO      [stdout] ✓ fact_cif_pdv                     5,065 filas → fact_cif_pdv.csv
09:51:20  [etl.exhib_gratis]  ✓ INFO      [stdout] ✓ fact_cif_pdv                     5,065 filas → fact_cif_pdv.csv
09:51:20  [etl.exhib_pagadas]  ✓ INFO      [stdout] ✓ fact_cif_pdv                     5,065 filas → fact_cif_pdv.csv
09:51:20  [etl.precios]       ✓ INFO      [stdout] ✓ fact_cif_pdv                     5,065 filas → fact_cif_pdv.csv
09:51:20  [etl.nopresencia]   ✓ INFO      [stdout] ✓ fact_cif_pdv                     5,065 filas → fact_cif_pdv.csv
09:51:20  [etl.sos]           ✓ INFO      [stdout] ✓ fact_cif_pdv                     5,065 filas → fact_cif_pdv.csv
09:51:20  [etl.exhib_pagadas]  ✓ INFO      [stdout] ✓ fact_cif_pdv                     5,065 filas → fact_cif_pdv.csv
09:51:20  [etl.precios]       ✓ INFO      [stdout] ✓ fact_cif_pdv                     5,065 filas → fact_cif_pdv.csv
09:51:20  [etl.sos]           ✓ INFO      [stdout] ✓ fact_cif_pdv                     5,065 filas → fact_cif_pdv.csv
09:51:20  [etl.nopresencia]   ✓ INFO      [stdout] ✓ fact_cif_pdv                     5,065 filas → fact_cif_pdv.csv
  ✓ fact_np_reporte                  6,605 filas → fact_np_reporte.csv
09:51:20  [etl.exhib_pagadas]  ✓ INFO      [stdout] ✓ fact_np_reporte                  6,605 filas → fact_np_reporte.csv
09:51:20  [etl.precios]       ✓ INFO      [stdout] ✓ fact_np_reporte                  6,605 filas → fact_np_reporte.csv
09:51:20  [etl.sos]           ✓ INFO      [stdout] ✓ fact_np_reporte                  6,605 filas → fact_np_reporte.csv
09:51:20  [etl.nopresencia]   ✓ INFO      [stdout] ✓ fact_np_reporte                  6,605 filas → fact_np_reporte.csv
09:51:20  [etl.exhib_gratis]  ✓ INFO      [stdout] ✓ fact_np_reporte                  6,605 filas → fact_np_reporte.csv
09:51:20  [etl.exhib_pagadas]  ✓ INFO      [stdout] ✓ fact_np_reporte                  6,605 filas → fact_np_reporte.csv
09:51:20  [etl.precios]       ✓ INFO      [stdout] ✓ fact_np_reporte                  6,605 filas → fact_np_reporte.csv
09:51:20  [etl.nopresencia]   ✓ INFO      [stdout] ✓ fact_np_reporte                  6,605 filas → fact_np_reporte.csv
09:51:20  [etl.sos]           ✓ INFO      [stdout] ✓ fact_np_reporte                  6,605 filas → fact_np_reporte.csv
09:51:20  [etl.exhib_pagadas]  ✓ INFO      [stdout] ✓ fact_np_reporte                  6,605 filas → fact_np_reporte.csv
09:51:20  [etl.precios]       ✓ INFO      [stdout] ✓ fact_np_reporte                  6,605 filas → fact_np_reporte.csv
09:51:20  [etl.sos]           ✓ INFO      [stdout] ✓ fact_np_reporte                  6,605 filas → fact_np_reporte.csv
09:51:20  [etl.nopresencia]   ✓ INFO      [stdout] ✓ fact_np_reporte                  6,605 filas → fact_np_reporte.csv
  ✓ fact_np_agotados                34,246 filas → fact_np_agotados.csv
09:51:22  [etl.exhib_pagadas]  ✓ INFO      [stdout] ✓ fact_np_agotados                34,246 filas → fact_np_agotados.csv
09:51:22  [etl.precios]       ✓ INFO      [stdout] ✓ fact_np_agotados                34,246 filas → fact_np_agotados.csv
09:51:22  [etl.sos]           ✓ INFO      [stdout] ✓ fact_np_agotados                34,246 filas → fact_np_agotados.csv
09:51:22  [etl.nopresencia]   ✓ INFO      [stdout] ✓ fact_np_agotados                34,246 filas → fact_np_agotados.csv
09:51:22  [etl.exhib_gratis]  ✓ INFO      [stdout] ✓ fact_np_agotados                34,246 filas → fact_np_agotados.csv
09:51:22  [etl.exhib_pagadas]  ✓ INFO      [stdout] ✓ fact_np_agotados                34,246 filas → fact_np_agotados.csv
09:51:22  [etl.precios]       ✓ INFO      [stdout] ✓ fact_np_agotados                34,246 filas → fact_np_agotados.csv
09:51:22  [etl.nopresencia]   ✓ INFO      [stdout] ✓ fact_np_agotados                34,246 filas → fact_np_agotados.csv
09:51:22  [etl.sos]           ✓ INFO      [stdout] ✓ fact_np_agotados                34,246 filas → fact_np_agotados.csv
09:51:22  [etl.exhib_pagadas]  ✓ INFO      [stdout] ✓ fact_np_agotados                34,246 filas → fact_np_agotados.csv
09:51:22  [etl.precios]       ✓ INFO      [stdout] ✓ fact_np_agotados                34,246 filas → fact_np_agotados.csv
09:51:22  [etl.sos]           ✓ INFO      [stdout] ✓ fact_np_agotados                34,246 filas → fact_np_agotados.csv
09:51:22  [etl.nopresencia]   ✓ INFO      [stdout] ✓ fact_np_agotados                34,246 filas → fact_np_agotados.csv
  ✓ fact_precios_captura               861 filas → fact_precios_captura.csv
09:51:22  [etl.exhib_pagadas]  ✓ INFO      [stdout] ✓ fact_precios_captura               861 filas → fact_precios_captura.csv
09:51:22  [etl.precios]       ✓ INFO      [stdout] ✓ fact_precios_captura               861 filas → fact_precios_captura.csv
09:51:22  [etl.sos]           ✓ INFO      [stdout] ✓ fact_precios_captura               861 filas → fact_precios_captura.csv
09:51:22  [etl.nopresencia]   ✓ INFO      [stdout] ✓ fact_precios_captura               861 filas → fact_precios_captura.csv
09:51:22  [etl.exhib_gratis]  ✓ INFO      [stdout] ✓ fact_precios_captura               861 filas → fact_precios_captura.csv
09:51:22  [etl.exhib_pagadas]  ✓ INFO      [stdout] ✓ fact_precios_captura               861 filas → fact_precios_captura.csv
09:51:22  [etl.precios]       ✓ INFO      [stdout] ✓ fact_precios_captura               861 filas → fact_precios_captura.csv
09:51:22  [etl.nopresencia]   ✓ INFO      [stdout] ✓ fact_precios_captura               861 filas → fact_precios_captura.csv
09:51:22  [etl.sos]           ✓ INFO      [stdout] ✓ fact_precios_captura               861 filas → fact_precios_captura.csv
09:51:22  [etl.exhib_pagadas]  ✓ INFO      [stdout] ✓ fact_precios_captura               861 filas → fact_precios_captura.csv
09:51:22  [etl.precios]       ✓ INFO      [stdout] ✓ fact_precios_captura               861 filas → fact_precios_captura.csv
09:51:22  [etl.sos]           ✓ INFO      [stdout] ✓ fact_precios_captura               861 filas → fact_precios_captura.csv
09:51:22  [etl.nopresencia]   ✓ INFO      [stdout] ✓ fact_precios_captura               861 filas → fact_precios_captura.csv
  ✓ fact_precios_analisis           66,441 filas → fact_precios_analisis.csv
09:51:26  [etl.exhib_pagadas]  ✓ INFO      [stdout] ✓ fact_precios_analisis           66,441 filas → fact_precios_analisis.csv
09:51:26  [etl.precios]       ✓ INFO      [stdout] ✓ fact_precios_analisis           66,441 filas → fact_precios_analisis.csv
09:51:26  [etl.sos]           ✓ INFO      [stdout] ✓ fact_precios_analisis           66,441 filas → fact_precios_analisis.csv
09:51:26  [etl.nopresencia]   ✓ INFO      [stdout] ✓ fact_precios_analisis           66,441 filas → fact_precios_analisis.csv
09:51:26  [etl.exhib_gratis]  ✓ INFO      [stdout] ✓ fact_precios_analisis           66,441 filas → fact_precios_analisis.csv
09:51:26  [etl.exhib_pagadas]  ✓ INFO      [stdout] ✓ fact_precios_analisis           66,441 filas → fact_precios_analisis.csv
09:51:26  [etl.precios]       ✓ INFO      [stdout] ✓ fact_precios_analisis           66,441 filas → fact_precios_analisis.csv
09:51:26  [etl.nopresencia]   ✓ INFO      [stdout] ✓ fact_precios_analisis           66,441 filas → fact_precios_analisis.csv
09:51:26  [etl.sos]           ✓ INFO      [stdout] ✓ fact_precios_analisis           66,441 filas → fact_precios_analisis.csv
09:51:26  [etl.exhib_pagadas]  ✓ INFO      [stdout] ✓ fact_precios_analisis           66,441 filas → fact_precios_analisis.csv
09:51:26  [etl.precios]       ✓ INFO      [stdout] ✓ fact_precios_analisis           66,441 filas → fact_precios_analisis.csv
09:51:26  [etl.sos]           ✓ INFO      [stdout] ✓ fact_precios_analisis           66,441 filas → fact_precios_analisis.csv
09:51:26  [etl.nopresencia]   ✓ INFO      [stdout] ✓ fact_precios_analisis           66,441 filas → fact_precios_analisis.csv
  ✓ fact_sos_pdv                     8,375 filas → fact_sos_pdv.csv
09:51:27  [etl.exhib_pagadas]  ✓ INFO      [stdout] ✓ fact_sos_pdv                     8,375 filas → fact_sos_pdv.csv
09:51:27  [etl.precios]       ✓ INFO      [stdout] ✓ fact_sos_pdv                     8,375 filas → fact_sos_pdv.csv
09:51:27  [etl.sos]           ✓ INFO      [stdout] ✓ fact_sos_pdv                     8,375 filas → fact_sos_pdv.csv
09:51:27  [etl.nopresencia]   ✓ INFO      [stdout] ✓ fact_sos_pdv                     8,375 filas → fact_sos_pdv.csv
09:51:27  [etl.exhib_gratis]  ✓ INFO      [stdout] ✓ fact_sos_pdv                     8,375 filas → fact_sos_pdv.csv
09:51:27  [etl.exhib_pagadas]  ✓ INFO      [stdout] ✓ fact_sos_pdv                     8,375 filas → fact_sos_pdv.csv
09:51:27  [etl.precios]       ✓ INFO      [stdout] ✓ fact_sos_pdv                     8,375 filas → fact_sos_pdv.csv
09:51:27  [etl.nopresencia]   ✓ INFO      [stdout] ✓ fact_sos_pdv                     8,375 filas → fact_sos_pdv.csv
09:51:27  [etl.sos]           ✓ INFO      [stdout] ✓ fact_sos_pdv                     8,375 filas → fact_sos_pdv.csv
09:51:27  [etl.exhib_pagadas]  ✓ INFO      [stdout] ✓ fact_sos_pdv                     8,375 filas → fact_sos_pdv.csv
09:51:27  [etl.precios]       ✓ INFO      [stdout] ✓ fact_sos_pdv                     8,375 filas → fact_sos_pdv.csv
09:51:27  [etl.sos]           ✓ INFO      [stdout] ✓ fact_sos_pdv                     8,375 filas → fact_sos_pdv.csv
09:51:27  [etl.nopresencia]   ✓ INFO      [stdout] ✓ fact_sos_pdv                     8,375 filas → fact_sos_pdv.csv
  ✓ fact_exh_pagadas                 8,289 filas → fact_exh_pagadas.csv
09:51:28  [etl.exhib_pagadas]  ✓ INFO      [stdout] ✓ fact_exh_pagadas                 8,289 filas → fact_exh_pagadas.csv
09:51:28  [etl.precios]       ✓ INFO      [stdout] ✓ fact_exh_pagadas                 8,289 filas → fact_exh_pagadas.csv
09:51:28  [etl.sos]           ✓ INFO      [stdout] ✓ fact_exh_pagadas                 8,289 filas → fact_exh_pagadas.csv
09:51:28  [etl.nopresencia]   ✓ INFO      [stdout] ✓ fact_exh_pagadas                 8,289 filas → fact_exh_pagadas.csv
09:51:28  [etl.exhib_gratis]  ✓ INFO      [stdout] ✓ fact_exh_pagadas                 8,289 filas → fact_exh_pagadas.csv
09:51:28  [etl.exhib_pagadas]  ✓ INFO      [stdout] ✓ fact_exh_pagadas                 8,289 filas → fact_exh_pagadas.csv
09:51:28  [etl.precios]       ✓ INFO      [stdout] ✓ fact_exh_pagadas                 8,289 filas → fact_exh_pagadas.csv
09:51:28  [etl.nopresencia]   ✓ INFO      [stdout] ✓ fact_exh_pagadas                 8,289 filas → fact_exh_pagadas.csv
09:51:28  [etl.sos]           ✓ INFO      [stdout] ✓ fact_exh_pagadas                 8,289 filas → fact_exh_pagadas.csv
09:51:28  [etl.exhib_pagadas]  ✓ INFO      [stdout] ✓ fact_exh_pagadas                 8,289 filas → fact_exh_pagadas.csv
09:51:28  [etl.precios]       ✓ INFO      [stdout] ✓ fact_exh_pagadas                 8,289 filas → fact_exh_pagadas.csv
09:51:28  [etl.sos]           ✓ INFO      [stdout] ✓ fact_exh_pagadas                 8,289 filas → fact_exh_pagadas.csv
09:51:28  [etl.nopresencia]   ✓ INFO      [stdout] ✓ fact_exh_pagadas                 8,289 filas → fact_exh_pagadas.csv
  ✓ fact_exh_gratis                  3,619 filas → fact_exh_gratis.csv
09:51:28  [etl.exhib_pagadas]  ✓ INFO      [stdout] ✓ fact_exh_gratis                  3,619 filas → fact_exh_gratis.csv
09:51:28  [etl.precios]       ✓ INFO      [stdout] ✓ fact_exh_gratis                  3,619 filas → fact_exh_gratis.csv
09:51:28  [etl.sos]           ✓ INFO      [stdout] ✓ fact_exh_gratis                  3,619 filas → fact_exh_gratis.csv
09:51:28  [etl.nopresencia]   ✓ INFO      [stdout] ✓ fact_exh_gratis                  3,619 filas → fact_exh_gratis.csv
09:51:28  [etl.exhib_gratis]  ✓ INFO      [stdout] ✓ fact_exh_gratis                  3,619 filas → fact_exh_gratis.csv
09:51:28  [etl.exhib_pagadas]  ✓ INFO      [stdout] ✓ fact_exh_gratis                  3,619 filas → fact_exh_gratis.csv
09:51:28  [etl.precios]       ✓ INFO      [stdout] ✓ fact_exh_gratis                  3,619 filas → fact_exh_gratis.csv
09:51:28  [etl.nopresencia]   ✓ INFO      [stdout] ✓ fact_exh_gratis                  3,619 filas → fact_exh_gratis.csv
09:51:28  [etl.sos]           ✓ INFO      [stdout] ✓ fact_exh_gratis                  3,619 filas → fact_exh_gratis.csv
09:51:28  [etl.exhib_pagadas]  ✓ INFO      [stdout] ✓ fact_exh_gratis                  3,619 filas → fact_exh_gratis.csv
09:51:28  [etl.precios]       ✓ INFO      [stdout] ✓ fact_exh_gratis                  3,619 filas → fact_exh_gratis.csv
09:51:28  [etl.sos]           ✓ INFO      [stdout] ✓ fact_exh_gratis                  3,619 filas → fact_exh_gratis.csv
09:51:28  [etl.nopresencia]   ✓ INFO      [stdout] ✓ fact_exh_gratis                  3,619 filas → fact_exh_gratis.csv
  ✓ dim_personas                       212 filas → dim_personas.csv
09:51:28  [etl.exhib_pagadas]  ✓ INFO      [stdout] ✓ dim_personas                       212 filas → dim_personas.csv
09:51:28  [etl.precios]       ✓ INFO      [stdout] ✓ dim_personas                       212 filas → dim_personas.csv
09:51:28  [etl.sos]           ✓ INFO      [stdout] ✓ dim_personas                       212 filas → dim_personas.csv
09:51:28  [etl.nopresencia]   ✓ INFO      [stdout] ✓ dim_personas                       212 filas → dim_personas.csv
09:51:28  [etl.exhib_gratis]  ✓ INFO      [stdout] ✓ dim_personas                       212 filas → dim_personas.csv
09:51:28  [etl.exhib_pagadas]  ✓ INFO      [stdout] ✓ dim_personas                       212 filas → dim_personas.csv
09:51:28  [etl.precios]       ✓ INFO      [stdout] ✓ dim_personas                       212 filas → dim_personas.csv
09:51:28  [etl.nopresencia]   ✓ INFO      [stdout] ✓ dim_personas                       212 filas → dim_personas.csv
09:51:28  [etl.sos]           ✓ INFO      [stdout] ✓ dim_personas                       212 filas → dim_personas.csv
09:51:28  [etl.exhib_pagadas]  ✓ INFO      [stdout] ✓ dim_personas                       212 filas → dim_personas.csv
09:51:28  [etl.precios]       ✓ INFO      [stdout] ✓ dim_personas                       212 filas → dim_personas.csv
09:51:28  [etl.sos]           ✓ INFO      [stdout] ✓ dim_personas                       212 filas → dim_personas.csv
09:51:28  [etl.nopresencia]   ✓ INFO      [stdout] ✓ dim_personas                       212 filas → dim_personas.csv
  ✓ dim_pdv                          4,175 filas → dim_pdv.csv
09:51:29  [etl.exhib_pagadas]  ✓ INFO      [stdout] ✓ dim_pdv                          4,175 filas → dim_pdv.csv
09:51:29  [etl.precios]       ✓ INFO      [stdout] ✓ dim_pdv                          4,175 filas → dim_pdv.csv
09:51:29  [etl.sos]           ✓ INFO      [stdout] ✓ dim_pdv                          4,175 filas → dim_pdv.csv
09:51:29  [etl.nopresencia]   ✓ INFO      [stdout] ✓ dim_pdv                          4,175 filas → dim_pdv.csv
09:51:29  [etl.exhib_gratis]  ✓ INFO      [stdout] ✓ dim_pdv                          4,175 filas → dim_pdv.csv
09:51:29  [etl.exhib_pagadas]  ✓ INFO      [stdout] ✓ dim_pdv                          4,175 filas → dim_pdv.csv
09:51:29  [etl.precios]       ✓ INFO      [stdout] ✓ dim_pdv                          4,175 filas → dim_pdv.csv
09:51:29  [etl.nopresencia]   ✓ INFO      [stdout] ✓ dim_pdv                          4,175 filas → dim_pdv.csv
09:51:29  [etl.sos]           ✓ INFO      [stdout] ✓ dim_pdv                          4,175 filas → dim_pdv.csv
09:51:29  [etl.exhib_pagadas]  ✓ INFO      [stdout] ✓ dim_pdv                          4,175 filas → dim_pdv.csv
09:51:29  [etl.precios]       ✓ INFO      [stdout] ✓ dim_pdv                          4,175 filas → dim_pdv.csv
09:51:29  [etl.sos]           ✓ INFO      [stdout] ✓ dim_pdv                          4,175 filas → dim_pdv.csv
09:51:29  [etl.nopresencia]   ✓ INFO      [stdout] ✓ dim_pdv                          4,175 filas → dim_pdv.csv
  ✓ dim_periodo                          3 filas → dim_periodo.csv
09:51:29  [etl.exhib_pagadas]  ✓ INFO      [stdout] ✓ dim_periodo                          3 filas → dim_periodo.csv
09:51:29  [etl.precios]       ✓ INFO      [stdout] ✓ dim_periodo                          3 filas → dim_periodo.csv
09:51:29  [etl.sos]           ✓ INFO      [stdout] ✓ dim_periodo                          3 filas → dim_periodo.csv
09:51:29  [etl.nopresencia]   ✓ INFO      [stdout] ✓ dim_periodo                          3 filas → dim_periodo.csv
09:51:29  [etl.exhib_gratis]  ✓ INFO      [stdout] ✓ dim_periodo                          3 filas → dim_periodo.csv
09:51:29  [etl.exhib_pagadas]  ✓ INFO      [stdout] ✓ dim_periodo                          3 filas → dim_periodo.csv
09:51:29  [etl.precios]       ✓ INFO      [stdout] ✓ dim_periodo                          3 filas → dim_periodo.csv
09:51:29  [etl.nopresencia]   ✓ INFO      [stdout] ✓ dim_periodo                          3 filas → dim_periodo.csv
09:51:29  [etl.sos]           ✓ INFO      [stdout] ✓ dim_periodo                          3 filas → dim_periodo.csv
09:51:29  [etl.exhib_pagadas]  ✓ INFO      [stdout] ✓ dim_periodo                          3 filas → dim_periodo.csv
09:51:29  [etl.precios]       ✓ INFO      [stdout] ✓ dim_periodo                          3 filas → dim_periodo.csv
09:51:29  [etl.sos]           ✓ INFO      [stdout] ✓ dim_periodo                          3 filas → dim_periodo.csv
09:51:29  [etl.nopresencia]   ✓ INFO      [stdout] ✓ dim_periodo                          3 filas → dim_periodo.csv
09:51:29  [etl.orquestador]   ✓ INFO      GOLD regenerado OK
