2026-08-19 13:52:46  [etl.sistema]       ✓ INFO      Logging inicializado — archivo: C:\1\OneDrive - Eficacia\Escritorio\ETLS\SCRIPTS\logs\ejecucion_202608_20260819_135246.log
2026-08-19 13:52:46  [etl.orquestador]   ✓ INFO      Run ID compartido para esta corrida: 20260819T135246_bc03a3
2026-08-19 13:52:46  [etl.orquestador]   ✓ INFO      ════════════════════════════════════════════════════════
2026-08-19 13:52:46  [etl.orquestador]   ✓ INFO      ORQUESTADOR ETLs — Eficacia
2026-08-19 13:52:46  [etl.orquestador]   ✓ INFO      Inicio: 2026-08-19 13:52:46
2026-08-19 13:52:46  [etl.orquestador]   ✓ INFO      Run ID: 20260819T135246_bc03a3
2026-08-19 13:52:46  [etl.orquestador]   ✓ INFO      Periodo: Agosto_2026 (08/2026)
2026-08-19 13:52:46  [etl.orquestador]   ✓ INFO      ETLs seleccionados: ['cif', 'nopresencia', 'precios', 'sos', 'exhib_pagadas', 'exhib_gratis', 'ventas', 'impactos', 'impactos_segmentos']
2026-08-19 13:52:46  [etl.orquestador]   ✓ INFO      Workers paralelos: 6
2026-08-19 13:52:46  [etl.orquestador]   ✓ INFO      Skip si cached: False
2026-08-19 13:52:46  [etl.orquestador]   ✓ INFO      ════════════════════════════════════════════════════════
2026-08-19 13:52:46  [etl.shared_loader]  ⚠ WARNING   PT Directo y ISM no están en local para periodo 08/2026 (C:\1\OneDrive - Eficacia\Escritorio\ETLS\CIF\BASES\PLAN DE TRABAJO) — descargando desde SharePoint...
2026-08-19 13:52:54  [etl.shared_loader]  ✓ INFO      PT Directo descargado desde SharePoint: Plan de trabajo Directo Agosto 2026.xlsx
2026-08-19 13:52:55  [etl.shared_loader]  ✓ INFO      PT ISM descargado desde SharePoint: Plan de trabajo ISM Agosto 2026.xlsx
2026-08-19 13:52:55  [etl.shared_loader]  ✓ INFO      PT Directo detectado: Plan de trabajo Directo Agosto 2026.xlsx
2026-08-19 13:52:55  [etl.shared_loader]  ✓ INFO      PT ISM detectado: Plan de trabajo ISM Agosto 2026.xlsx
2026-08-19 13:52:55  [etl.shared_loader]  ✓ INFO      ━━━━━━━━━━━━━━━━━━━━━━━━━━━━━━━━━━━━━━━━━━━━━━━━━━
2026-08-19 13:52:55  [etl.shared_loader]  ✓ INFO      Iniciando carga compartida del Plan de Trabajo
2026-08-19 13:52:55  [etl.shared_loader]  ✓ INFO      ━━━━━━━━━━━━━━━━━━━━━━━━━━━━━━━━━━━━━━━━━━━━━━━━━━
2026-08-19 13:52:58  [etl.shared_loader]  ✓ INFO      [DIRECTO] 8,525 filas PT  |  3,251 filas módulos cargadas
2026-08-19 13:52:59  [etl.shared_loader]  ✓ INFO      [ISM] 2,482 filas PT  |  883 filas módulos cargadas
2026-08-19 13:52:59  [etl.shared_loader]  ✓ INFO      PT consolidado: 11,007 filas totales
2026-08-19 13:52:59  [etl.shared_loader]  ✓ INFO      Periodo forzado por el caller: Mes 8 | Año 2026
2026-08-19 13:52:59  [etl.shared_loader]  ✓ INFO      Aplicando filtros por módulo
2026-08-19 13:52:59  [etl.shared_loader]  ✓ INFO      [DIRECTO] no_presencia: D10 — 128 PDVs DISCOUNTER excluidos
2026-08-19 13:52:59  [etl.shared_loader]  ✓ INFO      [DIRECTO] no_presencia: D9 — filtro OBSERVACIÓN/ROL 4,878 → 4,352 filas
2026-08-19 13:52:59  [etl.shared_loader]  ✓ INFO      [DIRECTO] Módulo 'no_presencia': 4,352 filas retenidas
2026-08-19 13:52:59  [etl.shared_loader]  ✓ INFO      [ISM] no_presencia: D10 — 78 PDVs DISCOUNTER excluidos
2026-08-19 13:52:59  [etl.shared_loader]  ✓ INFO      [ISM] no_presencia: D9 — filtro OBSERVACIÓN/ROL 941 → 862 filas
2026-08-19 13:52:59  [etl.shared_loader]  ✓ INFO      [ISM] Módulo 'no_presencia': 862 filas retenidas
2026-08-19 13:52:59  [etl.shared_loader]  ✓ INFO      [DIRECTO] precios: D9 — filtro OBSERVACIÓN/ROL 4,124 → 3,643 filas
2026-08-19 13:52:59  [etl.shared_loader]  ✓ INFO      [DIRECTO] Módulo 'precios': 3,643 filas retenidas
2026-08-19 13:52:59  [etl.shared_loader]  ✓ INFO      [ISM] precios: D9 — filtro OBSERVACIÓN/ROL 759 → 691 filas
2026-08-19 13:52:59  [etl.shared_loader]  ✓ INFO      [ISM] Módulo 'precios': 691 filas retenidas
2026-08-19 13:52:59  [etl.shared_loader]  ✓ INFO      [DIRECTO] sos: D9 — filtro OBSERVACIÓN/ROL 4,036 → 3,566 filas
2026-08-19 13:52:59  [etl.shared_loader]  ✓ INFO      [DIRECTO] Módulo 'sos': 3,566 filas retenidas
2026-08-19 13:52:59  [etl.shared_loader]  ✓ INFO      [ISM] sos: D9 — filtro OBSERVACIÓN/ROL 733 → 667 filas
2026-08-19 13:52:59  [etl.shared_loader]  ✓ INFO      [ISM] Módulo 'sos': 667 filas retenidas
2026-08-19 13:52:59  [etl.shared_loader]  ✓ INFO      Carga compartida completada
2026-08-19 13:52:59  [etl.orquestador]   ✓ INFO      shared_loader completado en 13.4s
2026-08-19 13:52:59  [etl.orquestador]   ✓ INFO      ────────────────────────────────────────────────────────
2026-08-19 13:52:59  [etl.orquestador]   ✓ INFO      FASE 1 — Lanzando 9 ETLs en paralelo (0 skipped)
2026-08-19 13:52:59  [etl.orquestador]   ✓ INFO      ────────────────────────────────────────────────────────
2026-08-19 13:52:59  [etl.cif]           ✓ INFO      ────────────────────────────────────────────────────────
2026-08-19 13:52:59  [etl.cif]           ✓ INFO      ETL CIF — iniciando
2026-08-19 13:52:59  [etl.nopresencia]   ✓ INFO      ────────────────────────────────────────────────────────
2026-08-19 13:52:59  [etl.exhib_pagadas]  ✓ INFO      ────────────────────────────────────────────────────────
2026-08-19 13:52:59  [etl.precios]       ✓ INFO      ────────────────────────────────────────────────────────
2026-08-19 13:52:59  [etl.exhib_gratis]  ✓ INFO      ────────────────────────────────────────────────────────
2026-08-19 13:52:59  [etl.nopresencia]   ✓ INFO      ETL No Presencia — iniciando
2026-08-19 13:52:59  [etl.exhib_pagadas]  ✓ INFO      ETL Exhibiciones Pagadas — iniciando
2026-08-19 13:52:59  [etl.precios]       ✓ INFO      ETL Precios — iniciando
2026-08-19 13:52:59  [etl.sos]           ✓ INFO      ────────────────────────────────────────────────────────
2026-08-19 13:52:59  [etl.exhib_gratis]  ✓ INFO      ETL Exhibiciones Gratis — iniciando
2026-08-19 13:52:59  [etl.cif]           · DEBUG     [stdout] ── Resolviendo fuentes en SharePoint (Agosto_2026) ─
2026-08-19 13:52:59  [etl.sos]           ✓ INFO      ETL SOS — iniciando
2026-08-19 13:52:59  [etl.nopresencia]   · DEBUG     [stdout] ── Resolviendo fuentes en SharePoint (Agosto_2026) ─
2026-08-19 13:52:59  [etl.exhib_pagadas]  · DEBUG     [stdout] ── Resolviendo fuentes en SharePoint (Agosto_2026) ─
2026-08-19 13:52:59  [etl.precios]       · DEBUG     [stdout] ── Resolviendo fuentes en SharePoint (Agosto_2026) ─
2026-08-19 13:52:59  [etl.exhib_gratis]  · DEBUG     [stdout] ── Resolviendo fuentes en SharePoint (Agosto_2026) ─
2026-08-19 13:52:59  [etl.sos]           · DEBUG     [stdout] ── Resolviendo fuentes en SharePoint (Agosto_2026) ─
2026-08-19 13:52:59  [etl.cif]           · DEBUG     [stdout] ☁️ [SHAREPOINT GRAPH API] Rutas aplicadas para el periodo Agosto_2026:
2026-08-19 13:52:59  [etl.nopresencia]   · DEBUG     [stdout] ☁️ [SHAREPOINT GRAPH API] Rutas aplicadas para el periodo Agosto_2026:
2026-08-19 13:52:59  [etl.exhib_pagadas]  · DEBUG     [stdout] ☁️ [SHAREPOINT GRAPH API] Rutas aplicadas para el periodo Agosto_2026:
2026-08-19 13:52:59  [etl.precios]       · DEBUG     [stdout] ☁️ [SHAREPOINT GRAPH API] Rutas aplicadas para el periodo Agosto_2026:
2026-08-19 13:52:59  [etl.exhib_gratis]  · DEBUG     [stdout] ☁️ [SHAREPOINT GRAPH API] Rutas aplicadas para el periodo Agosto_2026:
2026-08-19 13:52:59  [etl.sos]           · DEBUG     [stdout] ☁️ [SHAREPOINT GRAPH API] Rutas aplicadas para el periodo Agosto_2026:
2026-08-19 13:52:59  [etl.cif]           · DEBUG     [stdout] [informar] 1 archivo(s):
2026-08-19 13:52:59  [etl.nopresencia]   · DEBUG     [stdout] [informar] 1 archivo(s):
2026-08-19 13:52:59  [etl.exhib_pagadas]  · DEBUG     [stdout] [informar] 1 archivo(s):
2026-08-19 13:52:59  [etl.precios]       · DEBUG     [stdout] [informar] 1 archivo(s):
2026-08-19 13:52:59  [etl.exhib_gratis]  · DEBUG     [stdout] [informar] 1 archivo(s):
2026-08-19 13:52:59  [etl.sos]           ✓ INFO      PT filtrado para SOS: 736 PDVs únicos
2026-08-19 13:52:59  [etl.sos]           · DEBUG     [stdout] [informar] 1 archivo(s):
2026-08-19 13:52:59  [etl.cif]           · DEBUG     [stdout] - Ruta: Equipo Información/BI/INVOLVES/BASES DE RESPUESTAS/EXHIBICIONES/2026/Base Exhibiciones Informar Agosto 2026.xlsx
2026-08-19 13:52:59  [etl.nopresencia]   · DEBUG     [stdout] - Ruta: Equipo Información/BI/INVOLVES/BASES DE RESPUESTAS/EXHIBICIONES/2026/Base Exhibiciones Informar Agosto 2026.xlsx
2026-08-19 13:52:59  [etl.exhib_pagadas]  · DEBUG     [stdout] - Ruta: Equipo Información/BI/INVOLVES/BASES DE RESPUESTAS/EXHIBICIONES/2026/Base Exhibiciones Informar Agosto 2026.xlsx
2026-08-19 13:52:59  [etl.precios]       · DEBUG     [stdout] - Ruta: Equipo Información/BI/INVOLVES/BASES DE RESPUESTAS/EXHIBICIONES/2026/Base Exhibiciones Informar Agosto 2026.xlsx
2026-08-19 13:52:59  [etl.exhib_gratis]  · DEBUG     [stdout] - Ruta: Equipo Información/BI/INVOLVES/BASES DE RESPUESTAS/EXHIBICIONES/2026/Base Exhibiciones Informar Agosto 2026.xlsx
2026-08-19 13:52:59  [etl.sos]           · DEBUG     [stdout] - Ruta: Equipo Información/BI/INVOLVES/BASES DE RESPUESTAS/EXHIBICIONES/2026/Base Exhibiciones Informar Agosto 2026.xlsx
2026-08-19 13:52:59  [etl.cif]           · DEBUG     [stdout] [planning] 1 archivo(s):
2026-08-19 13:52:59  [etl.nopresencia]   · DEBUG     [stdout] [planning] 1 archivo(s):
2026-08-19 13:52:59  [etl.exhib_pagadas]  · DEBUG     [stdout] [planning] 1 archivo(s):
2026-08-19 13:52:59  [etl.precios]       · DEBUG     [stdout] [planning] 1 archivo(s):
2026-08-19 13:52:59  [etl.exhib_gratis]  · DEBUG     [stdout] [planning] 1 archivo(s):
2026-08-19 13:52:59  [etl.sos]           · DEBUG     [stdout] [planning] 1 archivo(s):
2026-08-19 13:52:59  [etl.cif]           · DEBUG     [stdout] - Ruta: Equipo Información/BI/INVOLVES/BASES DE RESPUESTAS/EXHIBICIONES/2026/Base Exhibiciones Planning Agosto 2026.xlsx
2026-08-19 13:52:59  [etl.nopresencia]   · DEBUG     [stdout] - Ruta: Equipo Información/BI/INVOLVES/BASES DE RESPUESTAS/EXHIBICIONES/2026/Base Exhibiciones Planning Agosto 2026.xlsx
2026-08-19 13:52:59  [etl.exhib_pagadas]  · DEBUG     [stdout] - Ruta: Equipo Información/BI/INVOLVES/BASES DE RESPUESTAS/EXHIBICIONES/2026/Base Exhibiciones Planning Agosto 2026.xlsx
2026-08-19 13:52:59  [etl.precios]       · DEBUG     [stdout] - Ruta: Equipo Información/BI/INVOLVES/BASES DE RESPUESTAS/EXHIBICIONES/2026/Base Exhibiciones Planning Agosto 2026.xlsx
2026-08-19 13:52:59  [etl.exhib_gratis]  · DEBUG     [stdout] - Ruta: Equipo Información/BI/INVOLVES/BASES DE RESPUESTAS/EXHIBICIONES/2026/Base Exhibiciones Planning Agosto 2026.xlsx
2026-08-19 13:52:59  [etl.sos]           · DEBUG     [stdout] - Ruta: Equipo Información/BI/INVOLVES/BASES DE RESPUESTAS/EXHIBICIONES/2026/Base Exhibiciones Planning Agosto 2026.xlsx
2026-08-19 13:52:59  [etl.cif]           · DEBUG     [stdout] [visitas] 1 archivo(s):
2026-08-19 13:52:59  [etl.nopresencia]   · DEBUG     [stdout] [visitas] 1 archivo(s):
2026-08-19 13:52:59  [etl.exhib_pagadas]  · DEBUG     [stdout] [visitas] 1 archivo(s):
2026-08-19 13:52:59  [etl.precios]       · DEBUG     [stdout] [visitas] 1 archivo(s):
2026-08-19 13:52:59  [etl.exhib_gratis]  · DEBUG     [stdout] [visitas] 1 archivo(s):
2026-08-19 13:52:59  [etl.sos]           · DEBUG     [stdout] [visitas] 1 archivo(s):
2026-08-19 13:52:59  [etl.cif]           · DEBUG     [stdout] - Ruta: Equipo Información/BI/INVOLVES/INVOLVES/informe-gerencial-visitas_202608.xlsx
2026-08-19 13:52:59  [etl.nopresencia]   · DEBUG     [stdout] - Ruta: Equipo Información/BI/INVOLVES/INVOLVES/informe-gerencial-visitas_202608.xlsx
2026-08-19 13:52:59  [etl.exhib_pagadas]  · DEBUG     [stdout] - Ruta: Equipo Información/BI/INVOLVES/INVOLVES/informe-gerencial-visitas_202608.xlsx
2026-08-19 13:52:59  [etl.precios]       · DEBUG     [stdout] - Ruta: Equipo Información/BI/INVOLVES/INVOLVES/informe-gerencial-visitas_202608.xlsx
2026-08-19 13:52:59  [etl.exhib_gratis]  · DEBUG     [stdout] - Ruta: Equipo Información/BI/INVOLVES/INVOLVES/informe-gerencial-visitas_202608.xlsx
2026-08-19 13:52:59  [etl.sos]           · DEBUG     [stdout] - Ruta: Equipo Información/BI/INVOLVES/INVOLVES/informe-gerencial-visitas_202608.xlsx
2026-08-19 13:52:59  [etl.cif]           · DEBUG     [stdout] [plan_trabajo] 2 archivo(s):
2026-08-19 13:52:59  [etl.nopresencia]   · DEBUG     [stdout] [plan_trabajo] 2 archivo(s):
2026-08-19 13:52:59  [etl.exhib_pagadas]  · DEBUG     [stdout] [plan_trabajo] 2 archivo(s):
2026-08-19 13:52:59  [etl.precios]       · DEBUG     [stdout] [plan_trabajo] 2 archivo(s):
2026-08-19 13:52:59  [etl.exhib_gratis]  · DEBUG     [stdout] [plan_trabajo] 2 archivo(s):
2026-08-19 13:52:59  [etl.sos]           · DEBUG     [stdout] [plan_trabajo] 2 archivo(s):
2026-08-19 13:52:59  [etl.cif]           · DEBUG     [stdout] - Ruta: Equipo Información/BI/INVOLVES/PLAN DE TRABAJO/Plan de trabajo Directo Agosto 2026.xlsx
2026-08-19 13:52:59  [etl.nopresencia]   · DEBUG     [stdout] - Ruta: Equipo Información/BI/INVOLVES/PLAN DE TRABAJO/Plan de trabajo Directo Agosto 2026.xlsx
2026-08-19 13:52:59  [etl.exhib_pagadas]  · DEBUG     [stdout] - Ruta: Equipo Información/BI/INVOLVES/PLAN DE TRABAJO/Plan de trabajo Directo Agosto 2026.xlsx
2026-08-19 13:52:59  [etl.precios]       · DEBUG     [stdout] - Ruta: Equipo Información/BI/INVOLVES/PLAN DE TRABAJO/Plan de trabajo Directo Agosto 2026.xlsx
2026-08-19 13:52:59  [etl.exhib_gratis]  · DEBUG     [stdout] - Ruta: Equipo Información/BI/INVOLVES/PLAN DE TRABAJO/Plan de trabajo Directo Agosto 2026.xlsx
2026-08-19 13:52:59  [etl.sos]           · DEBUG     [stdout] - Ruta: Equipo Información/BI/INVOLVES/PLAN DE TRABAJO/Plan de trabajo Directo Agosto 2026.xlsx
2026-08-19 13:52:59  [etl.cif]           · DEBUG     [stdout] - Ruta: Equipo Información/BI/INVOLVES/PLAN DE TRABAJO/Plan de trabajo ISM Agosto 2026.xlsx
2026-08-19 13:52:59  [etl.nopresencia]   · DEBUG     [stdout] - Ruta: Equipo Información/BI/INVOLVES/PLAN DE TRABAJO/Plan de trabajo ISM Agosto 2026.xlsx
2026-08-19 13:52:59  [etl.exhib_pagadas]  · DEBUG     [stdout] - Ruta: Equipo Información/BI/INVOLVES/PLAN DE TRABAJO/Plan de trabajo ISM Agosto 2026.xlsx
2026-08-19 13:52:59  [etl.precios]       · DEBUG     [stdout] - Ruta: Equipo Información/BI/INVOLVES/PLAN DE TRABAJO/Plan de trabajo ISM Agosto 2026.xlsx
2026-08-19 13:52:59  [etl.exhib_gratis]  · DEBUG     [stdout] - Ruta: Equipo Información/BI/INVOLVES/PLAN DE TRABAJO/Plan de trabajo ISM Agosto 2026.xlsx
2026-08-19 13:52:59  [etl.sos]           · DEBUG     [stdout] - Ruta: Equipo Información/BI/INVOLVES/PLAN DE TRABAJO/Plan de trabajo ISM Agosto 2026.xlsx
2026-08-19 13:52:59  [etl.cif]           · DEBUG     [stdout] ── Cargando fuentes desde SharePoint ────────────
2026-08-19 13:52:59  [etl.nopresencia]   · DEBUG     [stdout] ── Cargando fuentes desde SharePoint ────────────
2026-08-19 13:52:59  [etl.exhib_pagadas]  · DEBUG     [stdout] ── Cargando fuentes desde SharePoint ────────────
2026-08-19 13:52:59  [etl.precios]       · DEBUG     [stdout] ── Cargando fuentes desde SharePoint ────────────
2026-08-19 13:52:59  [etl.exhib_gratis]  · DEBUG     [stdout] ── Cargando fuentes desde SharePoint ────────────
2026-08-19 13:52:59  [etl.sos]           · DEBUG     [stdout] ── Cargando fuentes desde SharePoint ────────────
2026-08-19 13:53:02  [etl.precios]       ✓ INFO      PT filtrado para Precios: 804 PDVs únicos — periodo AGOSTO_2026
2026-08-19 13:53:02  [etl.cif]           · DEBUG     [stdout] --- PASO 2: Cruzando Capturas por Categorías (AGOSTO_2026) ---
2026-08-19 13:53:02  [etl.nopresencia]   · DEBUG     [stdout] --- PASO 2: Cruzando Capturas por Categorías (AGOSTO_2026) ---
2026-08-19 13:53:02  [etl.exhib_pagadas]  · DEBUG     [stdout] --- PASO 2: Cruzando Capturas por Categorías (AGOSTO_2026) ---
2026-08-19 13:53:02  [etl.precios]       · DEBUG     [stdout] --- PASO 2: Cruzando Capturas por Categorías (AGOSTO_2026) ---
2026-08-19 13:53:02  [etl.exhib_gratis]  · DEBUG     [stdout] --- PASO 2: Cruzando Capturas por Categorías (AGOSTO_2026) ---
2026-08-19 13:53:02  [etl.sos]           · DEBUG     [stdout] --- PASO 2: Cruzando Capturas por Categorías (AGOSTO_2026) ---
2026-08-19 13:53:02  [etl.cif]           ✓ INFO      Paso 1 — PT consolidado: 11,007 filas
2026-08-19 13:53:02  [etl.cif]           · DEBUG     [stdout] ========================================
2026-08-19 13:53:02  [etl.nopresencia]   · DEBUG     [stdout] ========================================
2026-08-19 13:53:02  [etl.exhib_pagadas]  · DEBUG     [stdout] ========================================
2026-08-19 13:53:02  [etl.precios]       · DEBUG     [stdout] ========================================
2026-08-19 13:53:02  [etl.exhib_gratis]  · DEBUG     [stdout] ========================================
2026-08-19 13:53:02  [etl.sos]           · DEBUG     [stdout] ========================================
2026-08-19 13:53:02  [etl.cif]           · DEBUG     [stdout] INICIANDO PASO 1: CONSOLIDACIÓN CLOUD  (Agosto_2026)
2026-08-19 13:53:02  [etl.nopresencia]   · DEBUG     [stdout] INICIANDO PASO 1: CONSOLIDACIÓN CLOUD  (Agosto_2026)
2026-08-19 13:53:02  [etl.exhib_pagadas]  · DEBUG     [stdout] INICIANDO PASO 1: CONSOLIDACIÓN CLOUD  (Agosto_2026)
2026-08-19 13:53:02  [etl.precios]       · DEBUG     [stdout] INICIANDO PASO 1: CONSOLIDACIÓN CLOUD  (Agosto_2026)
2026-08-19 13:53:02  [etl.exhib_gratis]  · DEBUG     [stdout] INICIANDO PASO 1: CONSOLIDACIÓN CLOUD  (Agosto_2026)
2026-08-19 13:53:02  [etl.sos]           · DEBUG     [stdout] INICIANDO PASO 1: CONSOLIDACIÓN CLOUD  (Agosto_2026)
2026-08-19 13:53:02  [etl.cif]           · DEBUG     [stdout] ========================================
2026-08-19 13:53:02  [etl.nopresencia]   · DEBUG     [stdout] ========================================
2026-08-19 13:53:02  [etl.exhib_pagadas]  · DEBUG     [stdout] ========================================
2026-08-19 13:53:02  [etl.precios]       · DEBUG     [stdout] ========================================
2026-08-19 13:53:02  [etl.exhib_gratis]  · DEBUG     [stdout] ========================================
2026-08-19 13:53:02  [etl.sos]           · DEBUG     [stdout] ========================================
2026-08-19 13:53:02  [etl.cif]           · DEBUG     [stdout] --- PASO 2: Consolidando Encuestas SOS (Agosto_2026) ---
2026-08-19 13:53:02  [etl.nopresencia]   · DEBUG     [stdout] --- PASO 2: Consolidando Encuestas SOS (Agosto_2026) ---
2026-08-19 13:53:02  [etl.exhib_pagadas]  · DEBUG     [stdout] --- PASO 2: Consolidando Encuestas SOS (Agosto_2026) ---
2026-08-19 13:53:02  [etl.precios]       · DEBUG     [stdout] --- PASO 2: Consolidando Encuestas SOS (Agosto_2026) ---
2026-08-19 13:53:02  [etl.exhib_gratis]  · DEBUG     [stdout] --- PASO 2: Consolidando Encuestas SOS (Agosto_2026) ---
2026-08-19 13:53:02  [etl.sos]           · DEBUG     [stdout] --- PASO 2: Consolidando Encuestas SOS (Agosto_2026) ---
2026-08-19 13:53:02  [etl.nopresencia]   ✓ INFO      Usando DataFrame de PT proporcionado por el orquestador (5,214 filas)
2026-08-19 13:53:02  [etl.cif]           · DEBUG     [stdout] --- INICIANDO: Bloque No Presencia (Encuestas Básicas) ---
2026-08-19 13:53:02  [etl.nopresencia]   · DEBUG     [stdout] --- INICIANDO: Bloque No Presencia (Encuestas Básicas) ---
2026-08-19 13:53:02  [etl.exhib_pagadas]  · DEBUG     [stdout] --- INICIANDO: Bloque No Presencia (Encuestas Básicas) ---
2026-08-19 13:53:02  [etl.precios]       · DEBUG     [stdout] --- INICIANDO: Bloque No Presencia (Encuestas Básicas) ---
2026-08-19 13:53:02  [etl.exhib_gratis]  · DEBUG     [stdout] --- INICIANDO: Bloque No Presencia (Encuestas Básicas) ---
2026-08-19 13:53:02  [etl.sos]           · DEBUG     [stdout] --- INICIANDO: Bloque No Presencia (Encuestas Básicas) ---
2026-08-19 13:53:02  [etl.cif]           · DEBUG     [stdout] 🚀 Iniciando auditoría exhibiciones pagadas (Agosto_2026)...
2026-08-19 13:53:02  [etl.nopresencia]   · DEBUG     [stdout] 🚀 Iniciando auditoría exhibiciones pagadas (Agosto_2026)...
2026-08-19 13:53:02  [etl.exhib_pagadas]  · DEBUG     [stdout] 🚀 Iniciando auditoría exhibiciones pagadas (Agosto_2026)...
2026-08-19 13:53:02  [etl.precios]       · DEBUG     [stdout] 🚀 Iniciando auditoría exhibiciones pagadas (Agosto_2026)...
2026-08-19 13:53:02  [etl.exhib_gratis]  · DEBUG     [stdout] 🚀 Iniciando auditoría exhibiciones pagadas (Agosto_2026)...
2026-08-19 13:53:02  [etl.sos]           · DEBUG     [stdout] 🚀 Iniciando auditoría exhibiciones pagadas (Agosto_2026)...
2026-08-19 13:53:03  [etl.cif]           · DEBUG     [stdout] 📂 Plan de trabajo DIRECTO: Plan de trabajo Directo Agosto 2026.xlsx
2026-08-19 13:53:03  [etl.nopresencia]   · DEBUG     [stdout] 📂 Plan de trabajo DIRECTO: Plan de trabajo Directo Agosto 2026.xlsx
2026-08-19 13:53:03  [etl.exhib_pagadas]  · DEBUG     [stdout] 📂 Plan de trabajo DIRECTO: Plan de trabajo Directo Agosto 2026.xlsx
2026-08-19 13:53:03  [etl.precios]       · DEBUG     [stdout] 📂 Plan de trabajo DIRECTO: Plan de trabajo Directo Agosto 2026.xlsx
2026-08-19 13:53:03  [etl.exhib_gratis]  · DEBUG     [stdout] 📂 Plan de trabajo DIRECTO: Plan de trabajo Directo Agosto 2026.xlsx
2026-08-19 13:53:03  [etl.sos]           · DEBUG     [stdout] 📂 Plan de trabajo DIRECTO: Plan de trabajo Directo Agosto 2026.xlsx
2026-08-19 13:53:03  [etl.cif]           · DEBUG     [stdout] 📂 Plan de trabajo ISM: Plan de trabajo ISM Agosto 2026.xlsx
2026-08-19 13:53:03  [etl.nopresencia]   · DEBUG     [stdout] 📂 Plan de trabajo ISM: Plan de trabajo ISM Agosto 2026.xlsx
2026-08-19 13:53:03  [etl.exhib_pagadas]  · DEBUG     [stdout] 📂 Plan de trabajo ISM: Plan de trabajo ISM Agosto 2026.xlsx
2026-08-19 13:53:03  [etl.precios]       · DEBUG     [stdout] 📂 Plan de trabajo ISM: Plan de trabajo ISM Agosto 2026.xlsx
2026-08-19 13:53:03  [etl.exhib_gratis]  · DEBUG     [stdout] 📂 Plan de trabajo ISM: Plan de trabajo ISM Agosto 2026.xlsx
2026-08-19 13:53:03  [etl.sos]           · DEBUG     [stdout] 📂 Plan de trabajo ISM: Plan de trabajo ISM Agosto 2026.xlsx
2026-08-19 13:53:03  [etl.cif]           · DEBUG     [stdout] ℹ️  Planning seleccionado: PLANNING DE AGOSTO 2026.xlsx
2026-08-19 13:53:03  [etl.nopresencia]   · DEBUG     [stdout] ℹ️  Planning seleccionado: PLANNING DE AGOSTO 2026.xlsx
2026-08-19 13:53:03  [etl.exhib_pagadas]  · DEBUG     [stdout] ℹ️  Planning seleccionado: PLANNING DE AGOSTO 2026.xlsx
2026-08-19 13:53:03  [etl.precios]       · DEBUG     [stdout] ℹ️  Planning seleccionado: PLANNING DE AGOSTO 2026.xlsx
2026-08-19 13:53:03  [etl.exhib_gratis]  · DEBUG     [stdout] ℹ️  Planning seleccionado: PLANNING DE AGOSTO 2026.xlsx
2026-08-19 13:53:03  [etl.sos]           · DEBUG     [stdout] ℹ️  Planning seleccionado: PLANNING DE AGOSTO 2026.xlsx
2026-08-19 13:53:03  [etl.cif]           · DEBUG     [stdout] ℹ️  Encuesta/Base seleccionada: Base Exhibiciones Informar Agosto 2026.xlsx
2026-08-19 13:53:03  [etl.nopresencia]   · DEBUG     [stdout] ℹ️  Encuesta/Base seleccionada: Base Exhibiciones Informar Agosto 2026.xlsx
2026-08-19 13:53:03  [etl.exhib_pagadas]  · DEBUG     [stdout] ℹ️  Encuesta/Base seleccionada: Base Exhibiciones Informar Agosto 2026.xlsx
2026-08-19 13:53:03  [etl.precios]       · DEBUG     [stdout] ℹ️  Encuesta/Base seleccionada: Base Exhibiciones Informar Agosto 2026.xlsx
2026-08-19 13:53:03  [etl.exhib_gratis]  · DEBUG     [stdout] ℹ️  Encuesta/Base seleccionada: Base Exhibiciones Informar Agosto 2026.xlsx
2026-08-19 13:53:03  [etl.sos]           · DEBUG     [stdout] ℹ️  Encuesta/Base seleccionada: Base Exhibiciones Informar Agosto 2026.xlsx
2026-08-19 13:53:06  [etl.cif]           · DEBUG     [stdout] ℹ️  Header detectado en fila 0 — col_cant='*Pagadas - *Digite el numero de exhibiciones adicionales para este tipo.'
2026-08-19 13:53:06  [etl.nopresencia]   · DEBUG     [stdout] ℹ️  Header detectado en fila 0 — col_cant='*Pagadas - *Digite el numero de exhibiciones adicionales para este tipo.'
2026-08-19 13:53:06  [etl.exhib_pagadas]  · DEBUG     [stdout] ℹ️  Header detectado en fila 0 — col_cant='*Pagadas - *Digite el numero de exhibiciones adicionales para este tipo.'
2026-08-19 13:53:06  [etl.precios]       · DEBUG     [stdout] ℹ️  Header detectado en fila 0 — col_cant='*Pagadas - *Digite el numero de exhibiciones adicionales para este tipo.'
2026-08-19 13:53:06  [etl.exhib_gratis]  · DEBUG     [stdout] ℹ️  Header detectado en fila 0 — col_cant='*Pagadas - *Digite el numero de exhibiciones adicionales para este tipo.'
2026-08-19 13:53:06  [etl.sos]           · DEBUG     [stdout] ℹ️  Header detectado en fila 0 — col_cant='*Pagadas - *Digite el numero de exhibiciones adicionales para este tipo.'
2026-08-19 13:53:06  [etl.cif]           · DEBUG     [stdout] ℹ️  '*Pagadas - *Digite el numero de exhibiciones adicionales para este tipo.': 591/2768 valores numéricos válidos, 591 > 0
2026-08-19 13:53:06  [etl.nopresencia]   · DEBUG     [stdout] ℹ️  '*Pagadas - *Digite el numero de exhibiciones adicionales para este tipo.': 591/2768 valores numéricos válidos, 591 > 0
2026-08-19 13:53:06  [etl.exhib_pagadas]  · DEBUG     [stdout] ℹ️  '*Pagadas - *Digite el numero de exhibiciones adicionales para este tipo.': 591/2768 valores numéricos válidos, 591 > 0
2026-08-19 13:53:06  [etl.precios]       · DEBUG     [stdout] ℹ️  '*Pagadas - *Digite el numero de exhibiciones adicionales para este tipo.': 591/2768 valores numéricos válidos, 591 > 0
2026-08-19 13:53:06  [etl.exhib_gratis]  · DEBUG     [stdout] ℹ️  '*Pagadas - *Digite el numero de exhibiciones adicionales para este tipo.': 591/2768 valores numéricos válidos, 591 > 0
2026-08-19 13:53:06  [etl.sos]           · DEBUG     [stdout] ℹ️  '*Pagadas - *Digite el numero de exhibiciones adicionales para este tipo.': 591/2768 valores numéricos válidos, 591 > 0
2026-08-19 13:53:17  [etl.cif]           ✓ INFO      [stdout] ✓ [SharePoint] Base Exhibiciones Informar Agosto 2026.xlsx — 1,420 filas
2026-08-19 13:53:17  [etl.nopresencia]   ✓ INFO      [stdout] ✓ [SharePoint] Base Exhibiciones Informar Agosto 2026.xlsx — 1,420 filas
2026-08-19 13:53:17  [etl.exhib_pagadas]  ✓ INFO      [stdout] ✓ [SharePoint] Base Exhibiciones Informar Agosto 2026.xlsx — 1,420 filas
2026-08-19 13:53:17  [etl.precios]       ✓ INFO      [stdout] ✓ [SharePoint] Base Exhibiciones Informar Agosto 2026.xlsx — 1,420 filas
2026-08-19 13:53:17  [etl.exhib_gratis]  ✓ INFO      [stdout] ✓ [SharePoint] Base Exhibiciones Informar Agosto 2026.xlsx — 1,420 filas
2026-08-19 13:53:17  [etl.sos]           ✓ INFO      [stdout] ✓ [SharePoint] Base Exhibiciones Informar Agosto 2026.xlsx — 1,420 filas
2026-08-19 13:53:22  [etl.cif]           · DEBUG     [stdout] [DIRECTO] 8525 filas procesadas.
2026-08-19 13:53:22  [etl.nopresencia]   · DEBUG     [stdout] [DIRECTO] 8525 filas procesadas.
2026-08-19 13:53:22  [etl.exhib_pagadas]  · DEBUG     [stdout] [DIRECTO] 8525 filas procesadas.
2026-08-19 13:53:22  [etl.precios]       · DEBUG     [stdout] [DIRECTO] 8525 filas procesadas.
2026-08-19 13:53:22  [etl.exhib_gratis]  · DEBUG     [stdout] [DIRECTO] 8525 filas procesadas.
2026-08-19 13:53:22  [etl.sos]           · DEBUG     [stdout] [DIRECTO] 8525 filas procesadas.
2026-08-19 13:53:22  [etl.cif]           · DEBUG     [stdout] ℹ️  Marca de la encuesta tomada de la columna #61 ('MARCA.1'). Muestra de valores: ["Johnson's Baby", 'Listerine', 'Neutrogena', 'MULTIMARCA', 'OTROS']
2026-08-19 13:53:22  [etl.nopresencia]   · DEBUG     [stdout] ℹ️  Marca de la encuesta tomada de la columna #61 ('MARCA.1'). Muestra de valores: ["Johnson's Baby", 'Listerine', 'Neutrogena', 'MULTIMARCA', 'OTROS']
2026-08-19 13:53:22  [etl.exhib_pagadas]  · DEBUG     [stdout] ℹ️  Marca de la encuesta tomada de la columna #61 ('MARCA.1'). Muestra de valores: ["Johnson's Baby", 'Listerine', 'Neutrogena', 'MULTIMARCA', 'OTROS']
2026-08-19 13:53:22  [etl.precios]       · DEBUG     [stdout] ℹ️  Marca de la encuesta tomada de la columna #61 ('MARCA.1'). Muestra de valores: ["Johnson's Baby", 'Listerine', 'Neutrogena', 'MULTIMARCA', 'OTROS']
2026-08-19 13:53:22  [etl.exhib_gratis]  · DEBUG     [stdout] ℹ️  Marca de la encuesta tomada de la columna #61 ('MARCA.1'). Muestra de valores: ["Johnson's Baby", 'Listerine', 'Neutrogena', 'MULTIMARCA', 'OTROS']
2026-08-19 13:53:22  [etl.sos]           · DEBUG     [stdout] ℹ️  Marca de la encuesta tomada de la columna #61 ('MARCA.1'). Muestra de valores: ["Johnson's Baby", 'Listerine', 'Neutrogena', 'MULTIMARCA', 'OTROS']
2026-08-19 13:53:22  [etl.cif]           · DEBUG     [stdout] ℹ️  col_pdv (Planning) = '*Punto de venta' | col_id_inv (Encuesta) = 'PDV' | col_tipo_inv (Encuesta) = 'Seleccionar el Tipo de la exhibicion (Pagadas)'
2026-08-19 13:53:22  [etl.nopresencia]   · DEBUG     [stdout] ℹ️  col_pdv (Planning) = '*Punto de venta' | col_id_inv (Encuesta) = 'PDV' | col_tipo_inv (Encuesta) = 'Seleccionar el Tipo de la exhibicion (Pagadas)'
2026-08-19 13:53:22  [etl.exhib_pagadas]  · DEBUG     [stdout] ℹ️  col_pdv (Planning) = '*Punto de venta' | col_id_inv (Encuesta) = 'PDV' | col_tipo_inv (Encuesta) = 'Seleccionar el Tipo de la exhibicion (Pagadas)'
2026-08-19 13:53:22  [etl.precios]       · DEBUG     [stdout] ℹ️  col_pdv (Planning) = '*Punto de venta' | col_id_inv (Encuesta) = 'PDV' | col_tipo_inv (Encuesta) = 'Seleccionar el Tipo de la exhibicion (Pagadas)'
2026-08-19 13:53:22  [etl.exhib_gratis]  · DEBUG     [stdout] ℹ️  col_pdv (Planning) = '*Punto de venta' | col_id_inv (Encuesta) = 'PDV' | col_tipo_inv (Encuesta) = 'Seleccionar el Tipo de la exhibicion (Pagadas)'
2026-08-19 13:53:22  [etl.sos]           · DEBUG     [stdout] ℹ️  col_pdv (Planning) = '*Punto de venta' | col_id_inv (Encuesta) = 'PDV' | col_tipo_inv (Encuesta) = 'Seleccionar el Tipo de la exhibicion (Pagadas)'
2026-08-19 13:53:22  [etl.cif]           · DEBUG     [stdout] ℹ️  Columnas Planning (11): ['Exhibiciones adicionales - Planning E', '*Rótulo de la encuesta', '*Empleado', '*Punto de venta', '*Fecha de expiración', '*EXHIBICIONES:', '*Tipo - Pagadas', '*MARCA - Pagadas', '*Pagadas - *Digite el numero de exhibiciones adicionales para este tipo.', '*La exhibicion es PAC o ExtraPAC?', '_JOIN_']
2026-08-19 13:53:22  [etl.nopresencia]   · DEBUG     [stdout] ℹ️  Columnas Planning (11): ['Exhibiciones adicionales - Planning E', '*Rótulo de la encuesta', '*Empleado', '*Punto de venta', '*Fecha de expiración', '*EXHIBICIONES:', '*Tipo - Pagadas', '*MARCA - Pagadas', '*Pagadas - *Digite el numero de exhibiciones adicionales para este tipo.', '*La exhibicion es PAC o ExtraPAC?', '_JOIN_']
2026-08-19 13:53:22  [etl.exhib_pagadas]  · DEBUG     [stdout] ℹ️  Columnas Planning (11): ['Exhibiciones adicionales - Planning E', '*Rótulo de la encuesta', '*Empleado', '*Punto de venta', '*Fecha de expiración', '*EXHIBICIONES:', '*Tipo - Pagadas', '*MARCA - Pagadas', '*Pagadas - *Digite el numero de exhibiciones adicionales para este tipo.', '*La exhibicion es PAC o ExtraPAC?', '_JOIN_']
2026-08-19 13:53:22  [etl.precios]       · DEBUG     [stdout] ℹ️  Columnas Planning (11): ['Exhibiciones adicionales - Planning E', '*Rótulo de la encuesta', '*Empleado', '*Punto de venta', '*Fecha de expiración', '*EXHIBICIONES:', '*Tipo - Pagadas', '*MARCA - Pagadas', '*Pagadas - *Digite el numero de exhibiciones adicionales para este tipo.', '*La exhibicion es PAC o ExtraPAC?', '_JOIN_']
2026-08-19 13:53:22  [etl.exhib_gratis]  · DEBUG     [stdout] ℹ️  Columnas Planning (11): ['Exhibiciones adicionales - Planning E', '*Rótulo de la encuesta', '*Empleado', '*Punto de venta', '*Fecha de expiración', '*EXHIBICIONES:', '*Tipo - Pagadas', '*MARCA - Pagadas', '*Pagadas - *Digite el numero de exhibiciones adicionales para este tipo.', '*La exhibicion es PAC o ExtraPAC?', '_JOIN_']
2026-08-19 13:53:22  [etl.sos]           · DEBUG     [stdout] ℹ️  Columnas Planning (11): ['Exhibiciones adicionales - Planning E', '*Rótulo de la encuesta', '*Empleado', '*Punto de venta', '*Fecha de expiración', '*EXHIBICIONES:', '*Tipo - Pagadas', '*MARCA - Pagadas', '*Pagadas - *Digite el numero de exhibiciones adicionales para este tipo.', '*La exhibicion es PAC o ExtraPAC?', '_JOIN_']
2026-08-19 13:53:22  [etl.cif]           · DEBUG     [stdout] ℹ️  Columnas Encuesta (165): ['ID de la encuesta', 'Rótulo de la encuesta', 'Red', 'Cadena', 'Canal del PDV', 'Perfil del PDV', 'Tipo de PDV', 'ID del PDV', 'PDV', 'Núm. del PDV', 'Código del PDV', 'División territorial', 'Ciudad', 'Macrorregional', 'Regional', 'Barrio', 'Núm. de Identificación Empresarial', 'Código postal', 'Centro comercial', 'Cod PDV (SGI)', 'CODIGO GERENCIA', 'GERENTE / KAM', 'CODIGO VENDEDOR SAP', 'VENDEDOR SAP', 'Golden Store', 'Tienda con OPL', 'Tienda Visitada por Operaciones', 'Tienda Perfecta', 'Código Interno D&P', 'Dirección', 'Latitud', 'Longitud', 'Fecha y hora de la encuesta', 'Fecha de la encuesta', 'Hora de la encuesta', 'Día de la semana', 'Semana del año', 'Semana del mes', 'Día del mes', 'Mes del año', 'Año', 'ID del empleado', 'ID del empleado.1', 'Empleado', 'Núm. de Identificación del Empleado', 'Superior del empleado', 'Perfil del empleado', 'Perfil de acceso', 'Cargo', 'Número de registro', 'Homologación', 'Empleado que digitó', 'EXHIBICIONES:', 'EXHIBICIONES: - Puntuación', 'Seleccionar el Tipo de la exhibicion:', 'Seleccionar el Tipo de la exhibicion: - Puntuación', 'MARCA', 'MARCA - Puntuación', '*Digite el numero de exhibiciones adicionales para este tipo', 'Seleccionar el Tipo de la exhibicion (Pagadas)', 'Seleccionar el Tipo de la exhibicion (Pagadas) - Puntuación', 'MARCA.1', 'MARCA - Puntuación.1', '*Digite el numero de exhibiciones adicionales para este tipo.', 'Indique la marca y el porcentaje en números', 'Listerine', 'Porcentaje', 'Lubriderm', 'Porcentaje.1', 'Johnson’s baby', 'Porcentaje.2', 'Neutrogena', 'Porcentaje.3', 'Stayfree', 'Porcentaje.4', 'Carefree', 'Porcentaje.5', 'OB', 'Porcentaje.6', 'OTROS', 'Porcentaje.7', 'La exhibicion es PAC o ExtraPAC?', 'La exhibicion es PAC o ExtraPAC? - Puntuación', '¿Tiene material de visibilidad?', '¿Tiene material de visibilidad? - Puntuación', 'Cual es el segmento de la exhibicion?', 'Shampoo', 'Cremas Baby', 'Baño Liquido', 'Otros', 'Indique las Adyacencias ( Máximo 2 Adyacencias):', 'Cepillo y cremas dentales', 'Jabones', 'Shampoo.1', 'Afeitada y depilacion', 'Desodorantes', 'Proteccion pies', 'Pañitos y toallitas humedas', 'Pañales', 'Leches o cereales infantiles', 'Cremas de manos y corporal', 'Cremas faciales', 'Aseo del bb', 'Proteccion solar', 'Otc', 'Maquillaje', 'Proteccion femenina', 'OTROS.1', 'La Exhibicion esta implementada de acuerdo con el planning?', 'La Exhibicion esta implementada de acuerdo con el planning? - Puntuación', 'Indique las causales:', 'Indique las causales: - Puntuación', 'Tome evidencia:', 'Tome evidencia:.1', 'Seleccionar el Tipo de la exhibicion - CONTRAPRESTACIÓN', 'Seleccionar el Tipo de la exhibicion - CONTRAPRESTACIÓN - Puntuación', 'MARCA - CONTRAPRESTACIÓN', 'MARCA - CONTRAPRESTACIÓN - Puntuación', '*Digite el numero de exhibiciones adicionales para este tipo. - CONTRAPRESTACIÓN', 'Indique la marca y el porcentaje en números.1', 'Listerine.1', 'Porcentaje.8', 'Lubriderm.1', 'Porcentaje.9', 'Johnson’s baby.1', 'Porcentaje.10', 'Neutrogena.1', 'Porcentaje.11', 'Stayfree.1', 'Porcentaje.12', 'Carefree.1', 'Porcentaje.13', 'OB.1', 'Porcentaje.14', 'OTROS.2', 'Porcentaje.15', 'La exhibicion es PAC o ExtraPAC? - CONTRAPESTRACIÓN', 'La exhibicion es PAC o ExtraPAC? - CONTRAPESTRACIÓN - Puntuación', '- ¿En qué estado se encuentra el material POP?', '- ¿En qué estado se encuentra el material POP? - Puntuación', 'Cual es el segmento de la exhibicion?.1', 'Shampoo.2', 'Cremas Baby.1', 'Baño Liquido.1', 'Otros.1', 'Indique las Adyacencias ( Máximo 2 Adyacencias):.1', 'Cepillo y cremas dentales.1', 'Jabones.1', 'Shampoo.3', 'Afeitada y depilacion.1', 'Desodorantes.1', 'Proteccion pies.1', 'Pañitos y toallitas humedas.1', 'Pañales.1', 'Leches o cereales infantiles.1', 'Cremas de manos y corporal.1', 'Cremas faciales.1', 'Aseo del bb.1', 'Proteccion solar.1', 'Maquillaje.1', 'Otc.1', 'Proteccion femenina.1', 'OTROS.3', 'Tome evidencia:.2', 'Puntuación total']
2026-08-19 13:53:22  [etl.nopresencia]   · DEBUG     [stdout] ℹ️  Columnas Encuesta (165): ['ID de la encuesta', 'Rótulo de la encuesta', 'Red', 'Cadena', 'Canal del PDV', 'Perfil del PDV', 'Tipo de PDV', 'ID del PDV', 'PDV', 'Núm. del PDV', 'Código del PDV', 'División territorial', 'Ciudad', 'Macrorregional', 'Regional', 'Barrio', 'Núm. de Identificación Empresarial', 'Código postal', 'Centro comercial', 'Cod PDV (SGI)', 'CODIGO GERENCIA', 'GERENTE / KAM', 'CODIGO VENDEDOR SAP', 'VENDEDOR SAP', 'Golden Store', 'Tienda con OPL', 'Tienda Visitada por Operaciones', 'Tienda Perfecta', 'Código Interno D&P', 'Dirección', 'Latitud', 'Longitud', 'Fecha y hora de la encuesta', 'Fecha de la encuesta', 'Hora de la encuesta', 'Día de la semana', 'Semana del año', 'Semana del mes', 'Día del mes', 'Mes del año', 'Año', 'ID del empleado', 'ID del empleado.1', 'Empleado', 'Núm. de Identificación del Empleado', 'Superior del empleado', 'Perfil del empleado', 'Perfil de acceso', 'Cargo', 'Número de registro', 'Homologación', 'Empleado que digitó', 'EXHIBICIONES:', 'EXHIBICIONES: - Puntuación', 'Seleccionar el Tipo de la exhibicion:', 'Seleccionar el Tipo de la exhibicion: - Puntuación', 'MARCA', 'MARCA - Puntuación', '*Digite el numero de exhibiciones adicionales para este tipo', 'Seleccionar el Tipo de la exhibicion (Pagadas)', 'Seleccionar el Tipo de la exhibicion (Pagadas) - Puntuación', 'MARCA.1', 'MARCA - Puntuación.1', '*Digite el numero de exhibiciones adicionales para este tipo.', 'Indique la marca y el porcentaje en números', 'Listerine', 'Porcentaje', 'Lubriderm', 'Porcentaje.1', 'Johnson’s baby', 'Porcentaje.2', 'Neutrogena', 'Porcentaje.3', 'Stayfree', 'Porcentaje.4', 'Carefree', 'Porcentaje.5', 'OB', 'Porcentaje.6', 'OTROS', 'Porcentaje.7', 'La exhibicion es PAC o ExtraPAC?', 'La exhibicion es PAC o ExtraPAC? - Puntuación', '¿Tiene material de visibilidad?', '¿Tiene material de visibilidad? - Puntuación', 'Cual es el segmento de la exhibicion?', 'Shampoo', 'Cremas Baby', 'Baño Liquido', 'Otros', 'Indique las Adyacencias ( Máximo 2 Adyacencias):', 'Cepillo y cremas dentales', 'Jabones', 'Shampoo.1', 'Afeitada y depilacion', 'Desodorantes', 'Proteccion pies', 'Pañitos y toallitas humedas', 'Pañales', 'Leches o cereales infantiles', 'Cremas de manos y corporal', 'Cremas faciales', 'Aseo del bb', 'Proteccion solar', 'Otc', 'Maquillaje', 'Proteccion femenina', 'OTROS.1', 'La Exhibicion esta implementada de acuerdo con el planning?', 'La Exhibicion esta implementada de acuerdo con el planning? - Puntuación', 'Indique las causales:', 'Indique las causales: - Puntuación', 'Tome evidencia:', 'Tome evidencia:.1', 'Seleccionar el Tipo de la exhibicion - CONTRAPRESTACIÓN', 'Seleccionar el Tipo de la exhibicion - CONTRAPRESTACIÓN - Puntuación', 'MARCA - CONTRAPRESTACIÓN', 'MARCA - CONTRAPRESTACIÓN - Puntuación', '*Digite el numero de exhibiciones adicionales para este tipo. - CONTRAPRESTACIÓN', 'Indique la marca y el porcentaje en números.1', 'Listerine.1', 'Porcentaje.8', 'Lubriderm.1', 'Porcentaje.9', 'Johnson’s baby.1', 'Porcentaje.10', 'Neutrogena.1', 'Porcentaje.11', 'Stayfree.1', 'Porcentaje.12', 'Carefree.1', 'Porcentaje.13', 'OB.1', 'Porcentaje.14', 'OTROS.2', 'Porcentaje.15', 'La exhibicion es PAC o ExtraPAC? - CONTRAPESTRACIÓN', 'La exhibicion es PAC o ExtraPAC? - CONTRAPESTRACIÓN - Puntuación', '- ¿En qué estado se encuentra el material POP?', '- ¿En qué estado se encuentra el material POP? - Puntuación', 'Cual es el segmento de la exhibicion?.1', 'Shampoo.2', 'Cremas Baby.1', 'Baño Liquido.1', 'Otros.1', 'Indique las Adyacencias ( Máximo 2 Adyacencias):.1', 'Cepillo y cremas dentales.1', 'Jabones.1', 'Shampoo.3', 'Afeitada y depilacion.1', 'Desodorantes.1', 'Proteccion pies.1', 'Pañitos y toallitas humedas.1', 'Pañales.1', 'Leches o cereales infantiles.1', 'Cremas de manos y corporal.1', 'Cremas faciales.1', 'Aseo del bb.1', 'Proteccion solar.1', 'Maquillaje.1', 'Otc.1', 'Proteccion femenina.1', 'OTROS.3', 'Tome evidencia:.2', 'Puntuación total']
2026-08-19 13:53:22  [etl.exhib_pagadas]  · DEBUG     [stdout] ℹ️  Columnas Encuesta (165): ['ID de la encuesta', 'Rótulo de la encuesta', 'Red', 'Cadena', 'Canal del PDV', 'Perfil del PDV', 'Tipo de PDV', 'ID del PDV', 'PDV', 'Núm. del PDV', 'Código del PDV', 'División territorial', 'Ciudad', 'Macrorregional', 'Regional', 'Barrio', 'Núm. de Identificación Empresarial', 'Código postal', 'Centro comercial', 'Cod PDV (SGI)', 'CODIGO GERENCIA', 'GERENTE / KAM', 'CODIGO VENDEDOR SAP', 'VENDEDOR SAP', 'Golden Store', 'Tienda con OPL', 'Tienda Visitada por Operaciones', 'Tienda Perfecta', 'Código Interno D&P', 'Dirección', 'Latitud', 'Longitud', 'Fecha y hora de la encuesta', 'Fecha de la encuesta', 'Hora de la encuesta', 'Día de la semana', 'Semana del año', 'Semana del mes', 'Día del mes', 'Mes del año', 'Año', 'ID del empleado', 'ID del empleado.1', 'Empleado', 'Núm. de Identificación del Empleado', 'Superior del empleado', 'Perfil del empleado', 'Perfil de acceso', 'Cargo', 'Número de registro', 'Homologación', 'Empleado que digitó', 'EXHIBICIONES:', 'EXHIBICIONES: - Puntuación', 'Seleccionar el Tipo de la exhibicion:', 'Seleccionar el Tipo de la exhibicion: - Puntuación', 'MARCA', 'MARCA - Puntuación', '*Digite el numero de exhibiciones adicionales para este tipo', 'Seleccionar el Tipo de la exhibicion (Pagadas)', 'Seleccionar el Tipo de la exhibicion (Pagadas) - Puntuación', 'MARCA.1', 'MARCA - Puntuación.1', '*Digite el numero de exhibiciones adicionales para este tipo.', 'Indique la marca y el porcentaje en números', 'Listerine', 'Porcentaje', 'Lubriderm', 'Porcentaje.1', 'Johnson’s baby', 'Porcentaje.2', 'Neutrogena', 'Porcentaje.3', 'Stayfree', 'Porcentaje.4', 'Carefree', 'Porcentaje.5', 'OB', 'Porcentaje.6', 'OTROS', 'Porcentaje.7', 'La exhibicion es PAC o ExtraPAC?', 'La exhibicion es PAC o ExtraPAC? - Puntuación', '¿Tiene material de visibilidad?', '¿Tiene material de visibilidad? - Puntuación', 'Cual es el segmento de la exhibicion?', 'Shampoo', 'Cremas Baby', 'Baño Liquido', 'Otros', 'Indique las Adyacencias ( Máximo 2 Adyacencias):', 'Cepillo y cremas dentales', 'Jabones', 'Shampoo.1', 'Afeitada y depilacion', 'Desodorantes', 'Proteccion pies', 'Pañitos y toallitas humedas', 'Pañales', 'Leches o cereales infantiles', 'Cremas de manos y corporal', 'Cremas faciales', 'Aseo del bb', 'Proteccion solar', 'Otc', 'Maquillaje', 'Proteccion femenina', 'OTROS.1', 'La Exhibicion esta implementada de acuerdo con el planning?', 'La Exhibicion esta implementada de acuerdo con el planning? - Puntuación', 'Indique las causales:', 'Indique las causales: - Puntuación', 'Tome evidencia:', 'Tome evidencia:.1', 'Seleccionar el Tipo de la exhibicion - CONTRAPRESTACIÓN', 'Seleccionar el Tipo de la exhibicion - CONTRAPRESTACIÓN - Puntuación', 'MARCA - CONTRAPRESTACIÓN', 'MARCA - CONTRAPRESTACIÓN - Puntuación', '*Digite el numero de exhibiciones adicionales para este tipo. - CONTRAPRESTACIÓN', 'Indique la marca y el porcentaje en números.1', 'Listerine.1', 'Porcentaje.8', 'Lubriderm.1', 'Porcentaje.9', 'Johnson’s baby.1', 'Porcentaje.10', 'Neutrogena.1', 'Porcentaje.11', 'Stayfree.1', 'Porcentaje.12', 'Carefree.1', 'Porcentaje.13', 'OB.1', 'Porcentaje.14', 'OTROS.2', 'Porcentaje.15', 'La exhibicion es PAC o ExtraPAC? - CONTRAPESTRACIÓN', 'La exhibicion es PAC o ExtraPAC? - CONTRAPESTRACIÓN - Puntuación', '- ¿En qué estado se encuentra el material POP?', '- ¿En qué estado se encuentra el material POP? - Puntuación', 'Cual es el segmento de la exhibicion?.1', 'Shampoo.2', 'Cremas Baby.1', 'Baño Liquido.1', 'Otros.1', 'Indique las Adyacencias ( Máximo 2 Adyacencias):.1', 'Cepillo y cremas dentales.1', 'Jabones.1', 'Shampoo.3', 'Afeitada y depilacion.1', 'Desodorantes.1', 'Proteccion pies.1', 'Pañitos y toallitas humedas.1', 'Pañales.1', 'Leches o cereales infantiles.1', 'Cremas de manos y corporal.1', 'Cremas faciales.1', 'Aseo del bb.1', 'Proteccion solar.1', 'Maquillaje.1', 'Otc.1', 'Proteccion femenina.1', 'OTROS.3', 'Tome evidencia:.2', 'Puntuación total']
2026-08-19 13:53:22  [etl.precios]       · DEBUG     [stdout] ℹ️  Columnas Encuesta (165): ['ID de la encuesta', 'Rótulo de la encuesta', 'Red', 'Cadena', 'Canal del PDV', 'Perfil del PDV', 'Tipo de PDV', 'ID del PDV', 'PDV', 'Núm. del PDV', 'Código del PDV', 'División territorial', 'Ciudad', 'Macrorregional', 'Regional', 'Barrio', 'Núm. de Identificación Empresarial', 'Código postal', 'Centro comercial', 'Cod PDV (SGI)', 'CODIGO GERENCIA', 'GERENTE / KAM', 'CODIGO VENDEDOR SAP', 'VENDEDOR SAP', 'Golden Store', 'Tienda con OPL', 'Tienda Visitada por Operaciones', 'Tienda Perfecta', 'Código Interno D&P', 'Dirección', 'Latitud', 'Longitud', 'Fecha y hora de la encuesta', 'Fecha de la encuesta', 'Hora de la encuesta', 'Día de la semana', 'Semana del año', 'Semana del mes', 'Día del mes', 'Mes del año', 'Año', 'ID del empleado', 'ID del empleado.1', 'Empleado', 'Núm. de Identificación del Empleado', 'Superior del empleado', 'Perfil del empleado', 'Perfil de acceso', 'Cargo', 'Número de registro', 'Homologación', 'Empleado que digitó', 'EXHIBICIONES:', 'EXHIBICIONES: - Puntuación', 'Seleccionar el Tipo de la exhibicion:', 'Seleccionar el Tipo de la exhibicion: - Puntuación', 'MARCA', 'MARCA - Puntuación', '*Digite el numero de exhibiciones adicionales para este tipo', 'Seleccionar el Tipo de la exhibicion (Pagadas)', 'Seleccionar el Tipo de la exhibicion (Pagadas) - Puntuación', 'MARCA.1', 'MARCA - Puntuación.1', '*Digite el numero de exhibiciones adicionales para este tipo.', 'Indique la marca y el porcentaje en números', 'Listerine', 'Porcentaje', 'Lubriderm', 'Porcentaje.1', 'Johnson’s baby', 'Porcentaje.2', 'Neutrogena', 'Porcentaje.3', 'Stayfree', 'Porcentaje.4', 'Carefree', 'Porcentaje.5', 'OB', 'Porcentaje.6', 'OTROS', 'Porcentaje.7', 'La exhibicion es PAC o ExtraPAC?', 'La exhibicion es PAC o ExtraPAC? - Puntuación', '¿Tiene material de visibilidad?', '¿Tiene material de visibilidad? - Puntuación', 'Cual es el segmento de la exhibicion?', 'Shampoo', 'Cremas Baby', 'Baño Liquido', 'Otros', 'Indique las Adyacencias ( Máximo 2 Adyacencias):', 'Cepillo y cremas dentales', 'Jabones', 'Shampoo.1', 'Afeitada y depilacion', 'Desodorantes', 'Proteccion pies', 'Pañitos y toallitas humedas', 'Pañales', 'Leches o cereales infantiles', 'Cremas de manos y corporal', 'Cremas faciales', 'Aseo del bb', 'Proteccion solar', 'Otc', 'Maquillaje', 'Proteccion femenina', 'OTROS.1', 'La Exhibicion esta implementada de acuerdo con el planning?', 'La Exhibicion esta implementada de acuerdo con el planning? - Puntuación', 'Indique las causales:', 'Indique las causales: - Puntuación', 'Tome evidencia:', 'Tome evidencia:.1', 'Seleccionar el Tipo de la exhibicion - CONTRAPRESTACIÓN', 'Seleccionar el Tipo de la exhibicion - CONTRAPRESTACIÓN - Puntuación', 'MARCA - CONTRAPRESTACIÓN', 'MARCA - CONTRAPRESTACIÓN - Puntuación', '*Digite el numero de exhibiciones adicionales para este tipo. - CONTRAPRESTACIÓN', 'Indique la marca y el porcentaje en números.1', 'Listerine.1', 'Porcentaje.8', 'Lubriderm.1', 'Porcentaje.9', 'Johnson’s baby.1', 'Porcentaje.10', 'Neutrogena.1', 'Porcentaje.11', 'Stayfree.1', 'Porcentaje.12', 'Carefree.1', 'Porcentaje.13', 'OB.1', 'Porcentaje.14', 'OTROS.2', 'Porcentaje.15', 'La exhibicion es PAC o ExtraPAC? - CONTRAPESTRACIÓN', 'La exhibicion es PAC o ExtraPAC? - CONTRAPESTRACIÓN - Puntuación', '- ¿En qué estado se encuentra el material POP?', '- ¿En qué estado se encuentra el material POP? - Puntuación', 'Cual es el segmento de la exhibicion?.1', 'Shampoo.2', 'Cremas Baby.1', 'Baño Liquido.1', 'Otros.1', 'Indique las Adyacencias ( Máximo 2 Adyacencias):.1', 'Cepillo y cremas dentales.1', 'Jabones.1', 'Shampoo.3', 'Afeitada y depilacion.1', 'Desodorantes.1', 'Proteccion pies.1', 'Pañitos y toallitas humedas.1', 'Pañales.1', 'Leches o cereales infantiles.1', 'Cremas de manos y corporal.1', 'Cremas faciales.1', 'Aseo del bb.1', 'Proteccion solar.1', 'Maquillaje.1', 'Otc.1', 'Proteccion femenina.1', 'OTROS.3', 'Tome evidencia:.2', 'Puntuación total']
2026-08-19 13:53:22  [etl.exhib_gratis]  · DEBUG     [stdout] ℹ️  Columnas Encuesta (165): ['ID de la encuesta', 'Rótulo de la encuesta', 'Red', 'Cadena', 'Canal del PDV', 'Perfil del PDV', 'Tipo de PDV', 'ID del PDV', 'PDV', 'Núm. del PDV', 'Código del PDV', 'División territorial', 'Ciudad', 'Macrorregional', 'Regional', 'Barrio', 'Núm. de Identificación Empresarial', 'Código postal', 'Centro comercial', 'Cod PDV (SGI)', 'CODIGO GERENCIA', 'GERENTE / KAM', 'CODIGO VENDEDOR SAP', 'VENDEDOR SAP', 'Golden Store', 'Tienda con OPL', 'Tienda Visitada por Operaciones', 'Tienda Perfecta', 'Código Interno D&P', 'Dirección', 'Latitud', 'Longitud', 'Fecha y hora de la encuesta', 'Fecha de la encuesta', 'Hora de la encuesta', 'Día de la semana', 'Semana del año', 'Semana del mes', 'Día del mes', 'Mes del año', 'Año', 'ID del empleado', 'ID del empleado.1', 'Empleado', 'Núm. de Identificación del Empleado', 'Superior del empleado', 'Perfil del empleado', 'Perfil de acceso', 'Cargo', 'Número de registro', 'Homologación', 'Empleado que digitó', 'EXHIBICIONES:', 'EXHIBICIONES: - Puntuación', 'Seleccionar el Tipo de la exhibicion:', 'Seleccionar el Tipo de la exhibicion: - Puntuación', 'MARCA', 'MARCA - Puntuación', '*Digite el numero de exhibiciones adicionales para este tipo', 'Seleccionar el Tipo de la exhibicion (Pagadas)', 'Seleccionar el Tipo de la exhibicion (Pagadas) - Puntuación', 'MARCA.1', 'MARCA - Puntuación.1', '*Digite el numero de exhibiciones adicionales para este tipo.', 'Indique la marca y el porcentaje en números', 'Listerine', 'Porcentaje', 'Lubriderm', 'Porcentaje.1', 'Johnson’s baby', 'Porcentaje.2', 'Neutrogena', 'Porcentaje.3', 'Stayfree', 'Porcentaje.4', 'Carefree', 'Porcentaje.5', 'OB', 'Porcentaje.6', 'OTROS', 'Porcentaje.7', 'La exhibicion es PAC o ExtraPAC?', 'La exhibicion es PAC o ExtraPAC? - Puntuación', '¿Tiene material de visibilidad?', '¿Tiene material de visibilidad? - Puntuación', 'Cual es el segmento de la exhibicion?', 'Shampoo', 'Cremas Baby', 'Baño Liquido', 'Otros', 'Indique las Adyacencias ( Máximo 2 Adyacencias):', 'Cepillo y cremas dentales', 'Jabones', 'Shampoo.1', 'Afeitada y depilacion', 'Desodorantes', 'Proteccion pies', 'Pañitos y toallitas humedas', 'Pañales', 'Leches o cereales infantiles', 'Cremas de manos y corporal', 'Cremas faciales', 'Aseo del bb', 'Proteccion solar', 'Otc', 'Maquillaje', 'Proteccion femenina', 'OTROS.1', 'La Exhibicion esta implementada de acuerdo con el planning?', 'La Exhibicion esta implementada de acuerdo con el planning? - Puntuación', 'Indique las causales:', 'Indique las causales: - Puntuación', 'Tome evidencia:', 'Tome evidencia:.1', 'Seleccionar el Tipo de la exhibicion - CONTRAPRESTACIÓN', 'Seleccionar el Tipo de la exhibicion - CONTRAPRESTACIÓN - Puntuación', 'MARCA - CONTRAPRESTACIÓN', 'MARCA - CONTRAPRESTACIÓN - Puntuación', '*Digite el numero de exhibiciones adicionales para este tipo. - CONTRAPRESTACIÓN', 'Indique la marca y el porcentaje en números.1', 'Listerine.1', 'Porcentaje.8', 'Lubriderm.1', 'Porcentaje.9', 'Johnson’s baby.1', 'Porcentaje.10', 'Neutrogena.1', 'Porcentaje.11', 'Stayfree.1', 'Porcentaje.12', 'Carefree.1', 'Porcentaje.13', 'OB.1', 'Porcentaje.14', 'OTROS.2', 'Porcentaje.15', 'La exhibicion es PAC o ExtraPAC? - CONTRAPESTRACIÓN', 'La exhibicion es PAC o ExtraPAC? - CONTRAPESTRACIÓN - Puntuación', '- ¿En qué estado se encuentra el material POP?', '- ¿En qué estado se encuentra el material POP? - Puntuación', 'Cual es el segmento de la exhibicion?.1', 'Shampoo.2', 'Cremas Baby.1', 'Baño Liquido.1', 'Otros.1', 'Indique las Adyacencias ( Máximo 2 Adyacencias):.1', 'Cepillo y cremas dentales.1', 'Jabones.1', 'Shampoo.3', 'Afeitada y depilacion.1', 'Desodorantes.1', 'Proteccion pies.1', 'Pañitos y toallitas humedas.1', 'Pañales.1', 'Leches o cereales infantiles.1', 'Cremas de manos y corporal.1', 'Cremas faciales.1', 'Aseo del bb.1', 'Proteccion solar.1', 'Maquillaje.1', 'Otc.1', 'Proteccion femenina.1', 'OTROS.3', 'Tome evidencia:.2', 'Puntuación total']
2026-08-19 13:53:22  [etl.sos]           · DEBUG     [stdout] ℹ️  Columnas Encuesta (165): ['ID de la encuesta', 'Rótulo de la encuesta', 'Red', 'Cadena', 'Canal del PDV', 'Perfil del PDV', 'Tipo de PDV', 'ID del PDV', 'PDV', 'Núm. del PDV', 'Código del PDV', 'División territorial', 'Ciudad', 'Macrorregional', 'Regional', 'Barrio', 'Núm. de Identificación Empresarial', 'Código postal', 'Centro comercial', 'Cod PDV (SGI)', 'CODIGO GERENCIA', 'GERENTE / KAM', 'CODIGO VENDEDOR SAP', 'VENDEDOR SAP', 'Golden Store', 'Tienda con OPL', 'Tienda Visitada por Operaciones', 'Tienda Perfecta', 'Código Interno D&P', 'Dirección', 'Latitud', 'Longitud', 'Fecha y hora de la encuesta', 'Fecha de la encuesta', 'Hora de la encuesta', 'Día de la semana', 'Semana del año', 'Semana del mes', 'Día del mes', 'Mes del año', 'Año', 'ID del empleado', 'ID del empleado.1', 'Empleado', 'Núm. de Identificación del Empleado', 'Superior del empleado', 'Perfil del empleado', 'Perfil de acceso', 'Cargo', 'Número de registro', 'Homologación', 'Empleado que digitó', 'EXHIBICIONES:', 'EXHIBICIONES: - Puntuación', 'Seleccionar el Tipo de la exhibicion:', 'Seleccionar el Tipo de la exhibicion: - Puntuación', 'MARCA', 'MARCA - Puntuación', '*Digite el numero de exhibiciones adicionales para este tipo', 'Seleccionar el Tipo de la exhibicion (Pagadas)', 'Seleccionar el Tipo de la exhibicion (Pagadas) - Puntuación', 'MARCA.1', 'MARCA - Puntuación.1', '*Digite el numero de exhibiciones adicionales para este tipo.', 'Indique la marca y el porcentaje en números', 'Listerine', 'Porcentaje', 'Lubriderm', 'Porcentaje.1', 'Johnson’s baby', 'Porcentaje.2', 'Neutrogena', 'Porcentaje.3', 'Stayfree', 'Porcentaje.4', 'Carefree', 'Porcentaje.5', 'OB', 'Porcentaje.6', 'OTROS', 'Porcentaje.7', 'La exhibicion es PAC o ExtraPAC?', 'La exhibicion es PAC o ExtraPAC? - Puntuación', '¿Tiene material de visibilidad?', '¿Tiene material de visibilidad? - Puntuación', 'Cual es el segmento de la exhibicion?', 'Shampoo', 'Cremas Baby', 'Baño Liquido', 'Otros', 'Indique las Adyacencias ( Máximo 2 Adyacencias):', 'Cepillo y cremas dentales', 'Jabones', 'Shampoo.1', 'Afeitada y depilacion', 'Desodorantes', 'Proteccion pies', 'Pañitos y toallitas humedas', 'Pañales', 'Leches o cereales infantiles', 'Cremas de manos y corporal', 'Cremas faciales', 'Aseo del bb', 'Proteccion solar', 'Otc', 'Maquillaje', 'Proteccion femenina', 'OTROS.1', 'La Exhibicion esta implementada de acuerdo con el planning?', 'La Exhibicion esta implementada de acuerdo con el planning? - Puntuación', 'Indique las causales:', 'Indique las causales: - Puntuación', 'Tome evidencia:', 'Tome evidencia:.1', 'Seleccionar el Tipo de la exhibicion - CONTRAPRESTACIÓN', 'Seleccionar el Tipo de la exhibicion - CONTRAPRESTACIÓN - Puntuación', 'MARCA - CONTRAPRESTACIÓN', 'MARCA - CONTRAPRESTACIÓN - Puntuación', '*Digite el numero de exhibiciones adicionales para este tipo. - CONTRAPRESTACIÓN', 'Indique la marca y el porcentaje en números.1', 'Listerine.1', 'Porcentaje.8', 'Lubriderm.1', 'Porcentaje.9', 'Johnson’s baby.1', 'Porcentaje.10', 'Neutrogena.1', 'Porcentaje.11', 'Stayfree.1', 'Porcentaje.12', 'Carefree.1', 'Porcentaje.13', 'OB.1', 'Porcentaje.14', 'OTROS.2', 'Porcentaje.15', 'La exhibicion es PAC o ExtraPAC? - CONTRAPESTRACIÓN', 'La exhibicion es PAC o ExtraPAC? - CONTRAPESTRACIÓN - Puntuación', '- ¿En qué estado se encuentra el material POP?', '- ¿En qué estado se encuentra el material POP? - Puntuación', 'Cual es el segmento de la exhibicion?.1', 'Shampoo.2', 'Cremas Baby.1', 'Baño Liquido.1', 'Otros.1', 'Indique las Adyacencias ( Máximo 2 Adyacencias):.1', 'Cepillo y cremas dentales.1', 'Jabones.1', 'Shampoo.3', 'Afeitada y depilacion.1', 'Desodorantes.1', 'Proteccion pies.1', 'Pañitos y toallitas humedas.1', 'Pañales.1', 'Leches o cereales infantiles.1', 'Cremas de manos y corporal.1', 'Cremas faciales.1', 'Aseo del bb.1', 'Proteccion solar.1', 'Maquillaje.1', 'Otc.1', 'Proteccion femenina.1', 'OTROS.3', 'Tome evidencia:.2', 'Puntuación total']
2026-08-19 13:53:22  [etl.cif]           · DEBUG     [stdout] ℹ️  Muestra _LL_ Planning: ["ACADEMIA SANDRA_PUNTA DE GONDOLA_JOHNSON'S BABY", 'ACADEMIA SANDRA_PUNTA DE GONDOLA_LISTERINE', "ALMACEN Y SUPERMERCADO BARBOSA_PUNTA DE GONDOLA_JOHNSON'S BABY"]
2026-08-19 13:53:22  [etl.nopresencia]   · DEBUG     [stdout] ℹ️  Muestra _LL_ Planning: ["ACADEMIA SANDRA_PUNTA DE GONDOLA_JOHNSON'S BABY", 'ACADEMIA SANDRA_PUNTA DE GONDOLA_LISTERINE', "ALMACEN Y SUPERMERCADO BARBOSA_PUNTA DE GONDOLA_JOHNSON'S BABY"]
2026-08-19 13:53:22  [etl.exhib_pagadas]  · DEBUG     [stdout] ℹ️  Muestra _LL_ Planning: ["ACADEMIA SANDRA_PUNTA DE GONDOLA_JOHNSON'S BABY", 'ACADEMIA SANDRA_PUNTA DE GONDOLA_LISTERINE', "ALMACEN Y SUPERMERCADO BARBOSA_PUNTA DE GONDOLA_JOHNSON'S BABY"]
2026-08-19 13:53:22  [etl.precios]       · DEBUG     [stdout] ℹ️  Muestra _LL_ Planning: ["ACADEMIA SANDRA_PUNTA DE GONDOLA_JOHNSON'S BABY", 'ACADEMIA SANDRA_PUNTA DE GONDOLA_LISTERINE', "ALMACEN Y SUPERMERCADO BARBOSA_PUNTA DE GONDOLA_JOHNSON'S BABY"]
2026-08-19 13:53:22  [etl.exhib_gratis]  · DEBUG     [stdout] ℹ️  Muestra _LL_ Planning: ["ACADEMIA SANDRA_PUNTA DE GONDOLA_JOHNSON'S BABY", 'ACADEMIA SANDRA_PUNTA DE GONDOLA_LISTERINE', "ALMACEN Y SUPERMERCADO BARBOSA_PUNTA DE GONDOLA_JOHNSON'S BABY"]
2026-08-19 13:53:22  [etl.sos]           · DEBUG     [stdout] ℹ️  Muestra _LL_ Planning: ["ACADEMIA SANDRA_PUNTA DE GONDOLA_JOHNSON'S BABY", 'ACADEMIA SANDRA_PUNTA DE GONDOLA_LISTERINE', "ALMACEN Y SUPERMERCADO BARBOSA_PUNTA DE GONDOLA_JOHNSON'S BABY"]
2026-08-19 13:53:22  [etl.cif]           · DEBUG     [stdout] ℹ️  Muestra _LL_ Encuesta: ['JUMBO BUCARAMANGA__', 'D PASTEUR HOSPITAL P4856__', 'DINASTIA BELEN PARQUE__']
2026-08-19 13:53:22  [etl.nopresencia]   · DEBUG     [stdout] ℹ️  Muestra _LL_ Encuesta: ['JUMBO BUCARAMANGA__', 'D PASTEUR HOSPITAL P4856__', 'DINASTIA BELEN PARQUE__']
2026-08-19 13:53:22  [etl.exhib_pagadas]  · DEBUG     [stdout] ℹ️  Muestra _LL_ Encuesta: ['JUMBO BUCARAMANGA__', 'D PASTEUR HOSPITAL P4856__', 'DINASTIA BELEN PARQUE__']
2026-08-19 13:53:22  [etl.precios]       · DEBUG     [stdout] ℹ️  Muestra _LL_ Encuesta: ['JUMBO BUCARAMANGA__', 'D PASTEUR HOSPITAL P4856__', 'DINASTIA BELEN PARQUE__']
2026-08-19 13:53:22  [etl.exhib_gratis]  · DEBUG     [stdout] ℹ️  Muestra _LL_ Encuesta: ['JUMBO BUCARAMANGA__', 'D PASTEUR HOSPITAL P4856__', 'DINASTIA BELEN PARQUE__']
2026-08-19 13:53:22  [etl.sos]           · DEBUG     [stdout] ℹ️  Muestra _LL_ Encuesta: ['JUMBO BUCARAMANGA__', 'D PASTEUR HOSPITAL P4856__', 'DINASTIA BELEN PARQUE__']
2026-08-19 13:53:22  [etl.cif]           · DEBUG     [stdout] ℹ️  Filas de Encuesta con 'Seleccionar el Tipo de la exhibicion (Pagadas)' contestado (no vacío): 63/1420
2026-08-19 13:53:22  [etl.nopresencia]   · DEBUG     [stdout] ℹ️  Filas de Encuesta con 'Seleccionar el Tipo de la exhibicion (Pagadas)' contestado (no vacío): 63/1420
2026-08-19 13:53:22  [etl.exhib_pagadas]  · DEBUG     [stdout] ℹ️  Filas de Encuesta con 'Seleccionar el Tipo de la exhibicion (Pagadas)' contestado (no vacío): 63/1420
2026-08-19 13:53:22  [etl.precios]       · DEBUG     [stdout] ℹ️  Filas de Encuesta con 'Seleccionar el Tipo de la exhibicion (Pagadas)' contestado (no vacío): 63/1420
2026-08-19 13:53:23  [etl.exhib_gratis]  · DEBUG     [stdout] ℹ️  Filas de Encuesta con 'Seleccionar el Tipo de la exhibicion (Pagadas)' contestado (no vacío): 63/1420
2026-08-19 13:53:23  [etl.sos]           · DEBUG     [stdout] ℹ️  Filas de Encuesta con 'Seleccionar el Tipo de la exhibicion (Pagadas)' contestado (no vacío): 63/1420
2026-08-19 13:53:23  [etl.cif]           · DEBUG     [stdout] ℹ️  Muestra Encuesta (solo con 'Pagadas' contestado):
2026-08-19 13:53:23  [etl.cif]           · DEBUG     [stdout] PDV Seleccionar el Tipo de la exhibicion (Pagadas)           MARCA
2026-08-19 13:53:23  [etl.cif]           ✓ INFO      [stdout] 37     EXITO CIUDAD TUNAL                        Lateral o rejilla punta  Johnson's Baby
2026-08-19 13:53:23  [etl.cif]           · DEBUG     [stdout] 40  BETEL PRADOS DEL ESTE                        Lateral o rejilla punta       Listerine
2026-08-19 13:53:23  [etl.cif]           · DEBUG     [stdout] 67          MERCARAPIDO 1                               Punta de gondola       Listerine
2026-08-19 13:53:23  [etl.cif]           · DEBUG     [stdout] 69          MERCARAPIDO 1                               Punta de gondola  Johnson's Baby
2026-08-19 13:53:23  [etl.nopresencia]   · DEBUG     [stdout] ℹ️  Muestra Encuesta (solo con 'Pagadas' contestado):
2026-08-19 13:53:23  [etl.nopresencia]   · DEBUG     [stdout] PDV Seleccionar el Tipo de la exhibicion (Pagadas)           MARCA
2026-08-19 13:53:23  [etl.nopresencia]   ✓ INFO      [stdout] 37     EXITO CIUDAD TUNAL                        Lateral o rejilla punta  Johnson's Baby
2026-08-19 13:53:23  [etl.nopresencia]   · DEBUG     [stdout] 40  BETEL PRADOS DEL ESTE                        Lateral o rejilla punta       Listerine
2026-08-19 13:53:23  [etl.nopresencia]   · DEBUG     [stdout] 67          MERCARAPIDO 1                               Punta de gondola       Listerine
2026-08-19 13:53:23  [etl.nopresencia]   · DEBUG     [stdout] 69          MERCARAPIDO 1                               Punta de gondola  Johnson's Baby
2026-08-19 13:53:23  [etl.exhib_pagadas]  · DEBUG     [stdout] ℹ️  Muestra Encuesta (solo con 'Pagadas' contestado):
2026-08-19 13:53:23  [etl.exhib_pagadas]  · DEBUG     [stdout] PDV Seleccionar el Tipo de la exhibicion (Pagadas)           MARCA
2026-08-19 13:53:23  [etl.exhib_pagadas]  ✓ INFO      [stdout] 37     EXITO CIUDAD TUNAL                        Lateral o rejilla punta  Johnson's Baby
2026-08-19 13:53:23  [etl.exhib_pagadas]  · DEBUG     [stdout] 40  BETEL PRADOS DEL ESTE                        Lateral o rejilla punta       Listerine
2026-08-19 13:53:23  [etl.exhib_pagadas]  · DEBUG     [stdout] 67          MERCARAPIDO 1                               Punta de gondola       Listerine
2026-08-19 13:53:23  [etl.exhib_pagadas]  · DEBUG     [stdout] 69          MERCARAPIDO 1                               Punta de gondola  Johnson's Baby
2026-08-19 13:53:23  [etl.precios]       · DEBUG     [stdout] ℹ️  Muestra Encuesta (solo con 'Pagadas' contestado):
2026-08-19 13:53:23  [etl.precios]       · DEBUG     [stdout] PDV Seleccionar el Tipo de la exhibicion (Pagadas)           MARCA
2026-08-19 13:53:23  [etl.precios]       ✓ INFO      [stdout] 37     EXITO CIUDAD TUNAL                        Lateral o rejilla punta  Johnson's Baby
2026-08-19 13:53:23  [etl.precios]       · DEBUG     [stdout] 40  BETEL PRADOS DEL ESTE                        Lateral o rejilla punta       Listerine
2026-08-19 13:53:23  [etl.precios]       · DEBUG     [stdout] 67          MERCARAPIDO 1                               Punta de gondola       Listerine
2026-08-19 13:53:23  [etl.precios]       · DEBUG     [stdout] 69          MERCARAPIDO 1                               Punta de gondola  Johnson's Baby
2026-08-19 13:53:23  [etl.exhib_gratis]  · DEBUG     [stdout] ℹ️  Muestra Encuesta (solo con 'Pagadas' contestado):
2026-08-19 13:53:23  [etl.exhib_gratis]  · DEBUG     [stdout] PDV Seleccionar el Tipo de la exhibicion (Pagadas)           MARCA
2026-08-19 13:53:23  [etl.exhib_gratis]  ✓ INFO      [stdout] 37     EXITO CIUDAD TUNAL                        Lateral o rejilla punta  Johnson's Baby
2026-08-19 13:53:23  [etl.exhib_gratis]  · DEBUG     [stdout] 40  BETEL PRADOS DEL ESTE                        Lateral o rejilla punta       Listerine
2026-08-19 13:53:23  [etl.exhib_gratis]  · DEBUG     [stdout] 67          MERCARAPIDO 1                               Punta de gondola       Listerine
2026-08-19 13:53:23  [etl.exhib_gratis]  · DEBUG     [stdout] 69          MERCARAPIDO 1                               Punta de gondola  Johnson's Baby
2026-08-19 13:53:23  [etl.sos]           · DEBUG     [stdout] ℹ️  Muestra Encuesta (solo con 'Pagadas' contestado):
2026-08-19 13:53:23  [etl.sos]           · DEBUG     [stdout] PDV Seleccionar el Tipo de la exhibicion (Pagadas)           MARCA
2026-08-19 13:53:23  [etl.sos]           ✓ INFO      [stdout] 37     EXITO CIUDAD TUNAL                        Lateral o rejilla punta  Johnson's Baby
2026-08-19 13:53:23  [etl.sos]           · DEBUG     [stdout] 40  BETEL PRADOS DEL ESTE                        Lateral o rejilla punta       Listerine
2026-08-19 13:53:23  [etl.sos]           · DEBUG     [stdout] 67          MERCARAPIDO 1                               Punta de gondola       Listerine
2026-08-19 13:53:23  [etl.sos]           · DEBUG     [stdout] 69          MERCARAPIDO 1                               Punta de gondola  Johnson's Baby
2026-08-19 13:53:23  [etl.cif]           · DEBUG     [stdout] 71       LOCATEL GALERIAS                                        Counter      Neutrogena
2026-08-19 13:53:23  [etl.nopresencia]   · DEBUG     [stdout] 71       LOCATEL GALERIAS                                        Counter      Neutrogena
2026-08-19 13:53:23  [etl.exhib_pagadas]  · DEBUG     [stdout] 71       LOCATEL GALERIAS                                        Counter      Neutrogena
2026-08-19 13:53:23  [etl.precios]       · DEBUG     [stdout] 71       LOCATEL GALERIAS                                        Counter      Neutrogena
2026-08-19 13:53:23  [etl.exhib_gratis]  · DEBUG     [stdout] 71       LOCATEL GALERIAS                                        Counter      Neutrogena
2026-08-19 13:53:23  [etl.sos]           · DEBUG     [stdout] 71       LOCATEL GALERIAS                                        Counter      Neutrogena
2026-08-19 13:53:23  [etl.cif]           · DEBUG     [stdout] ℹ️  Muestra Planning (PDV/Tipo/Marca crudos):
2026-08-19 13:53:23  [etl.cif]           · DEBUG     [stdout] *Punto de venta   *Tipo - Pagadas *MARCA - Pagadas
2026-08-19 13:53:23  [etl.cif]           · DEBUG     [stdout] 0                 ACADEMIA SANDRA  Punta de gondola   Johnson's Baby
2026-08-19 13:53:23  [etl.cif]           · DEBUG     [stdout] 1                 ACADEMIA SANDRA  Punta de gondola        Listerine
2026-08-19 13:53:23  [etl.cif]           · DEBUG     [stdout] 2  ALMACEN Y SUPERMERCADO BARBOSA  Punta de gondola   Johnson's Baby
2026-08-19 13:53:23  [etl.cif]           · DEBUG     [stdout] 3  ALMACEN Y SUPERMERCADO BARBOSA  Punta de gondola        Listerine
2026-08-19 13:53:23  [etl.nopresencia]   · DEBUG     [stdout] ℹ️  Muestra Planning (PDV/Tipo/Marca crudos):
2026-08-19 13:53:23  [etl.nopresencia]   · DEBUG     [stdout] *Punto de venta   *Tipo - Pagadas *MARCA - Pagadas
2026-08-19 13:53:23  [etl.nopresencia]   · DEBUG     [stdout] 0                 ACADEMIA SANDRA  Punta de gondola   Johnson's Baby
2026-08-19 13:53:23  [etl.nopresencia]   · DEBUG     [stdout] 1                 ACADEMIA SANDRA  Punta de gondola        Listerine
2026-08-19 13:53:23  [etl.nopresencia]   · DEBUG     [stdout] 2  ALMACEN Y SUPERMERCADO BARBOSA  Punta de gondola   Johnson's Baby
2026-08-19 13:53:23  [etl.nopresencia]   · DEBUG     [stdout] 3  ALMACEN Y SUPERMERCADO BARBOSA  Punta de gondola        Listerine
2026-08-19 13:53:23  [etl.exhib_pagadas]  · DEBUG     [stdout] ℹ️  Muestra Planning (PDV/Tipo/Marca crudos):
2026-08-19 13:53:23  [etl.exhib_pagadas]  · DEBUG     [stdout] *Punto de venta   *Tipo - Pagadas *MARCA - Pagadas
2026-08-19 13:53:23  [etl.exhib_pagadas]  · DEBUG     [stdout] 0                 ACADEMIA SANDRA  Punta de gondola   Johnson's Baby
2026-08-19 13:53:23  [etl.exhib_pagadas]  · DEBUG     [stdout] 1                 ACADEMIA SANDRA  Punta de gondola        Listerine
2026-08-19 13:53:23  [etl.exhib_pagadas]  · DEBUG     [stdout] 2  ALMACEN Y SUPERMERCADO BARBOSA  Punta de gondola   Johnson's Baby
2026-08-19 13:53:23  [etl.exhib_pagadas]  · DEBUG     [stdout] 3  ALMACEN Y SUPERMERCADO BARBOSA  Punta de gondola        Listerine
2026-08-19 13:53:23  [etl.precios]       · DEBUG     [stdout] ℹ️  Muestra Planning (PDV/Tipo/Marca crudos):
2026-08-19 13:53:23  [etl.precios]       · DEBUG     [stdout] *Punto de venta   *Tipo - Pagadas *MARCA - Pagadas
2026-08-19 13:53:23  [etl.precios]       · DEBUG     [stdout] 0                 ACADEMIA SANDRA  Punta de gondola   Johnson's Baby
2026-08-19 13:53:23  [etl.precios]       · DEBUG     [stdout] 1                 ACADEMIA SANDRA  Punta de gondola        Listerine
2026-08-19 13:53:23  [etl.precios]       · DEBUG     [stdout] 2  ALMACEN Y SUPERMERCADO BARBOSA  Punta de gondola   Johnson's Baby
2026-08-19 13:53:23  [etl.precios]       · DEBUG     [stdout] 3  ALMACEN Y SUPERMERCADO BARBOSA  Punta de gondola        Listerine
2026-08-19 13:53:23  [etl.exhib_gratis]  · DEBUG     [stdout] ℹ️  Muestra Planning (PDV/Tipo/Marca crudos):
2026-08-19 13:53:23  [etl.exhib_gratis]  · DEBUG     [stdout] *Punto de venta   *Tipo - Pagadas *MARCA - Pagadas
2026-08-19 13:53:23  [etl.exhib_gratis]  · DEBUG     [stdout] 0                 ACADEMIA SANDRA  Punta de gondola   Johnson's Baby
2026-08-19 13:53:23  [etl.exhib_gratis]  · DEBUG     [stdout] 1                 ACADEMIA SANDRA  Punta de gondola        Listerine
2026-08-19 13:53:23  [etl.exhib_gratis]  · DEBUG     [stdout] 2  ALMACEN Y SUPERMERCADO BARBOSA  Punta de gondola   Johnson's Baby
2026-08-19 13:53:23  [etl.exhib_gratis]  · DEBUG     [stdout] 3  ALMACEN Y SUPERMERCADO BARBOSA  Punta de gondola        Listerine
2026-08-19 13:53:23  [etl.sos]           · DEBUG     [stdout] ℹ️  Muestra Planning (PDV/Tipo/Marca crudos):
2026-08-19 13:53:23  [etl.sos]           · DEBUG     [stdout] *Punto de venta   *Tipo - Pagadas *MARCA - Pagadas
2026-08-19 13:53:23  [etl.sos]           · DEBUG     [stdout] 0                 ACADEMIA SANDRA  Punta de gondola   Johnson's Baby
2026-08-19 13:53:23  [etl.sos]           · DEBUG     [stdout] 1                 ACADEMIA SANDRA  Punta de gondola        Listerine
2026-08-19 13:53:23  [etl.sos]           · DEBUG     [stdout] 2  ALMACEN Y SUPERMERCADO BARBOSA  Punta de gondola   Johnson's Baby
2026-08-19 13:53:23  [etl.sos]           · DEBUG     [stdout] 3  ALMACEN Y SUPERMERCADO BARBOSA  Punta de gondola        Listerine
2026-08-19 13:53:23  [etl.cif]           · DEBUG     [stdout] 4            AUTO SERVICIO EL RIO  Punta de gondola   Johnson's Baby
2026-08-19 13:53:23  [etl.nopresencia]   · DEBUG     [stdout] 4            AUTO SERVICIO EL RIO  Punta de gondola   Johnson's Baby
2026-08-19 13:53:23  [etl.exhib_pagadas]  · DEBUG     [stdout] 4            AUTO SERVICIO EL RIO  Punta de gondola   Johnson's Baby
2026-08-19 13:53:23  [etl.precios]       · DEBUG     [stdout] 4            AUTO SERVICIO EL RIO  Punta de gondola   Johnson's Baby
2026-08-19 13:53:23  [etl.exhib_gratis]  · DEBUG     [stdout] 4            AUTO SERVICIO EL RIO  Punta de gondola   Johnson's Baby
2026-08-19 13:53:23  [etl.sos]           · DEBUG     [stdout] 4            AUTO SERVICIO EL RIO  Punta de gondola   Johnson's Baby
2026-08-19 13:53:24  [etl.cif]           · DEBUG     [stdout] ℹ️  Merge Planning↔Encuesta: 8/2768 filas encontraron match (0.3%)
2026-08-19 13:53:24  [etl.nopresencia]   · DEBUG     [stdout] ℹ️  Merge Planning↔Encuesta: 8/2768 filas encontraron match (0.3%)
2026-08-19 13:53:24  [etl.exhib_pagadas]  · DEBUG     [stdout] ℹ️  Merge Planning↔Encuesta: 8/2768 filas encontraron match (0.3%)
2026-08-19 13:53:24  [etl.precios]       · DEBUG     [stdout] ℹ️  Merge Planning↔Encuesta: 8/2768 filas encontraron match (0.3%)
2026-08-19 13:53:24  [etl.exhib_gratis]  · DEBUG     [stdout] ℹ️  Merge Planning↔Encuesta: 8/2768 filas encontraron match (0.3%)
2026-08-19 13:53:24  [etl.sos]           · DEBUG     [stdout] ℹ️  Merge Planning↔Encuesta: 8/2768 filas encontraron match (0.3%)
2026-08-19 13:53:31  [etl.cif]           · DEBUG     [stdout] [ISM] 2482 filas procesadas.
2026-08-19 13:53:31  [etl.nopresencia]   · DEBUG     [stdout] [ISM] 2482 filas procesadas.
2026-08-19 13:53:31  [etl.exhib_pagadas]  · DEBUG     [stdout] [ISM] 2482 filas procesadas.
2026-08-19 13:53:31  [etl.precios]       · DEBUG     [stdout] [ISM] 2482 filas procesadas.
2026-08-19 13:53:31  [etl.exhib_gratis]  · DEBUG     [stdout] [ISM] 2482 filas procesadas.
2026-08-19 13:53:31  [etl.sos]           · DEBUG     [stdout] [ISM] 2482 filas procesadas.
2026-08-19 13:53:35  [etl.cif]           ✓ INFO      [stdout] ✓ [SharePoint] Base Exhibiciones Planning Agosto 2026.xlsx — 1,954 filas
2026-08-19 13:53:35  [etl.nopresencia]   ✓ INFO      [stdout] ✓ [SharePoint] Base Exhibiciones Planning Agosto 2026.xlsx — 1,954 filas
2026-08-19 13:53:35  [etl.exhib_pagadas]  ✓ INFO      [stdout] ✓ [SharePoint] Base Exhibiciones Planning Agosto 2026.xlsx — 1,954 filas
2026-08-19 13:53:35  [etl.precios]       ✓ INFO      [stdout] ✓ [SharePoint] Base Exhibiciones Planning Agosto 2026.xlsx — 1,954 filas
2026-08-19 13:53:35  [etl.exhib_gratis]  ✓ INFO      [stdout] ✓ [SharePoint] Base Exhibiciones Planning Agosto 2026.xlsx — 1,954 filas
2026-08-19 13:53:35  [etl.sos]           ✓ INFO      [stdout] ✓ [SharePoint] Base Exhibiciones Planning Agosto 2026.xlsx — 1,954 filas
2026-08-19 13:53:37  [etl.cif]           ✓ INFO      [stdout] ✅ SHAREPOINT: Archivo guardado con éxito -> Equipo Información/BI/INVOLVES/BASES DE RESPUESTAS/CIF/2026/Consolidado_PT_08_2026.csv
2026-08-19 13:53:37  [etl.nopresencia]   ✓ INFO      [stdout] ✅ SHAREPOINT: Archivo guardado con éxito -> Equipo Información/BI/INVOLVES/BASES DE RESPUESTAS/CIF/2026/Consolidado_PT_08_2026.csv
2026-08-19 13:53:37  [etl.exhib_pagadas]  ✓ INFO      [stdout] ✅ SHAREPOINT: Archivo guardado con éxito -> Equipo Información/BI/INVOLVES/BASES DE RESPUESTAS/CIF/2026/Consolidado_PT_08_2026.csv
2026-08-19 13:53:37  [etl.precios]       ✓ INFO      [stdout] ✅ SHAREPOINT: Archivo guardado con éxito -> Equipo Información/BI/INVOLVES/BASES DE RESPUESTAS/CIF/2026/Consolidado_PT_08_2026.csv
2026-08-19 13:53:37  [etl.exhib_gratis]  ✓ INFO      [stdout] ✅ SHAREPOINT: Archivo guardado con éxito -> Equipo Información/BI/INVOLVES/BASES DE RESPUESTAS/CIF/2026/Consolidado_PT_08_2026.csv
2026-08-19 13:53:37  [etl.sos]           ✓ INFO      [stdout] ✅ SHAREPOINT: Archivo guardado con éxito -> Equipo Información/BI/INVOLVES/BASES DE RESPUESTAS/CIF/2026/Consolidado_PT_08_2026.csv
2026-08-19 13:53:38  [etl.cif]           ✓ INFO      [stdout] ✅ ÉXITO: Consolidado guardado en SharePoint: Equipo Información/BI/INVOLVES/BASES DE RESPUESTAS/CIF/2026/Consolidado_PT_08_2026.csv
2026-08-19 13:53:38  [etl.nopresencia]   ✓ INFO      [stdout] ✅ ÉXITO: Consolidado guardado en SharePoint: Equipo Información/BI/INVOLVES/BASES DE RESPUESTAS/CIF/2026/Consolidado_PT_08_2026.csv
2026-08-19 13:53:38  [etl.exhib_pagadas]  ✓ INFO      [stdout] ✅ ÉXITO: Consolidado guardado en SharePoint: Equipo Información/BI/INVOLVES/BASES DE RESPUESTAS/CIF/2026/Consolidado_PT_08_2026.csv
2026-08-19 13:53:38  [etl.precios]       ✓ INFO      [stdout] ✅ ÉXITO: Consolidado guardado en SharePoint: Equipo Información/BI/INVOLVES/BASES DE RESPUESTAS/CIF/2026/Consolidado_PT_08_2026.csv
2026-08-19 13:53:38  [etl.exhib_gratis]  ✓ INFO      [stdout] ✅ ÉXITO: Consolidado guardado en SharePoint: Equipo Información/BI/INVOLVES/BASES DE RESPUESTAS/CIF/2026/Consolidado_PT_08_2026.csv
2026-08-19 13:53:38  [etl.sos]           ✓ INFO      [stdout] ✅ ÉXITO: Consolidado guardado en SharePoint: Equipo Información/BI/INVOLVES/BASES DE RESPUESTAS/CIF/2026/Consolidado_PT_08_2026.csv
2026-08-19 13:53:38  [etl.cif]           · DEBUG     [stdout] ========================================
2026-08-19 13:53:38  [etl.nopresencia]   · DEBUG     [stdout] ========================================
2026-08-19 13:53:38  [etl.exhib_pagadas]  · DEBUG     [stdout] ========================================
2026-08-19 13:53:38  [etl.precios]       · DEBUG     [stdout] ========================================
2026-08-19 13:53:38  [etl.exhib_gratis]  · DEBUG     [stdout] ========================================
2026-08-19 13:53:38  [etl.sos]           · DEBUG     [stdout] ========================================
2026-08-19 13:53:38  [etl.cif]           · DEBUG     [stdout] INICIANDO PASO 2: AGRUPACIÓN EN LA NUBE
2026-08-19 13:53:38  [etl.nopresencia]   · DEBUG     [stdout] INICIANDO PASO 2: AGRUPACIÓN EN LA NUBE
2026-08-19 13:53:38  [etl.exhib_pagadas]  · DEBUG     [stdout] INICIANDO PASO 2: AGRUPACIÓN EN LA NUBE
2026-08-19 13:53:38  [etl.precios]       · DEBUG     [stdout] INICIANDO PASO 2: AGRUPACIÓN EN LA NUBE
2026-08-19 13:53:38  [etl.exhib_gratis]  · DEBUG     [stdout] INICIANDO PASO 2: AGRUPACIÓN EN LA NUBE
2026-08-19 13:53:38  [etl.sos]           · DEBUG     [stdout] INICIANDO PASO 2: AGRUPACIÓN EN LA NUBE
2026-08-19 13:53:38  [etl.cif]           · DEBUG     [stdout] ========================================
2026-08-19 13:53:38  [etl.nopresencia]   · DEBUG     [stdout] ========================================
2026-08-19 13:53:38  [etl.exhib_pagadas]  · DEBUG     [stdout] ========================================
2026-08-19 13:53:38  [etl.precios]       · DEBUG     [stdout] ========================================
2026-08-19 13:53:38  [etl.exhib_gratis]  · DEBUG     [stdout] ========================================
2026-08-19 13:53:38  [etl.sos]           · DEBUG     [stdout] ========================================
2026-08-19 13:53:44  [etl.cif]           ✓ INFO      [stdout] ✅ SHAREPOINT: Archivo guardado con éxito -> Equipo Información/BI/INVOLVES/SALIDAS/EXHIBICIONES/Resultado_exhibiciones_pagadas Agosto 2026.xlsx
2026-08-19 13:53:44  [etl.nopresencia]   ✓ INFO      [stdout] ✅ SHAREPOINT: Archivo guardado con éxito -> Equipo Información/BI/INVOLVES/SALIDAS/EXHIBICIONES/Resultado_exhibiciones_pagadas Agosto 2026.xlsx
2026-08-19 13:53:44  [etl.exhib_pagadas]  ✓ INFO      [stdout] ✅ SHAREPOINT: Archivo guardado con éxito -> Equipo Información/BI/INVOLVES/SALIDAS/EXHIBICIONES/Resultado_exhibiciones_pagadas Agosto 2026.xlsx
2026-08-19 13:53:44  [etl.precios]       ✓ INFO      [stdout] ✅ SHAREPOINT: Archivo guardado con éxito -> Equipo Información/BI/INVOLVES/SALIDAS/EXHIBICIONES/Resultado_exhibiciones_pagadas Agosto 2026.xlsx
2026-08-19 13:53:44  [etl.exhib_gratis]  ✓ INFO      [stdout] ✅ SHAREPOINT: Archivo guardado con éxito -> Equipo Información/BI/INVOLVES/SALIDAS/EXHIBICIONES/Resultado_exhibiciones_pagadas Agosto 2026.xlsx
2026-08-19 13:53:44  [etl.sos]           ✓ INFO      [stdout] ✅ SHAREPOINT: Archivo guardado con éxito -> Equipo Información/BI/INVOLVES/SALIDAS/EXHIBICIONES/Resultado_exhibiciones_pagadas Agosto 2026.xlsx
2026-08-19 13:53:54  [etl.cif]           ✓ INFO      [stdout] ✅ SHAREPOINT: Archivo guardado con éxito -> Equipo Información/BI/INVOLVES/SALIDAS/EXHIBICIONES/Rexhibiciones_pagadas_agrupado Agosto 2026.xlsx
2026-08-19 13:53:54  [etl.nopresencia]   ✓ INFO      [stdout] ✅ SHAREPOINT: Archivo guardado con éxito -> Equipo Información/BI/INVOLVES/SALIDAS/EXHIBICIONES/Rexhibiciones_pagadas_agrupado Agosto 2026.xlsx
2026-08-19 13:53:54  [etl.exhib_pagadas]  ✓ INFO      [stdout] ✅ SHAREPOINT: Archivo guardado con éxito -> Equipo Información/BI/INVOLVES/SALIDAS/EXHIBICIONES/Rexhibiciones_pagadas_agrupado Agosto 2026.xlsx
2026-08-19 13:53:54  [etl.precios]       ✓ INFO      [stdout] ✅ SHAREPOINT: Archivo guardado con éxito -> Equipo Información/BI/INVOLVES/SALIDAS/EXHIBICIONES/Rexhibiciones_pagadas_agrupado Agosto 2026.xlsx
2026-08-19 13:53:54  [etl.exhib_gratis]  ✓ INFO      [stdout] ✅ SHAREPOINT: Archivo guardado con éxito -> Equipo Información/BI/INVOLVES/SALIDAS/EXHIBICIONES/Rexhibiciones_pagadas_agrupado Agosto 2026.xlsx
2026-08-19 13:53:54  [etl.sos]           ✓ INFO      [stdout] ✅ SHAREPOINT: Archivo guardado con éxito -> Equipo Información/BI/INVOLVES/SALIDAS/EXHIBICIONES/Rexhibiciones_pagadas_agrupado Agosto 2026.xlsx
2026-08-19 13:53:57  [etl.cif]           ✓ INFO      [stdout] ✓ [SharePoint] Plan de trabajo Directo Agosto 2026.xlsx — 7,716 gestores cargados
2026-08-19 13:53:58  [etl.nopresencia]   ✓ INFO      [stdout] ✓ [SharePoint] Plan de trabajo Directo Agosto 2026.xlsx — 7,716 gestores cargados
2026-08-19 13:53:58  [etl.exhib_pagadas]  ✓ INFO      [stdout] ✓ [SharePoint] Plan de trabajo Directo Agosto 2026.xlsx — 7,716 gestores cargados
2026-08-19 13:53:58  [etl.precios]       ✓ INFO      [stdout] ✓ [SharePoint] Plan de trabajo Directo Agosto 2026.xlsx — 7,716 gestores cargados
2026-08-19 13:53:58  [etl.exhib_gratis]  ✓ INFO      [stdout] ✓ [SharePoint] Plan de trabajo Directo Agosto 2026.xlsx — 7,716 gestores cargados
2026-08-19 13:53:58  [etl.sos]           ✓ INFO      [stdout] ✓ [SharePoint] Plan de trabajo Directo Agosto 2026.xlsx — 7,716 gestores cargados
2026-08-19 13:54:00  [etl.cif]           · DEBUG     [stdout] 🗑️  exhibiciones_pagadas_detalle: 2,768 fila(s) del periodo 08/2026 eliminadas
2026-08-19 13:54:00  [etl.nopresencia]   · DEBUG     [stdout] 🗑️  exhibiciones_pagadas_detalle: 2,768 fila(s) del periodo 08/2026 eliminadas
2026-08-19 13:54:00  [etl.exhib_pagadas]  · DEBUG     [stdout] 🗑️  exhibiciones_pagadas_detalle: 2,768 fila(s) del periodo 08/2026 eliminadas
2026-08-19 13:54:00  [etl.precios]       · DEBUG     [stdout] 🗑️  exhibiciones_pagadas_detalle: 2,768 fila(s) del periodo 08/2026 eliminadas
2026-08-19 13:54:00  [etl.exhib_gratis]  · DEBUG     [stdout] 🗑️  exhibiciones_pagadas_detalle: 2,768 fila(s) del periodo 08/2026 eliminadas
2026-08-19 13:54:00  [etl.sos]           · DEBUG     [stdout] 🗑️  exhibiciones_pagadas_detalle: 2,768 fila(s) del periodo 08/2026 eliminadas
2026-08-19 13:54:07  [etl.cif]           ✓ INFO      [stdout] ✅ exhibiciones_pagadas_detalle: 2,768 filas cargadas (08/2026)
2026-08-19 13:54:07  [etl.nopresencia]   ✓ INFO      [stdout] ✅ exhibiciones_pagadas_detalle: 2,768 filas cargadas (08/2026)
2026-08-19 13:54:07  [etl.exhib_pagadas]  ✓ INFO      [stdout] ✅ exhibiciones_pagadas_detalle: 2,768 filas cargadas (08/2026)
2026-08-19 13:54:07  [etl.precios]       ✓ INFO      [stdout] ✅ exhibiciones_pagadas_detalle: 2,768 filas cargadas (08/2026)
2026-08-19 13:54:07  [etl.exhib_gratis]  ✓ INFO      [stdout] ✅ exhibiciones_pagadas_detalle: 2,768 filas cargadas (08/2026)
2026-08-19 13:54:07  [etl.sos]           ✓ INFO      [stdout] ✅ exhibiciones_pagadas_detalle: 2,768 filas cargadas (08/2026)
2026-08-19 13:54:08  [etl.cif]           ✓ INFO      [stdout] ✅ ¡Hecho! Archivos subidos a SharePoint en Equipo Información/BI/INVOLVES/SALIDAS/EXHIBICIONES
2026-08-19 13:54:08  [etl.nopresencia]   ✓ INFO      [stdout] ✅ ¡Hecho! Archivos subidos a SharePoint en Equipo Información/BI/INVOLVES/SALIDAS/EXHIBICIONES
2026-08-19 13:54:08  [etl.exhib_pagadas]  ✓ INFO      [stdout] ✅ ¡Hecho! Archivos subidos a SharePoint en Equipo Información/BI/INVOLVES/SALIDAS/EXHIBICIONES
2026-08-19 13:54:08  [etl.precios]       ✓ INFO      [stdout] ✅ ¡Hecho! Archivos subidos a SharePoint en Equipo Información/BI/INVOLVES/SALIDAS/EXHIBICIONES
2026-08-19 13:54:08  [etl.exhib_gratis]  ✓ INFO      [stdout] ✅ ¡Hecho! Archivos subidos a SharePoint en Equipo Información/BI/INVOLVES/SALIDAS/EXHIBICIONES
2026-08-19 13:54:08  [etl.sos]           ✓ INFO      [stdout] ✅ ¡Hecho! Archivos subidos a SharePoint en Equipo Información/BI/INVOLVES/SALIDAS/EXHIBICIONES
2026-08-19 13:54:08  [etl.cif]           · DEBUG     [stdout] --- KPI (V3): RESUMEN EXHIBICIONES PAGADAS por empleado  (Agosto_2026) ---
2026-08-19 13:54:08  [etl.nopresencia]   · DEBUG     [stdout] --- KPI (V3): RESUMEN EXHIBICIONES PAGADAS por empleado  (Agosto_2026) ---
2026-08-19 13:54:08  [etl.exhib_pagadas]  · DEBUG     [stdout] --- KPI (V3): RESUMEN EXHIBICIONES PAGADAS por empleado  (Agosto_2026) ---
2026-08-19 13:54:08  [etl.precios]       · DEBUG     [stdout] --- KPI (V3): RESUMEN EXHIBICIONES PAGADAS por empleado  (Agosto_2026) ---
2026-08-19 13:54:08  [etl.exhib_gratis]  · DEBUG     [stdout] --- KPI (V3): RESUMEN EXHIBICIONES PAGADAS por empleado  (Agosto_2026) ---
2026-08-19 13:54:08  [etl.sos]           · DEBUG     [stdout] --- KPI (V3): RESUMEN EXHIBICIONES PAGADAS por empleado  (Agosto_2026) ---
2026-08-19 13:54:09  [etl.cif]           ✓ INFO      [stdout] ✓ [SharePoint] Plan de trabajo ISM Agosto 2026.xlsx — 1,982 gestores cargados
2026-08-19 13:54:09  [etl.nopresencia]   ✓ INFO      [stdout] ✓ [SharePoint] Plan de trabajo ISM Agosto 2026.xlsx — 1,982 gestores cargados
2026-08-19 13:54:09  [etl.exhib_pagadas]  ✓ INFO      [stdout] ✓ [SharePoint] Plan de trabajo ISM Agosto 2026.xlsx — 1,982 gestores cargados
2026-08-19 13:54:09  [etl.precios]       ✓ INFO      [stdout] ✓ [SharePoint] Plan de trabajo ISM Agosto 2026.xlsx — 1,982 gestores cargados
2026-08-19 13:54:09  [etl.exhib_gratis]  ✓ INFO      [stdout] ✓ [SharePoint] Plan de trabajo ISM Agosto 2026.xlsx — 1,982 gestores cargados
2026-08-19 13:54:09  [etl.sos]           ✓ INFO      [stdout] ✓ [SharePoint] Plan de trabajo ISM Agosto 2026.xlsx — 1,982 gestores cargados
2026-08-19 13:54:18  [etl.cif]           · DEBUG     [stdout] Leyendo desde nube: Resultado_exhibiciones_pagadas Agosto 2026.xlsx (2768 filas)
2026-08-19 13:54:18  [etl.nopresencia]   · DEBUG     [stdout] Leyendo desde nube: Resultado_exhibiciones_pagadas Agosto 2026.xlsx (2768 filas)
2026-08-19 13:54:18  [etl.exhib_pagadas]  · DEBUG     [stdout] Leyendo desde nube: Resultado_exhibiciones_pagadas Agosto 2026.xlsx (2768 filas)
2026-08-19 13:54:18  [etl.precios]       · DEBUG     [stdout] Leyendo desde nube: Resultado_exhibiciones_pagadas Agosto 2026.xlsx (2768 filas)
2026-08-19 13:54:18  [etl.exhib_gratis]  · DEBUG     [stdout] Leyendo desde nube: Resultado_exhibiciones_pagadas Agosto 2026.xlsx (2768 filas)
2026-08-19 13:54:18  [etl.sos]           · DEBUG     [stdout] Leyendo desde nube: Resultado_exhibiciones_pagadas Agosto 2026.xlsx (2768 filas)
2026-08-19 13:54:18  [etl.cif]           · DEBUG     [stdout] ℹ️  CANTIDAD_PLANEADA > 0: 591/2768 filas | CANTIDAD_EJECUTADA > 0: 5/2768 filas
2026-08-19 13:54:18  [etl.nopresencia]   · DEBUG     [stdout] ℹ️  CANTIDAD_PLANEADA > 0: 591/2768 filas | CANTIDAD_EJECUTADA > 0: 5/2768 filas
2026-08-19 13:54:18  [etl.exhib_pagadas]  · DEBUG     [stdout] ℹ️  CANTIDAD_PLANEADA > 0: 591/2768 filas | CANTIDAD_EJECUTADA > 0: 5/2768 filas
2026-08-19 13:54:18  [etl.precios]       · DEBUG     [stdout] ℹ️  CANTIDAD_PLANEADA > 0: 591/2768 filas | CANTIDAD_EJECUTADA > 0: 5/2768 filas
2026-08-19 13:54:18  [etl.exhib_gratis]  · DEBUG     [stdout] ℹ️  CANTIDAD_PLANEADA > 0: 591/2768 filas | CANTIDAD_EJECUTADA > 0: 5/2768 filas
2026-08-19 13:54:18  [etl.sos]           · DEBUG     [stdout] ℹ️  CANTIDAD_PLANEADA > 0: 591/2768 filas | CANTIDAD_EJECUTADA > 0: 5/2768 filas
2026-08-19 13:54:42  [etl.cif]           ✓ INFO      [stdout] ✅ SHAREPOINT: Archivo guardado con éxito -> Equipo Información/BI/INVOLVES/SALIDAS/PRECIOS/REPORTE_CAPTURA_PRECIOS_AGOSTO_2026.xlsx
2026-08-19 13:54:43  [etl.nopresencia]   ✓ INFO      [stdout] ✅ SHAREPOINT: Archivo guardado con éxito -> Equipo Información/BI/INVOLVES/SALIDAS/PRECIOS/REPORTE_CAPTURA_PRECIOS_AGOSTO_2026.xlsx
2026-08-19 13:54:43  [etl.exhib_pagadas]  ✓ INFO      [stdout] ✅ SHAREPOINT: Archivo guardado con éxito -> Equipo Información/BI/INVOLVES/SALIDAS/PRECIOS/REPORTE_CAPTURA_PRECIOS_AGOSTO_2026.xlsx
2026-08-19 13:54:43  [etl.precios]       ✓ INFO      [stdout] ✅ SHAREPOINT: Archivo guardado con éxito -> Equipo Información/BI/INVOLVES/SALIDAS/PRECIOS/REPORTE_CAPTURA_PRECIOS_AGOSTO_2026.xlsx
2026-08-19 13:54:43  [etl.exhib_gratis]  ✓ INFO      [stdout] ✅ SHAREPOINT: Archivo guardado con éxito -> Equipo Información/BI/INVOLVES/SALIDAS/PRECIOS/REPORTE_CAPTURA_PRECIOS_AGOSTO_2026.xlsx
2026-08-19 13:54:43  [etl.sos]           ✓ INFO      [stdout] ✅ SHAREPOINT: Archivo guardado con éxito -> Equipo Información/BI/INVOLVES/SALIDAS/PRECIOS/REPORTE_CAPTURA_PRECIOS_AGOSTO_2026.xlsx
2026-08-19 13:54:43  [etl.cif]           ✓ INFO      [stdout] ✅ Reporte capturas unificado generado en SharePoint.
2026-08-19 13:54:43  [etl.nopresencia]   ✓ INFO      [stdout] ✅ Reporte capturas unificado generado en SharePoint.
2026-08-19 13:54:43  [etl.exhib_pagadas]  ✓ INFO      [stdout] ✅ Reporte capturas unificado generado en SharePoint.
2026-08-19 13:54:43  [etl.precios]       ✓ INFO      [stdout] ✅ Reporte capturas unificado generado en SharePoint.
2026-08-19 13:54:43  [etl.exhib_gratis]  ✓ INFO      [stdout] ✅ Reporte capturas unificado generado en SharePoint.
2026-08-19 13:54:43  [etl.sos]           ✓ INFO      [stdout] ✅ Reporte capturas unificado generado en SharePoint.
2026-08-19 13:54:43  [etl.precios]       ✓ INFO      Reporte de captura de precios generado
2026-08-19 13:54:43  [etl.cif]           · DEBUG     [stdout] --- PASO 3: Generando Análisis Detallado (AGOSTO_2026) ---
2026-08-19 13:54:43  [etl.nopresencia]   · DEBUG     [stdout] --- PASO 3: Generando Análisis Detallado (AGOSTO_2026) ---
2026-08-19 13:54:43  [etl.exhib_pagadas]  · DEBUG     [stdout] --- PASO 3: Generando Análisis Detallado (AGOSTO_2026) ---
2026-08-19 13:54:43  [etl.precios]       · DEBUG     [stdout] --- PASO 3: Generando Análisis Detallado (AGOSTO_2026) ---
2026-08-19 13:54:43  [etl.exhib_gratis]  · DEBUG     [stdout] --- PASO 3: Generando Análisis Detallado (AGOSTO_2026) ---
2026-08-19 13:54:43  [etl.sos]           · DEBUG     [stdout] --- PASO 3: Generando Análisis Detallado (AGOSTO_2026) ---
2026-08-19 13:54:51  [etl.cif]           ✓ INFO      [stdout] ✅ SHAREPOINT: Archivo guardado con éxito -> Equipo Información/BI/INVOLVES/SALIDAS/EXHIBICIONES/EXHIBICIONES_PAGADAS_KPIS.xlsx
2026-08-19 13:54:51  [etl.nopresencia]   ✓ INFO      [stdout] ✅ SHAREPOINT: Archivo guardado con éxito -> Equipo Información/BI/INVOLVES/SALIDAS/EXHIBICIONES/EXHIBICIONES_PAGADAS_KPIS.xlsx
2026-08-19 13:54:51  [etl.exhib_pagadas]  ✓ INFO      [stdout] ✅ SHAREPOINT: Archivo guardado con éxito -> Equipo Información/BI/INVOLVES/SALIDAS/EXHIBICIONES/EXHIBICIONES_PAGADAS_KPIS.xlsx
2026-08-19 13:54:51  [etl.precios]       ✓ INFO      [stdout] ✅ SHAREPOINT: Archivo guardado con éxito -> Equipo Información/BI/INVOLVES/SALIDAS/EXHIBICIONES/EXHIBICIONES_PAGADAS_KPIS.xlsx
2026-08-19 13:54:51  [etl.exhib_gratis]  ✓ INFO      [stdout] ✅ SHAREPOINT: Archivo guardado con éxito -> Equipo Información/BI/INVOLVES/SALIDAS/EXHIBICIONES/EXHIBICIONES_PAGADAS_KPIS.xlsx
2026-08-19 13:54:51  [etl.sos]           ✓ INFO      [stdout] ✅ SHAREPOINT: Archivo guardado con éxito -> Equipo Información/BI/INVOLVES/SALIDAS/EXHIBICIONES/EXHIBICIONES_PAGADAS_KPIS.xlsx
2026-08-19 13:54:51  [etl.exhib_pagadas]  ✓ INFO      ETL Exhibiciones Pagadas — completado
2026-08-19 13:55:08  [etl.exhib_pagadas]  ✓ INFO      Duración total: 112.2s
2026-08-19 13:55:08  [etl.ventas]        ✓ INFO      ────────────────────────────────────────────────────────
2026-08-19 13:55:08  [etl.orquestador]   ✓ INFO      ETL 'exhib_pagadas' terminó — ✓ OK en 112.2s
2026-08-19 13:55:08  [etl.ventas]        ✓ INFO      ETL Ventas D&P — iniciando
2026-08-19 13:55:08  [etl.cif]           · DEBUG     [stdout] 🔒 Autenticando con Microsoft Graph API...
2026-08-19 13:55:08  [etl.nopresencia]   · DEBUG     [stdout] 🔒 Autenticando con Microsoft Graph API...
2026-08-19 13:55:08  [etl.ventas]        · DEBUG     [stdout] 🔒 Autenticando con Microsoft Graph API...
2026-08-19 13:55:13  [etl.cif]           · DEBUG     [stdout] 🎯 Procesando periodo: Agosto_2026 (Año: 2026)
2026-08-19 13:55:13  [etl.nopresencia]   · DEBUG     [stdout] 🎯 Procesando periodo: Agosto_2026 (Año: 2026)
2026-08-19 13:55:13  [etl.ventas]        · DEBUG     [stdout] 🎯 Procesando periodo: Agosto_2026 (Año: 2026)
2026-08-19 13:55:13  [etl.cif]           · DEBUG     [stdout] ☁️ Consultando ruta de origen en SharePoint: Equipo Información/BI/INVOLVES/BASES DE RESPUESTAS/DYP/2026
2026-08-19 13:55:13  [etl.nopresencia]   · DEBUG     [stdout] ☁️ Consultando ruta de origen en SharePoint: Equipo Información/BI/INVOLVES/BASES DE RESPUESTAS/DYP/2026
2026-08-19 13:55:13  [etl.ventas]        · DEBUG     [stdout] ☁️ Consultando ruta de origen en SharePoint: Equipo Información/BI/INVOLVES/BASES DE RESPUESTAS/DYP/2026
2026-08-19 13:55:26  [etl.cif]           ✓ INFO      [stdout] ✅ Archivos encontrados en la nube para 2026: 20
2026-08-19 13:55:26  [etl.nopresencia]   ✓ INFO      [stdout] ✅ Archivos encontrados en la nube para 2026: 20
2026-08-19 13:55:26  [etl.ventas]        ✓ INFO      [stdout] ✅ Archivos encontrados en la nube para 2026: 20
2026-08-19 13:58:11  [etl.cif]           ✓ INFO      [stdout] ✅ SHAREPOINT: Archivo guardado con éxito -> Equipo Información/BI/INVOLVES/BASES DE RESPUESTAS/CIF/2026/Agrupado_PT_08_2026.csv
2026-08-19 13:58:11  [etl.nopresencia]   ✓ INFO      [stdout] ✅ SHAREPOINT: Archivo guardado con éxito -> Equipo Información/BI/INVOLVES/BASES DE RESPUESTAS/CIF/2026/Agrupado_PT_08_2026.csv
2026-08-19 13:58:12  [etl.ventas]        ✓ INFO      [stdout] ✅ SHAREPOINT: Archivo guardado con éxito -> Equipo Información/BI/INVOLVES/BASES DE RESPUESTAS/CIF/2026/Agrupado_PT_08_2026.csv
2026-08-19 13:58:12  [etl.cif]           ✓ INFO      [stdout] ✅ ÉXITO: Agrupado guardado en SharePoint: Equipo Información/BI/INVOLVES/BASES DE RESPUESTAS/CIF/2026/Agrupado_PT_08_2026.csv
2026-08-19 13:58:12  [etl.nopresencia]   ✓ INFO      [stdout] ✅ ÉXITO: Agrupado guardado en SharePoint: Equipo Información/BI/INVOLVES/BASES DE RESPUESTAS/CIF/2026/Agrupado_PT_08_2026.csv
2026-08-19 13:58:12  [etl.ventas]        ✓ INFO      [stdout] ✅ ÉXITO: Agrupado guardado en SharePoint: Equipo Información/BI/INVOLVES/BASES DE RESPUESTAS/CIF/2026/Agrupado_PT_08_2026.csv
2026-08-19 13:58:12  [etl.cif]           · DEBUG     [stdout] ========================================
2026-08-19 13:58:12  [etl.nopresencia]   · DEBUG     [stdout] ========================================
2026-08-19 13:58:12  [etl.ventas]        · DEBUG     [stdout] ========================================
2026-08-19 13:58:12  [etl.cif]           · DEBUG     [stdout] INICIANDO PASO 3: INVOLVES NUBE (CRUCE PRIORIZANDO BASE VENTAS)  (Agosto_2026)
2026-08-19 13:58:12  [etl.nopresencia]   · DEBUG     [stdout] INICIANDO PASO 3: INVOLVES NUBE (CRUCE PRIORIZANDO BASE VENTAS)  (Agosto_2026)
2026-08-19 13:58:12  [etl.ventas]        · DEBUG     [stdout] INICIANDO PASO 3: INVOLVES NUBE (CRUCE PRIORIZANDO BASE VENTAS)  (Agosto_2026)
2026-08-19 13:58:12  [etl.cif]           · DEBUG     [stdout] ========================================
2026-08-19 13:58:12  [etl.nopresencia]   · DEBUG     [stdout] ========================================
2026-08-19 13:58:12  [etl.ventas]        · DEBUG     [stdout] ========================================
2026-08-19 13:58:14  [etl.cif]           · DEBUG     [stdout] 📂 Informe de colaboradores: informe_colaboradores_agosto_2026.xlsx
2026-08-19 13:58:14  [etl.nopresencia]   · DEBUG     [stdout] 📂 Informe de colaboradores: informe_colaboradores_agosto_2026.xlsx
2026-08-19 13:58:14  [etl.ventas]        · DEBUG     [stdout] 📂 Informe de colaboradores: informe_colaboradores_agosto_2026.xlsx
2026-08-19 13:58:15  [etl.cif]           · DEBUG     [stdout] 📂 Base puntos de venta: BASE PUNTOS DE VENTA AGOSTO 2026.xlsx
2026-08-19 13:58:15  [etl.nopresencia]   · DEBUG     [stdout] 📂 Base puntos de venta: BASE PUNTOS DE VENTA AGOSTO 2026.xlsx
2026-08-19 13:58:15  [etl.ventas]        · DEBUG     [stdout] 📂 Base puntos de venta: BASE PUNTOS DE VENTA AGOSTO 2026.xlsx
2026-08-19 13:58:17  [etl.cif]           · DEBUG     [stdout] 📂 Informe gerencial de visitas: informe-gerencial-visitas_202608.xlsx
2026-08-19 13:58:17  [etl.nopresencia]   · DEBUG     [stdout] 📂 Informe gerencial de visitas: informe-gerencial-visitas_202608.xlsx
2026-08-19 13:58:17  [etl.ventas]        · DEBUG     [stdout] 📂 Informe gerencial de visitas: informe-gerencial-visitas_202608.xlsx
2026-08-19 13:58:21  [etl.cif]           · DEBUG     [stdout] ℹ️  Reprocesando 2 archivo(s) de Agosto_2026: ['08. Agosto base ventas.xlsx', 'RUTERO AGOSTO 2026 D&P.xlsx']
2026-08-19 13:58:21  [etl.nopresencia]   · DEBUG     [stdout] ℹ️  Reprocesando 2 archivo(s) de Agosto_2026: ['08. Agosto base ventas.xlsx', 'RUTERO AGOSTO 2026 D&P.xlsx']
2026-08-19 13:58:21  [etl.ventas]        · DEBUG     [stdout] ℹ️  Reprocesando 2 archivo(s) de Agosto_2026: ['08. Agosto base ventas.xlsx', 'RUTERO AGOSTO 2026 D&P.xlsx']
2026-08-19 13:58:50  [etl.cif]           ✓ INFO      [stdout] ✅ SHAREPOINT: Archivo guardado con éxito -> Equipo Información/BI/INVOLVES/SALIDAS/PRECIOS/ANALISIS_PRECIOS_AGOSTO_2026.xlsx
2026-08-19 13:58:50  [etl.nopresencia]   ✓ INFO      [stdout] ✅ SHAREPOINT: Archivo guardado con éxito -> Equipo Información/BI/INVOLVES/SALIDAS/PRECIOS/ANALISIS_PRECIOS_AGOSTO_2026.xlsx
2026-08-19 13:58:50  [etl.ventas]        ✓ INFO      [stdout] ✅ SHAREPOINT: Archivo guardado con éxito -> Equipo Información/BI/INVOLVES/SALIDAS/PRECIOS/ANALISIS_PRECIOS_AGOSTO_2026.xlsx
2026-08-19 13:58:50  [etl.cif]           ✓ INFO      [stdout] ✅ Análisis detallado guardado en SharePoint.
2026-08-19 13:58:50  [etl.nopresencia]   ✓ INFO      [stdout] ✅ Análisis detallado guardado en SharePoint.
2026-08-19 13:58:50  [etl.ventas]        ✓ INFO      [stdout] ✅ Análisis detallado guardado en SharePoint.
2026-08-19 13:58:59  [etl.cif]           · DEBUG     [stdout] 🗑️  precios_analisis_detalle: 19,043 fila(s) del periodo 08/2026 eliminadas
2026-08-19 13:58:59  [etl.nopresencia]   · DEBUG     [stdout] 🗑️  precios_analisis_detalle: 19,043 fila(s) del periodo 08/2026 eliminadas
2026-08-19 13:58:59  [etl.ventas]        · DEBUG     [stdout] 🗑️  precios_analisis_detalle: 19,043 fila(s) del periodo 08/2026 eliminadas
2026-08-19 13:59:31  [etl.cif]           ✓ INFO      [stdout] ✅ precios_analisis_detalle: 19,043 filas cargadas (08/2026)
2026-08-19 13:59:31  [etl.nopresencia]   ✓ INFO      [stdout] ✅ precios_analisis_detalle: 19,043 filas cargadas (08/2026)
2026-08-19 13:59:31  [etl.ventas]        ✓ INFO      [stdout] ✅ precios_analisis_detalle: 19,043 filas cargadas (08/2026)
2026-08-19 13:59:31  [etl.precios]       ✓ INFO      Análisis detallado de precios generado
2026-08-19 13:59:31  [etl.cif]           · DEBUG     [stdout] --- PASO KPI (V3): RESUMEN PRECIOS por gestor  (Agosto_2026) ---
2026-08-19 13:59:31  [etl.nopresencia]   · DEBUG     [stdout] --- PASO KPI (V3): RESUMEN PRECIOS por gestor  (Agosto_2026) ---
2026-08-19 13:59:31  [etl.ventas]        · DEBUG     [stdout] --- PASO KPI (V3): RESUMEN PRECIOS por gestor  (Agosto_2026) ---
2026-08-19 13:59:39  [etl.cif]           ✓ INFO      [stdout] ✓ [SharePoint] informe-gerencial-visitas_202608.xlsx — 60,547 filas
2026-08-19 13:59:39  [etl.nopresencia]   ✓ INFO      [stdout] ✓ [SharePoint] informe-gerencial-visitas_202608.xlsx — 60,547 filas
2026-08-19 13:59:40  [etl.ventas]        ✓ INFO      [stdout] ✓ [SharePoint] informe-gerencial-visitas_202608.xlsx — 60,547 filas
2026-08-19 13:59:40  [etl.cif]           · DEBUG     [stdout] Leyendo desde cloud: REPORTE_CAPTURA_PRECIOS_AGOSTO_2026.xlsx (804 filas)
2026-08-19 13:59:40  [etl.nopresencia]   · DEBUG     [stdout] Leyendo desde cloud: REPORTE_CAPTURA_PRECIOS_AGOSTO_2026.xlsx (804 filas)
2026-08-19 13:59:40  [etl.ventas]        · DEBUG     [stdout] Leyendo desde cloud: REPORTE_CAPTURA_PRECIOS_AGOSTO_2026.xlsx (804 filas)
2026-08-19 13:59:40  [etl.cif]           · DEBUG     [stdout] 🔎 Filtro Tipo de check-in: descartadas 54,261 filas 'Sin check-in' (89.6%); quedan 6,286 visitas efectivas.
2026-08-19 13:59:40  [etl.nopresencia]   · DEBUG     [stdout] 🔎 Filtro Tipo de check-in: descartadas 54,261 filas 'Sin check-in' (89.6%); quedan 6,286 visitas efectivas.
2026-08-19 13:59:40  [etl.ventas]        · DEBUG     [stdout] 🔎 Filtro Tipo de check-in: descartadas 54,261 filas 'Sin check-in' (89.6%); quedan 6,286 visitas efectivas.
2026-08-19 13:59:42  [etl.cif]           · DEBUG     [stdout] ⏳ Histórico descargado desde SharePoint: PRECIOS_KPIS_HISTORICO.xlsx
2026-08-19 13:59:42  [etl.nopresencia]   · DEBUG     [stdout] ⏳ Histórico descargado desde SharePoint: PRECIOS_KPIS_HISTORICO.xlsx
2026-08-19 13:59:42  [etl.ventas]        · DEBUG     [stdout] ⏳ Histórico descargado desde SharePoint: PRECIOS_KPIS_HISTORICO.xlsx
2026-08-19 13:59:42  [etl.cif]           ⚠ WARNING   [stdout] ⚠️  CEDULA vacía en el origen para 1/804 filas — esas personas no van a poder cruzar por cédula, solo por nombre.
2026-08-19 13:59:42  [etl.nopresencia]   ⚠ WARNING   [stdout] ⚠️  CEDULA vacía en el origen para 1/804 filas — esas personas no van a poder cruzar por cédula, solo por nombre.
2026-08-19 13:59:42  [etl.ventas]        ⚠ WARNING   [stdout] ⚠️  CEDULA vacía en el origen para 1/804 filas — esas personas no van a poder cruzar por cédula, solo por nombre.
2026-08-19 13:59:46  [etl.cif]           ✓ INFO      [stdout] ✅ Mes activo: 122 gestores.
2026-08-19 13:59:46  [etl.nopresencia]   ✓ INFO      [stdout] ✅ Mes activo: 122 gestores.
2026-08-19 13:59:46  [etl.ventas]        ✓ INFO      [stdout] ✅ Mes activo: 122 gestores.
2026-08-19 13:59:50  [etl.cif]           · DEBUG     [stdout] Encuestas consolidadas: 3,374 filas
2026-08-19 13:59:50  [etl.nopresencia]   · DEBUG     [stdout] Encuestas consolidadas: 3,374 filas
2026-08-19 13:59:50  [etl.ventas]        · DEBUG     [stdout] Encuestas consolidadas: 3,374 filas
2026-08-19 13:59:50  [etl.cif]           · DEBUG     [stdout] Plan de trabajo:        9,680 filas
2026-08-19 13:59:50  [etl.nopresencia]   · DEBUG     [stdout] Plan de trabajo:        9,680 filas
2026-08-19 13:59:50  [etl.ventas]        · DEBUG     [stdout] Plan de trabajo:        9,680 filas
2026-08-19 13:59:50  [etl.cif]           · DEBUG     [stdout] Visitas realizadas:     6,286 filas
2026-08-19 13:59:50  [etl.nopresencia]   · DEBUG     [stdout] Visitas realizadas:     6,286 filas
2026-08-19 13:59:50  [etl.ventas]        · DEBUG     [stdout] Visitas realizadas:     6,286 filas
2026-08-19 13:59:50  [etl.cif]           · DEBUG     [stdout] ── Módulo 1: Exhibiciones Pagadas ───────────────
2026-08-19 13:59:50  [etl.nopresencia]   · DEBUG     [stdout] ── Módulo 1: Exhibiciones Pagadas ───────────────
2026-08-19 13:59:50  [etl.ventas]        · DEBUG     [stdout] ── Módulo 1: Exhibiciones Pagadas ───────────────
2026-08-19 13:59:50  [etl.cif]           ✓ INFO      [stdout] ✅ SHAREPOINT: Archivo guardado con éxito -> Equipo Información/BI/INVOLVES/SALIDAS/PRECIOS/PRECIOS_KPIS.xlsx
2026-08-19 13:59:50  [etl.nopresencia]   ✓ INFO      [stdout] ✅ SHAREPOINT: Archivo guardado con éxito -> Equipo Información/BI/INVOLVES/SALIDAS/PRECIOS/PRECIOS_KPIS.xlsx
2026-08-19 13:59:50  [etl.ventas]        ✓ INFO      [stdout] ✅ SHAREPOINT: Archivo guardado con éxito -> Equipo Información/BI/INVOLVES/SALIDAS/PRECIOS/PRECIOS_KPIS.xlsx
2026-08-19 13:59:51  [etl.cif]           · DEBUG     [stdout] Implementadas pagadas:          1,504 filas
2026-08-19 13:59:51  [etl.nopresencia]   · DEBUG     [stdout] Implementadas pagadas:          1,504 filas
2026-08-19 13:59:51  [etl.ventas]        · DEBUG     [stdout] Implementadas pagadas:          1,504 filas
2026-08-19 13:59:51  [etl.cif]           · DEBUG     [stdout] ── Módulo 2: Exhibiciones Gratis y Concurso ─────
2026-08-19 13:59:51  [etl.nopresencia]   · DEBUG     [stdout] ── Módulo 2: Exhibiciones Gratis y Concurso ─────
2026-08-19 13:59:51  [etl.ventas]        · DEBUG     [stdout] ── Módulo 2: Exhibiciones Gratis y Concurso ─────
2026-08-19 13:59:54  [etl.cif]           ✓ INFO      [stdout] ✅ SHAREPOINT: Archivo guardado con éxito -> Equipo Información/BI/INVOLVES/SALIDAS/PRECIOS/PRECIOS_KPIS_HISTORICO.xlsx
2026-08-19 13:59:54  [etl.nopresencia]   ✓ INFO      [stdout] ✅ SHAREPOINT: Archivo guardado con éxito -> Equipo Información/BI/INVOLVES/SALIDAS/PRECIOS/PRECIOS_KPIS_HISTORICO.xlsx
2026-08-19 13:59:54  [etl.ventas]        ✓ INFO      [stdout] ✅ SHAREPOINT: Archivo guardado con éxito -> Equipo Información/BI/INVOLVES/SALIDAS/PRECIOS/PRECIOS_KPIS_HISTORICO.xlsx
2026-08-19 13:59:54  [etl.cif]           ✓ INFO      [stdout] ✅ Histórico actualizado subido a SharePoint: PRECIOS_KPIS_HISTORICO.xlsx
2026-08-19 13:59:54  [etl.nopresencia]   ✓ INFO      [stdout] ✅ Histórico actualizado subido a SharePoint: PRECIOS_KPIS_HISTORICO.xlsx
2026-08-19 13:59:54  [etl.ventas]        ✓ INFO      [stdout] ✅ Histórico actualizado subido a SharePoint: PRECIOS_KPIS_HISTORICO.xlsx
2026-08-19 13:59:54  [etl.precios]       ✓ INFO      KPI precios consolidado
2026-08-19 13:59:55  [etl.precios]       ✓ INFO      ETL Precios — completado
2026-08-19 14:00:02  [etl.precios]       ✓ INFO      Duración total: 415.6s
2026-08-19 14:00:02  [etl.impactos]      ✓ INFO      ────────────────────────────────────────────────────────
2026-08-19 14:00:02  [etl.impactos]      ✓ INFO      ETL Impactos D&P — iniciando
2026-08-19 14:00:02  [etl.orquestador]   ✓ INFO      ETL 'precios' terminó — ✓ OK en 415.6s
2026-08-19 14:00:02  [etl.cif]           · DEBUG     [stdout] 🔒 Autenticando con Microsoft Graph API...
2026-08-19 14:00:02  [etl.nopresencia]   · DEBUG     [stdout] 🔒 Autenticando con Microsoft Graph API...
2026-08-19 14:00:02  [etl.exhib_pagadas]  · DEBUG     [stdout] 🔒 Autenticando con Microsoft Graph API...
2026-08-19 14:00:02  [etl.impactos]      · DEBUG     [stdout] 🔒 Autenticando con Microsoft Graph API...
2026-08-19 14:00:06  [etl.cif]           · DEBUG     [stdout] 🎯 Procesando periodo: Agosto_2026 (Año: 2026)
2026-08-19 14:00:06  [etl.nopresencia]   · DEBUG     [stdout] 🎯 Procesando periodo: Agosto_2026 (Año: 2026)
2026-08-19 14:00:06  [etl.exhib_pagadas]  · DEBUG     [stdout] 🎯 Procesando periodo: Agosto_2026 (Año: 2026)
2026-08-19 14:00:06  [etl.impactos]      · DEBUG     [stdout] 🎯 Procesando periodo: Agosto_2026 (Año: 2026)
2026-08-19 14:00:06  [etl.cif]           · DEBUG     [stdout] ☁️ Consultando ruta de origen en SharePoint: Equipo Información/BI/INVOLVES/BASES DE RESPUESTAS/DYP/2026
2026-08-19 14:00:06  [etl.nopresencia]   · DEBUG     [stdout] ☁️ Consultando ruta de origen en SharePoint: Equipo Información/BI/INVOLVES/BASES DE RESPUESTAS/DYP/2026
2026-08-19 14:00:06  [etl.exhib_pagadas]  · DEBUG     [stdout] ☁️ Consultando ruta de origen en SharePoint: Equipo Información/BI/INVOLVES/BASES DE RESPUESTAS/DYP/2026
2026-08-19 14:00:06  [etl.impactos]      · DEBUG     [stdout] ☁️ Consultando ruta de origen en SharePoint: Equipo Información/BI/INVOLVES/BASES DE RESPUESTAS/DYP/2026
2026-08-19 14:00:10  [etl.cif]           ✓ INFO      [stdout] ✅ SHAREPOINT: Archivo guardado con éxito -> Equipo Información/BI/INVOLVES/SALIDAS/NO PRESENCIA/NO_PRESENCIA_PROCESADO_AGOSTO_2026.xlsx
2026-08-19 14:00:10  [etl.nopresencia]   ✓ INFO      [stdout] ✅ SHAREPOINT: Archivo guardado con éxito -> Equipo Información/BI/INVOLVES/SALIDAS/NO PRESENCIA/NO_PRESENCIA_PROCESADO_AGOSTO_2026.xlsx
2026-08-19 14:00:10  [etl.exhib_pagadas]  ✓ INFO      [stdout] ✅ SHAREPOINT: Archivo guardado con éxito -> Equipo Información/BI/INVOLVES/SALIDAS/NO PRESENCIA/NO_PRESENCIA_PROCESADO_AGOSTO_2026.xlsx
2026-08-19 14:00:10  [etl.impactos]      ✓ INFO      [stdout] ✅ SHAREPOINT: Archivo guardado con éxito -> Equipo Información/BI/INVOLVES/SALIDAS/NO PRESENCIA/NO_PRESENCIA_PROCESADO_AGOSTO_2026.xlsx
2026-08-19 14:00:10  [etl.nopresencia]   ✓ INFO      Encuestas de No Presencia procesadas
2026-08-19 14:00:10  [etl.cif]           · DEBUG     [stdout] --- INICIANDO: Bloque Plan de Trabajo (Semanas) ---
2026-08-19 14:00:10  [etl.nopresencia]   · DEBUG     [stdout] --- INICIANDO: Bloque Plan de Trabajo (Semanas) ---
2026-08-19 14:00:10  [etl.exhib_pagadas]  · DEBUG     [stdout] --- INICIANDO: Bloque Plan de Trabajo (Semanas) ---
2026-08-19 14:00:10  [etl.impactos]      · DEBUG     [stdout] --- INICIANDO: Bloque Plan de Trabajo (Semanas) ---
2026-08-19 14:00:11  [etl.nopresencia]   ✓ INFO      Plan de Trabajo por semanas procesado
2026-08-19 14:00:11  [etl.cif]           · DEBUG     [stdout] --- GENERANDO MATRIZ COMPARATIVA FINAL NO PRESENCIA ---
2026-08-19 14:00:11  [etl.nopresencia]   · DEBUG     [stdout] --- GENERANDO MATRIZ COMPARATIVA FINAL NO PRESENCIA ---
2026-08-19 14:00:11  [etl.exhib_pagadas]  · DEBUG     [stdout] --- GENERANDO MATRIZ COMPARATIVA FINAL NO PRESENCIA ---
2026-08-19 14:00:11  [etl.impactos]      · DEBUG     [stdout] --- GENERANDO MATRIZ COMPARATIVA FINAL NO PRESENCIA ---
2026-08-19 14:00:19  [etl.cif]           · DEBUG     [stdout] Implementadas gratis/concurso: 700 filas
2026-08-19 14:00:19  [etl.nopresencia]   · DEBUG     [stdout] Implementadas gratis/concurso: 700 filas
2026-08-19 14:00:19  [etl.exhib_pagadas]  · DEBUG     [stdout] Implementadas gratis/concurso: 700 filas
2026-08-19 14:00:19  [etl.impactos]      · DEBUG     [stdout] Implementadas gratis/concurso: 700 filas
2026-08-19 14:00:19  [etl.cif]           · DEBUG     [stdout] ── Consolidando y escribiendo en SharePoint ─────
2026-08-19 14:00:19  [etl.nopresencia]   · DEBUG     [stdout] ── Consolidando y escribiendo en SharePoint ─────
2026-08-19 14:00:19  [etl.exhib_pagadas]  · DEBUG     [stdout] ── Consolidando y escribiendo en SharePoint ─────
2026-08-19 14:00:19  [etl.impactos]      · DEBUG     [stdout] ── Consolidando y escribiendo en SharePoint ─────
2026-08-19 14:00:19  [etl.cif]           ✓ INFO      [stdout] ✅ Archivos encontrados en la nube para 2026: 20
2026-08-19 14:00:19  [etl.nopresencia]   ✓ INFO      [stdout] ✅ Archivos encontrados en la nube para 2026: 20
2026-08-19 14:00:19  [etl.exhib_pagadas]  ✓ INFO      [stdout] ✅ Archivos encontrados en la nube para 2026: 20
2026-08-19 14:00:19  [etl.impactos]      ✓ INFO      [stdout] ✅ Archivos encontrados en la nube para 2026: 20
2026-08-19 14:00:25  [etl.cif]           ✓ INFO      [stdout] ✅ SHAREPOINT: Archivo guardado con éxito -> Equipo Información/BI/INVOLVES/SALIDAS/NO PRESENCIA/REPORTE_NO_PRESENCIA_AGOSTO_2026.xlsx
2026-08-19 14:00:25  [etl.nopresencia]   ✓ INFO      [stdout] ✅ SHAREPOINT: Archivo guardado con éxito -> Equipo Información/BI/INVOLVES/SALIDAS/NO PRESENCIA/REPORTE_NO_PRESENCIA_AGOSTO_2026.xlsx
2026-08-19 14:00:25  [etl.exhib_pagadas]  ✓ INFO      [stdout] ✅ SHAREPOINT: Archivo guardado con éxito -> Equipo Información/BI/INVOLVES/SALIDAS/NO PRESENCIA/REPORTE_NO_PRESENCIA_AGOSTO_2026.xlsx
2026-08-19 14:00:25  [etl.impactos]      ✓ INFO      [stdout] ✅ SHAREPOINT: Archivo guardado con éxito -> Equipo Información/BI/INVOLVES/SALIDAS/NO PRESENCIA/REPORTE_NO_PRESENCIA_AGOSTO_2026.xlsx
2026-08-19 14:00:25  [etl.cif]           · DEBUG     [stdout] 🏁 FINALIZADO: Reporte generado en SharePoint: REPORTE_NO_PRESENCIA_AGOSTO_2026.xlsx
2026-08-19 14:00:25  [etl.nopresencia]   · DEBUG     [stdout] 🏁 FINALIZADO: Reporte generado en SharePoint: REPORTE_NO_PRESENCIA_AGOSTO_2026.xlsx
2026-08-19 14:00:25  [etl.exhib_pagadas]  · DEBUG     [stdout] 🏁 FINALIZADO: Reporte generado en SharePoint: REPORTE_NO_PRESENCIA_AGOSTO_2026.xlsx
2026-08-19 14:00:25  [etl.impactos]      · DEBUG     [stdout] 🏁 FINALIZADO: Reporte generado en SharePoint: REPORTE_NO_PRESENCIA_AGOSTO_2026.xlsx
2026-08-19 14:00:25  [etl.nopresencia]   ✓ INFO      Matriz de seguimiento generada
2026-08-19 14:00:25  [etl.cif]           · DEBUG     [stdout] --- GENERANDO ANÁLISIS DE AGOTADOS (INVOLVES) ---
2026-08-19 14:00:25  [etl.nopresencia]   · DEBUG     [stdout] --- GENERANDO ANÁLISIS DE AGOTADOS (INVOLVES) ---
2026-08-19 14:00:25  [etl.exhib_pagadas]  · DEBUG     [stdout] --- GENERANDO ANÁLISIS DE AGOTADOS (INVOLVES) ---
2026-08-19 14:00:25  [etl.impactos]      · DEBUG     [stdout] --- GENERANDO ANÁLISIS DE AGOTADOS (INVOLVES) ---
2026-08-19 14:00:43  [etl.cif]           · DEBUG     [stdout] ℹ️  Reprocesando 1 archivo(s) de Agosto_2026: ['08. Agosto base impactos - cuota.xlsx']
2026-08-19 14:00:43  [etl.nopresencia]   · DEBUG     [stdout] ℹ️  Reprocesando 1 archivo(s) de Agosto_2026: ['08. Agosto base impactos - cuota.xlsx']
2026-08-19 14:00:43  [etl.exhib_pagadas]  · DEBUG     [stdout] ℹ️  Reprocesando 1 archivo(s) de Agosto_2026: ['08. Agosto base impactos - cuota.xlsx']
2026-08-19 14:00:43  [etl.impactos]      · DEBUG     [stdout] ℹ️  Reprocesando 1 archivo(s) de Agosto_2026: ['08. Agosto base impactos - cuota.xlsx']
2026-08-19 14:00:45  [etl.cif]           ⚠ WARNING   [stdout] ⚠️ No pude leer el consolidado previo de impactos ('MES'); reconstruyo desde cero
2026-08-19 14:00:45  [etl.nopresencia]   ⚠ WARNING   [stdout] ⚠️ No pude leer el consolidado previo de impactos ('MES'); reconstruyo desde cero
2026-08-19 14:00:45  [etl.exhib_pagadas]  ⚠ WARNING   [stdout] ⚠️ No pude leer el consolidado previo de impactos ('MES'); reconstruyo desde cero
2026-08-19 14:00:45  [etl.impactos]      ⚠ WARNING   [stdout] ⚠️ No pude leer el consolidado previo de impactos ('MES'); reconstruyo desde cero
2026-08-19 14:00:45  [etl.cif]           · DEBUG     [stdout] → Procesando impactos desde nube: 03. Marzo base impactos - cuota.xlsx
2026-08-19 14:00:45  [etl.nopresencia]   · DEBUG     [stdout] → Procesando impactos desde nube: 03. Marzo base impactos - cuota.xlsx
2026-08-19 14:00:45  [etl.exhib_pagadas]  · DEBUG     [stdout] → Procesando impactos desde nube: 03. Marzo base impactos - cuota.xlsx
2026-08-19 14:00:46  [etl.impactos]      · DEBUG     [stdout] → Procesando impactos desde nube: 03. Marzo base impactos - cuota.xlsx
2026-08-19 14:00:50  [etl.cif]           · DEBUG     [stdout] → Procesando impactos desde nube: 04. Abril base impactos - cuota.xlsx
2026-08-19 14:00:50  [etl.nopresencia]   · DEBUG     [stdout] → Procesando impactos desde nube: 04. Abril base impactos - cuota.xlsx
2026-08-19 14:00:50  [etl.exhib_pagadas]  · DEBUG     [stdout] → Procesando impactos desde nube: 04. Abril base impactos - cuota.xlsx
2026-08-19 14:00:50  [etl.impactos]      · DEBUG     [stdout] → Procesando impactos desde nube: 04. Abril base impactos - cuota.xlsx
2026-08-19 14:00:53  [etl.cif]           · DEBUG     [stdout] → Procesando impactos desde nube: 05. Mayo base impactos - cuota.xlsx
2026-08-19 14:00:53  [etl.nopresencia]   · DEBUG     [stdout] → Procesando impactos desde nube: 05. Mayo base impactos - cuota.xlsx
2026-08-19 14:00:53  [etl.exhib_pagadas]  · DEBUG     [stdout] → Procesando impactos desde nube: 05. Mayo base impactos - cuota.xlsx
2026-08-19 14:00:53  [etl.impactos]      · DEBUG     [stdout] → Procesando impactos desde nube: 05. Mayo base impactos - cuota.xlsx
2026-08-19 14:00:56  [etl.cif]           · DEBUG     [stdout] → Procesando impactos desde nube: 06. Junio base impactos - cuota.xlsx
2026-08-19 14:00:56  [etl.nopresencia]   · DEBUG     [stdout] → Procesando impactos desde nube: 06. Junio base impactos - cuota.xlsx
2026-08-19 14:00:56  [etl.exhib_pagadas]  · DEBUG     [stdout] → Procesando impactos desde nube: 06. Junio base impactos - cuota.xlsx
2026-08-19 14:00:56  [etl.impactos]      · DEBUG     [stdout] → Procesando impactos desde nube: 06. Junio base impactos - cuota.xlsx
2026-08-19 14:00:58  [etl.cif]           · DEBUG     [stdout] → Procesando impactos desde nube: 07. Julio base impactos - cuota.xlsx
2026-08-19 14:00:58  [etl.nopresencia]   · DEBUG     [stdout] → Procesando impactos desde nube: 07. Julio base impactos - cuota.xlsx
2026-08-19 14:00:58  [etl.exhib_pagadas]  · DEBUG     [stdout] → Procesando impactos desde nube: 07. Julio base impactos - cuota.xlsx
2026-08-19 14:00:58  [etl.impactos]      · DEBUG     [stdout] → Procesando impactos desde nube: 07. Julio base impactos - cuota.xlsx
2026-08-19 14:01:01  [etl.cif]           · DEBUG     [stdout] → Procesando impactos desde nube: 08. Agosto base impactos - cuota.xlsx
2026-08-19 14:01:01  [etl.nopresencia]   · DEBUG     [stdout] → Procesando impactos desde nube: 08. Agosto base impactos - cuota.xlsx
2026-08-19 14:01:01  [etl.exhib_pagadas]  · DEBUG     [stdout] → Procesando impactos desde nube: 08. Agosto base impactos - cuota.xlsx
2026-08-19 14:01:01  [etl.impactos]      · DEBUG     [stdout] → Procesando impactos desde nube: 08. Agosto base impactos - cuota.xlsx
2026-08-19 14:01:08  [etl.cif]           ✓ INFO      [stdout] ✓ Output escrito con éxito en SharePoint: Equipo Información/BI/INVOLVES/SALIDAS/EXHIBICIONES/Resultado exhibiciones gratis.xlsx (4,723 filas)
2026-08-19 14:01:08  [etl.nopresencia]   ✓ INFO      [stdout] ✓ Output escrito con éxito en SharePoint: Equipo Información/BI/INVOLVES/SALIDAS/EXHIBICIONES/Resultado exhibiciones gratis.xlsx (4,723 filas)
2026-08-19 14:01:08  [etl.exhib_pagadas]  ✓ INFO      [stdout] ✓ Output escrito con éxito en SharePoint: Equipo Información/BI/INVOLVES/SALIDAS/EXHIBICIONES/Resultado exhibiciones gratis.xlsx (4,723 filas)
2026-08-19 14:01:08  [etl.impactos]      ✓ INFO      [stdout] ✓ Output escrito con éxito en SharePoint: Equipo Información/BI/INVOLVES/SALIDAS/EXHIBICIONES/Resultado exhibiciones gratis.xlsx (4,723 filas)
2026-08-19 14:01:09  [etl.cif]           · DEBUG     [stdout] ℹ️  exhibiciones_gratis_detalle: 4723 filas en el archivo → 2204 del periodo 08/2026
2026-08-19 14:01:09  [etl.nopresencia]   · DEBUG     [stdout] ℹ️  exhibiciones_gratis_detalle: 4723 filas en el archivo → 2204 del periodo 08/2026
2026-08-19 14:01:09  [etl.exhib_pagadas]  · DEBUG     [stdout] ℹ️  exhibiciones_gratis_detalle: 4723 filas en el archivo → 2204 del periodo 08/2026
2026-08-19 14:01:09  [etl.impactos]      · DEBUG     [stdout] ℹ️  exhibiciones_gratis_detalle: 4723 filas en el archivo → 2204 del periodo 08/2026
2026-08-19 14:01:09  [etl.cif]           ✓ INFO      [stdout] ✅ Consolidado de Impactos guardado en SharePoint: Equipo Información/BI/INVOLVES/SALIDAS/DYP/Consolidado_Impactos_AGOSTO_2026.csv (408 filas)
2026-08-19 14:01:09  [etl.nopresencia]   ✓ INFO      [stdout] ✅ Consolidado de Impactos guardado en SharePoint: Equipo Información/BI/INVOLVES/SALIDAS/DYP/Consolidado_Impactos_AGOSTO_2026.csv (408 filas)
2026-08-19 14:01:09  [etl.exhib_pagadas]  ✓ INFO      [stdout] ✅ Consolidado de Impactos guardado en SharePoint: Equipo Información/BI/INVOLVES/SALIDAS/DYP/Consolidado_Impactos_AGOSTO_2026.csv (408 filas)
2026-08-19 14:01:09  [etl.impactos]      ✓ INFO      [stdout] ✅ Consolidado de Impactos guardado en SharePoint: Equipo Información/BI/INVOLVES/SALIDAS/DYP/Consolidado_Impactos_AGOSTO_2026.csv (408 filas)
2026-08-19 14:01:09  [etl.impactos]      ✓ INFO      ETL Impactos D&P — completado (408 filas en consolidado)
2026-08-19 14:01:11  [etl.cif]           · DEBUG     [stdout] 🗑️  exhibiciones_gratis_detalle: 2,204 fila(s) del periodo 08/2026 eliminadas
2026-08-19 14:01:11  [etl.nopresencia]   · DEBUG     [stdout] 🗑️  exhibiciones_gratis_detalle: 2,204 fila(s) del periodo 08/2026 eliminadas
2026-08-19 14:01:11  [etl.exhib_pagadas]  · DEBUG     [stdout] 🗑️  exhibiciones_gratis_detalle: 2,204 fila(s) del periodo 08/2026 eliminadas
2026-08-19 14:01:16  [etl.cif]           ✓ INFO      [stdout] ✅ exhibiciones_gratis_detalle: 2,204 filas cargadas (08/2026)
2026-08-19 14:01:16  [etl.nopresencia]   ✓ INFO      [stdout] ✅ exhibiciones_gratis_detalle: 2,204 filas cargadas (08/2026)
2026-08-19 14:01:16  [etl.exhib_pagadas]  ✓ INFO      [stdout] ✅ exhibiciones_gratis_detalle: 2,204 filas cargadas (08/2026)
2026-08-19 14:01:16  [etl.cif]           · DEBUG     [stdout] ── Resumen de Exhibiciones ──────────────────────
2026-08-19 14:01:16  [etl.nopresencia]   · DEBUG     [stdout] ── Resumen de Exhibiciones ──────────────────────
2026-08-19 14:01:16  [etl.exhib_pagadas]  · DEBUG     [stdout] ── Resumen de Exhibiciones ──────────────────────
2026-08-19 14:01:16  [etl.cif]           · DEBUG     [stdout] Total Exhibiciones:                                        9,971
2026-08-19 14:01:16  [etl.nopresencia]   · DEBUG     [stdout] Total Exhibiciones:                                        9,971
2026-08-19 14:01:16  [etl.exhib_pagadas]  · DEBUG     [stdout] Total Exhibiciones:                                        9,971
2026-08-19 14:01:17  [etl.cif]           · DEBUG     [stdout] Total Exhibiciones Gratis:                                   6,222
2026-08-19 14:01:17  [etl.nopresencia]   · DEBUG     [stdout] Total Exhibiciones Gratis:                                   6,222
2026-08-19 14:01:17  [etl.exhib_pagadas]  · DEBUG     [stdout] Total Exhibiciones Gratis:                                   6,222
2026-08-19 14:01:17  [etl.impactos]      ✓ INFO      Duración total: 67.4s
2026-08-19 14:01:17  [etl.impactos_segmentos]  ✓ INFO      ────────────────────────────────────────────────────────
2026-08-19 14:01:17  [etl.cif]           · DEBUG     [stdout] Total Exhibiciones Pagadas:                                 3,748
2026-08-19 14:01:17  [etl.nopresencia]   · DEBUG     [stdout] Total Exhibiciones Pagadas:                                 3,748
2026-08-19 14:01:17  [etl.exhib_pagadas]  · DEBUG     [stdout] Total Exhibiciones Pagadas:                                 3,748
2026-08-19 14:01:17  [etl.orquestador]   ✓ INFO      ETL 'impactos' terminó — ✓ OK en 67.4s
2026-08-19 14:01:17  [etl.impactos_segmentos]  · DEBUG     [stdout] Total Exhibiciones Pagadas:                                 3,748
2026-08-19 14:01:17  [etl.impactos_segmentos]  ✓ INFO      ETL Impactos por Segmento — iniciando
2026-08-19 14:01:17  [etl.cif]           · DEBUG     [stdout] =======================================================
2026-08-19 14:01:17  [etl.nopresencia]   · DEBUG     [stdout] =======================================================
2026-08-19 14:01:17  [etl.cif]           · DEBUG     [stdout] Total Exhibiciones Alto Impacto:                            3,988
2026-08-19 14:01:17  [etl.exhib_pagadas]  · DEBUG     [stdout] =======================================================
2026-08-19 14:01:17  [etl.nopresencia]   · DEBUG     [stdout] Total Exhibiciones Alto Impacto:                            3,988
2026-08-19 14:01:17  [etl.impactos_segmentos]  · DEBUG     [stdout] =======================================================
2026-08-19 14:01:17  [etl.exhib_pagadas]  · DEBUG     [stdout] Total Exhibiciones Alto Impacto:                            3,988
2026-08-19 14:01:17  [etl.impactos_segmentos]  · DEBUG     [stdout] Total Exhibiciones Alto Impacto:                            3,988
2026-08-19 14:01:17  [etl.cif]           · DEBUG     [stdout] ETL — Impacto por Segmento (V2, Cloud)
2026-08-19 14:01:17  [etl.nopresencia]   · DEBUG     [stdout] ETL — Impacto por Segmento (V2, Cloud)
2026-08-19 14:01:17  [etl.exhib_pagadas]  · DEBUG     [stdout] ETL — Impacto por Segmento (V2, Cloud)   Total Exhibiciones Medio Impacto:                           5,981
2026-08-19 14:01:17  [etl.cif]           · DEBUG     [stdout] Total Exhibiciones Medio Impacto:                           5,981
2026-08-19 14:01:17  [etl.impactos_segmentos]  · DEBUG     [stdout] ETL — Impacto por Segmento (V2, Cloud)   Total Exhibiciones Medio Impacto:                           5,981
2026-08-19 14:01:17  [etl.nopresencia]   · DEBUG     [stdout] Total Exhibiciones Medio Impacto:                           5,981
2026-08-19 14:01:17  [etl.cif]           · DEBUG     [stdout] =======================================================
2026-08-19 14:01:17  [etl.exhib_pagadas]  · DEBUG     [stdout] =======================================================
2026-08-19 14:01:17  [etl.nopresencia]   · DEBUG     [stdout] =======================================================
2026-08-19 14:01:17  [etl.impactos_segmentos]  · DEBUG     [stdout] =======================================================
2026-08-19 14:01:17  [etl.cif]           · DEBUG     [stdout] ─────────────────────────────────────────────────
2026-08-19 14:01:17  [etl.nopresencia]   · DEBUG     [stdout] ─────────────────────────────────────────────────
2026-08-19 14:01:17  [etl.cif]           · DEBUG     [stdout] [1/5] Descargando rutero desde SharePoint...
2026-08-19 14:01:17  [etl.exhib_pagadas]  · DEBUG     [stdout] ─────────────────────────────────────────────────
2026-08-19 14:01:18  [etl.nopresencia]   · DEBUG     [stdout] [1/5] Descargando rutero desde SharePoint...
2026-08-19 14:01:18  [etl.impactos_segmentos]  · DEBUG     [stdout] ─────────────────────────────────────────────────
2026-08-19 14:01:18  [etl.exhib_pagadas]  · DEBUG     [stdout] [1/5] Descargando rutero desde SharePoint...
2026-08-19 14:01:18  [etl.impactos_segmentos]  · DEBUG     [stdout] [1/5] Descargando rutero desde SharePoint...
2026-08-19 14:01:18  [etl.cif]           · DEBUG     [stdout] --- KPI (V3): RESUMEN EXHIBICIONES GRATIS por empleado (Agosto_2026) ---
2026-08-19 14:01:18  [etl.nopresencia]   · DEBUG     [stdout] --- KPI (V3): RESUMEN EXHIBICIONES GRATIS por empleado (Agosto_2026) ---
2026-08-19 14:01:18  [etl.exhib_pagadas]  · DEBUG     [stdout] --- KPI (V3): RESUMEN EXHIBICIONES GRATIS por empleado (Agosto_2026) ---
2026-08-19 14:01:18  [etl.impactos_segmentos]  · DEBUG     [stdout] --- KPI (V3): RESUMEN EXHIBICIONES GRATIS por empleado (Agosto_2026) ---
2026-08-19 14:01:36  [etl.cif]           · DEBUG     [stdout] Leyendo archivo desde SharePoint (4723 filas)
2026-08-19 14:01:36  [etl.nopresencia]   · DEBUG     [stdout] Leyendo archivo desde SharePoint (4723 filas)
2026-08-19 14:01:36  [etl.exhib_pagadas]  · DEBUG     [stdout] Leyendo archivo desde SharePoint (4723 filas)
2026-08-19 14:01:36  [etl.impactos_segmentos]  · DEBUG     [stdout] Leyendo archivo desde SharePoint (4723 filas)
2026-08-19 14:01:39  [etl.cif]           · DEBUG     [stdout] Modo upsert cloud (Ventas) — reprocesando periodo activo: Agosto_2026
2026-08-19 14:01:39  [etl.nopresencia]   · DEBUG     [stdout] Modo upsert cloud (Ventas) — reprocesando periodo activo: Agosto_2026
2026-08-19 14:01:39  [etl.exhib_pagadas]  · DEBUG     [stdout] Modo upsert cloud (Ventas) — reprocesando periodo activo: Agosto_2026
2026-08-19 14:01:39  [etl.impactos_segmentos]  · DEBUG     [stdout] Modo upsert cloud (Ventas) — reprocesando periodo activo: Agosto_2026
2026-08-19 14:01:46  [etl.cif]           · DEBUG     [stdout] → Procesando ventas desde nube: 08. Agosto base ventas.xlsx
2026-08-19 14:01:46  [etl.nopresencia]   · DEBUG     [stdout] → Procesando ventas desde nube: 08. Agosto base ventas.xlsx
2026-08-19 14:01:46  [etl.exhib_pagadas]  · DEBUG     [stdout] → Procesando ventas desde nube: 08. Agosto base ventas.xlsx
2026-08-19 14:01:46  [etl.impactos_segmentos]  · DEBUG     [stdout] → Procesando ventas desde nube: 08. Agosto base ventas.xlsx
2026-08-19 14:01:55  [etl.cif]           ✓ INFO      [stdout] ✅ Mes activo guardado en SharePoint: 95 empleados → KPI_Exhibiciones_Gratis.xlsx
2026-08-19 14:01:55  [etl.nopresencia]   ✓ INFO      [stdout] ✅ Mes activo guardado en SharePoint: 95 empleados → KPI_Exhibiciones_Gratis.xlsx
2026-08-19 14:01:55  [etl.exhib_pagadas]  ✓ INFO      [stdout] ✅ Mes activo guardado en SharePoint: 95 empleados → KPI_Exhibiciones_Gratis.xlsx
2026-08-19 14:01:55  [etl.impactos_segmentos]  ✓ INFO      [stdout] ✅ Mes activo guardado en SharePoint: 95 empleados → KPI_Exhibiciones_Gratis.xlsx
2026-08-19 14:02:11  [etl.cif]           ✓ INFO      [stdout] ✅ Histórico actualizado en SharePoint → KPI_Exhibiciones_Gratis_Historico.xlsx
2026-08-19 14:02:11  [etl.nopresencia]   ✓ INFO      [stdout] ✅ Histórico actualizado en SharePoint → KPI_Exhibiciones_Gratis_Historico.xlsx
2026-08-19 14:02:11  [etl.exhib_pagadas]  ✓ INFO      [stdout] ✅ Histórico actualizado en SharePoint → KPI_Exhibiciones_Gratis_Historico.xlsx
2026-08-19 14:02:11  [etl.impactos_segmentos]  ✓ INFO      [stdout] ✅ Histórico actualizado en SharePoint → KPI_Exhibiciones_Gratis_Historico.xlsx
2026-08-19 14:02:11  [etl.exhib_gratis]  ✓ INFO      ETL Exhibiciones Gratis — completado
2026-08-19 14:02:16  [etl.cif]           ✓ INFO      [stdout] ✅ SHAREPOINT: Archivo guardado con éxito -> Equipo Información/BI/INVOLVES/SALIDAS/NO PRESENCIA/ANALISIS_AGOTADOS_AGOSTO_2026.xlsx
2026-08-19 14:02:16  [etl.nopresencia]   ✓ INFO      [stdout] ✅ SHAREPOINT: Archivo guardado con éxito -> Equipo Información/BI/INVOLVES/SALIDAS/NO PRESENCIA/ANALISIS_AGOTADOS_AGOSTO_2026.xlsx
2026-08-19 14:02:16  [etl.exhib_pagadas]  ✓ INFO      [stdout] ✅ SHAREPOINT: Archivo guardado con éxito -> Equipo Información/BI/INVOLVES/SALIDAS/NO PRESENCIA/ANALISIS_AGOTADOS_AGOSTO_2026.xlsx
2026-08-19 14:02:16  [etl.precios]       ✓ INFO      [stdout] ✅ SHAREPOINT: Archivo guardado con éxito -> Equipo Información/BI/INVOLVES/SALIDAS/NO PRESENCIA/ANALISIS_AGOTADOS_AGOSTO_2026.xlsx
2026-08-19 14:02:17  [etl.cif]           ✓ INFO      [stdout] ✅ ÉXITO: Reporte de Agotados guardado en SharePoint.
2026-08-19 14:02:17  [etl.nopresencia]   ✓ INFO      [stdout] ✅ ÉXITO: Reporte de Agotados guardado en SharePoint.
2026-08-19 14:02:17  [etl.exhib_pagadas]  ✓ INFO      [stdout] ✅ ÉXITO: Reporte de Agotados guardado en SharePoint.
2026-08-19 14:02:17  [etl.precios]       ✓ INFO      [stdout] ✅ ÉXITO: Reporte de Agotados guardado en SharePoint.
2026-08-19 14:02:18  [etl.exhib_gratis]  ✓ INFO      Duración total: 552.6s
2026-08-19 14:02:18  [etl.orquestador]   ✓ INFO      ETL 'exhib_gratis' terminó — ✓ OK en 552.6s
2026-08-19 14:02:20  [etl.cif]           · DEBUG     [stdout] 🗑️  np_agotados_detalle: 8,177 fila(s) del periodo 08/2026 eliminadas
2026-08-19 14:02:20  [etl.nopresencia]   · DEBUG     [stdout] 🗑️  np_agotados_detalle: 8,177 fila(s) del periodo 08/2026 eliminadas
2026-08-19 14:02:20  [etl.exhib_pagadas]  · DEBUG     [stdout] 🗑️  np_agotados_detalle: 8,177 fila(s) del periodo 08/2026 eliminadas
2026-08-19 14:02:20  [etl.precios]       · DEBUG     [stdout] 🗑️  np_agotados_detalle: 8,177 fila(s) del periodo 08/2026 eliminadas
2026-08-19 14:02:31  [etl.cif]           ✓ INFO      [stdout] ✅ np_agotados_detalle: 8,177 filas cargadas (08/2026)
2026-08-19 14:02:31  [etl.nopresencia]   ✓ INFO      [stdout] ✅ np_agotados_detalle: 8,177 filas cargadas (08/2026)
2026-08-19 14:02:31  [etl.exhib_pagadas]  ✓ INFO      [stdout] ✅ np_agotados_detalle: 8,177 filas cargadas (08/2026)
2026-08-19 14:02:31  [etl.precios]       ✓ INFO      [stdout] ✅ np_agotados_detalle: 8,177 filas cargadas (08/2026)
2026-08-19 14:02:31  [etl.nopresencia]   ✓ INFO      Análisis de agotados generado
2026-08-19 14:02:31  [etl.cif]           · DEBUG     [stdout] --- PASO KPI (V3): RESUMEN NP por gestor (Agosto_2026) ---
2026-08-19 14:02:31  [etl.nopresencia]   · DEBUG     [stdout] --- PASO KPI (V3): RESUMEN NP por gestor (Agosto_2026) ---
2026-08-19 14:02:31  [etl.exhib_pagadas]  · DEBUG     [stdout] --- PASO KPI (V3): RESUMEN NP por gestor (Agosto_2026) ---
2026-08-19 14:02:31  [etl.precios]       · DEBUG     [stdout] --- PASO KPI (V3): RESUMEN NP por gestor (Agosto_2026) ---
2026-08-19 14:02:38  [etl.cif]           · DEBUG     [stdout] Leyendo desde cloud: REPORTE_NO_PRESENCIA_AGOSTO_2026.xlsx (1231 filas)
2026-08-19 14:02:38  [etl.nopresencia]   · DEBUG     [stdout] Leyendo desde cloud: REPORTE_NO_PRESENCIA_AGOSTO_2026.xlsx (1231 filas)
2026-08-19 14:02:38  [etl.exhib_pagadas]  · DEBUG     [stdout] Leyendo desde cloud: REPORTE_NO_PRESENCIA_AGOSTO_2026.xlsx (1231 filas)
2026-08-19 14:02:38  [etl.precios]       · DEBUG     [stdout] Leyendo desde cloud: REPORTE_NO_PRESENCIA_AGOSTO_2026.xlsx (1231 filas)
2026-08-19 14:02:40  [etl.cif]           · DEBUG     [stdout] ⏳ Histórico descargado desde SharePoint: NO_PRESENCIA_KPIS_HISTORICO.xlsx
2026-08-19 14:02:40  [etl.nopresencia]   · DEBUG     [stdout] ⏳ Histórico descargado desde SharePoint: NO_PRESENCIA_KPIS_HISTORICO.xlsx
2026-08-19 14:02:40  [etl.exhib_pagadas]  · DEBUG     [stdout] ⏳ Histórico descargado desde SharePoint: NO_PRESENCIA_KPIS_HISTORICO.xlsx
2026-08-19 14:02:40  [etl.precios]       · DEBUG     [stdout] ⏳ Histórico descargado desde SharePoint: NO_PRESENCIA_KPIS_HISTORICO.xlsx
2026-08-19 14:02:41  [etl.cif]           ⚠ WARNING   [stdout] ⚠️  CEDULA vacía en el origen para 5/1231 filas — esas personas no van a poder cruzar por cédula, solo por nombre.
2026-08-19 14:02:41  [etl.nopresencia]   ⚠ WARNING   [stdout] ⚠️  CEDULA vacía en el origen para 5/1231 filas — esas personas no van a poder cruzar por cédula, solo por nombre.
2026-08-19 14:02:41  [etl.exhib_pagadas]  ⚠ WARNING   [stdout] ⚠️  CEDULA vacía en el origen para 5/1231 filas — esas personas no van a poder cruzar por cédula, solo por nombre.
2026-08-19 14:02:41  [etl.precios]       ⚠ WARNING   [stdout] ⚠️  CEDULA vacía en el origen para 5/1231 filas — esas personas no van a poder cruzar por cédula, solo por nombre.
2026-08-19 14:02:52  [etl.cif]           ✓ INFO      [stdout] ✅ Mes activo: 118 gestores.
2026-08-19 14:02:52  [etl.nopresencia]   ✓ INFO      [stdout] ✅ Mes activo: 118 gestores.
2026-08-19 14:02:52  [etl.exhib_pagadas]  ✓ INFO      [stdout] ✅ Mes activo: 118 gestores.
2026-08-19 14:02:52  [etl.precios]       ✓ INFO      [stdout] ✅ Mes activo: 118 gestores.
2026-08-19 14:02:58  [etl.cif]           ✓ INFO      [stdout] ✅ SHAREPOINT: Archivo guardado con éxito -> Equipo Información/BI/INVOLVES/SALIDAS/NO PRESENCIA/NO_PRESENCIA_KPIS.xlsx
2026-08-19 14:02:58  [etl.nopresencia]   ✓ INFO      [stdout] ✅ SHAREPOINT: Archivo guardado con éxito -> Equipo Información/BI/INVOLVES/SALIDAS/NO PRESENCIA/NO_PRESENCIA_KPIS.xlsx
2026-08-19 14:02:58  [etl.exhib_pagadas]  ✓ INFO      [stdout] ✅ SHAREPOINT: Archivo guardado con éxito -> Equipo Información/BI/INVOLVES/SALIDAS/NO PRESENCIA/NO_PRESENCIA_KPIS.xlsx
2026-08-19 14:02:58  [etl.precios]       ✓ INFO      [stdout] ✅ SHAREPOINT: Archivo guardado con éxito -> Equipo Información/BI/INVOLVES/SALIDAS/NO PRESENCIA/NO_PRESENCIA_KPIS.xlsx
2026-08-19 14:03:08  [etl.cif]           ✓ INFO      [stdout] ✅ SHAREPOINT: Archivo guardado con éxito -> Equipo Información/BI/INVOLVES/SALIDAS/NO PRESENCIA/NO_PRESENCIA_KPIS_HISTORICO.xlsx
2026-08-19 14:03:08  [etl.nopresencia]   ✓ INFO      [stdout] ✅ SHAREPOINT: Archivo guardado con éxito -> Equipo Información/BI/INVOLVES/SALIDAS/NO PRESENCIA/NO_PRESENCIA_KPIS_HISTORICO.xlsx
2026-08-19 14:03:08  [etl.exhib_pagadas]  ✓ INFO      [stdout] ✅ SHAREPOINT: Archivo guardado con éxito -> Equipo Información/BI/INVOLVES/SALIDAS/NO PRESENCIA/NO_PRESENCIA_KPIS_HISTORICO.xlsx
2026-08-19 14:03:08  [etl.precios]       ✓ INFO      [stdout] ✅ SHAREPOINT: Archivo guardado con éxito -> Equipo Información/BI/INVOLVES/SALIDAS/NO PRESENCIA/NO_PRESENCIA_KPIS_HISTORICO.xlsx
2026-08-19 14:03:08  [etl.cif]           ✓ INFO      [stdout] ✅ Histórico actualizado subido a SharePoint: NO_PRESENCIA_KPIS_HISTORICO.xlsx
2026-08-19 14:03:08  [etl.nopresencia]   ✓ INFO      [stdout] ✅ Histórico actualizado subido a SharePoint: NO_PRESENCIA_KPIS_HISTORICO.xlsx
2026-08-19 14:03:08  [etl.exhib_pagadas]  ✓ INFO      [stdout] ✅ Histórico actualizado subido a SharePoint: NO_PRESENCIA_KPIS_HISTORICO.xlsx
2026-08-19 14:03:08  [etl.precios]       ✓ INFO      [stdout] ✅ Histórico actualizado subido a SharePoint: NO_PRESENCIA_KPIS_HISTORICO.xlsx
2026-08-19 14:03:08  [etl.nopresencia]   ✓ INFO      KPI No Presencia consolidado y cargado
2026-08-19 14:03:08  [etl.nopresencia]   ✓ INFO      ETL No Presencia — completado
2026-08-19 14:03:17  [etl.nopresencia]   ✓ INFO      Duración total: 609.7s
2026-08-19 14:03:18  [etl.orquestador]   ✓ INFO      ETL 'nopresencia' terminó — ✓ OK en 609.7s
