2026-06-18 09:25:37  [etl.sistema]       ✓ INFO      Logging inicializado — archivo: C:\Users\Usuario\OneDrive - Universidad de los Andes\Escritorio\PROYECTO_EFICACIA\SCRIPTS\logs\ejecucion_202603_a_202605_20260618_092537.log
2026-06-18 09:25:37  [etl.orquestador]   ✓ INFO      ══════════════════════════════════════════════════════════════════════
2026-06-18 09:25:37  [etl.orquestador]   ✓ INFO      MULTI-PERIODO: 3 periodos a procesar — Marzo_2026, Abril_2026, Mayo_2026
2026-06-18 09:25:37  [etl.orquestador]   ✓ INFO      ══════════════════════════════════════════════════════════════════════
2026-06-18 09:25:37  [etl.orquestador]   ✓ INFO      Run ID compartido para esta corrida: 20260618T092537_23a522
2026-06-18 09:25:37  [etl.orquestador]   ✓ INFO      
2026-06-18 09:25:37  [etl.orquestador]   ✓ INFO      ▶ PERIODO 1/3: Marzo_2026
2026-06-18 09:25:37  [etl.orquestador]   ✓ INFO      ════════════════════════════════════════════════════════
2026-06-18 09:25:37  [etl.orquestador]   ✓ INFO      ORQUESTADOR ETLs — Eficacia
2026-06-18 09:25:37  [etl.orquestador]   ✓ INFO      Inicio: 2026-06-18 09:25:37
2026-06-18 09:25:37  [etl.orquestador]   ✓ INFO      Run ID: 20260618T092537_23a522
2026-06-18 09:25:37  [etl.orquestador]   ✓ INFO      Periodo: Marzo_2026 (03/2026)
2026-06-18 09:25:37  [etl.orquestador]   ✓ INFO      ETLs seleccionados: ['cif', 'nopresencia', 'precios', 'sos', 'exhib_pagadas', 'exhib_gratis', 'ventas', 'impactos']
2026-06-18 09:25:37  [etl.orquestador]   ✓ INFO      Workers paralelos: 6
2026-06-18 09:25:37  [etl.orquestador]   ✓ INFO      Skip si cached: False
2026-06-18 09:25:37  [etl.orquestador]   ✓ INFO      ════════════════════════════════════════════════════════
2026-06-18 09:25:37  [etl.shared_loader]  ✓ INFO      PT Directo detectado: Plan de trabajo Directo Marzo 2026.xlsx
2026-06-18 09:25:37  [etl.shared_loader]  ✓ INFO      PT ISM detectado: Plan de trabajo ISM Marzo 2026.xlsx
2026-06-18 09:25:37  [etl.shared_loader]  ✓ INFO      ━━━━━━━━━━━━━━━━━━━━━━━━━━━━━━━━━━━━━━━━━━━━━━━━━━
2026-06-18 09:25:37  [etl.shared_loader]  ✓ INFO      Iniciando carga compartida del Plan de Trabajo
2026-06-18 09:25:37  [etl.shared_loader]  ✓ INFO      ━━━━━━━━━━━━━━━━━━━━━━━━━━━━━━━━━━━━━━━━━━━━━━━━━━
2026-06-18 09:25:39  [etl.shared_loader]  ✓ INFO      [DIRECTO] 8,913 filas PT  |  3,319 filas módulos cargadas
2026-06-18 09:25:40  [etl.shared_loader]  ✓ INFO      [ISM] 2,685 filas PT  |  912 filas módulos cargadas
2026-06-18 09:25:40  [etl.shared_loader]  ✓ INFO      PT consolidado: 11,598 filas totales
2026-06-18 09:25:40  [etl.shared_loader]  ✓ INFO      Periodo forzado por el caller: Mes 3 | Año 2026
2026-06-18 09:25:40  [etl.shared_loader]  ✓ INFO      Aplicando filtros por módulo
2026-06-18 09:25:40  [etl.shared_loader]  ✓ INFO      [DIRECTO] Módulo 'no_presencia': 5,206 filas retenidas
2026-06-18 09:25:40  [etl.shared_loader]  ✓ INFO      [ISM] Módulo 'no_presencia': 1,030 filas retenidas
2026-06-18 09:25:40  [etl.shared_loader]  ⚠ WARNING   [DIRECTO] Módulo 'precios': el filtro devolvió 0 filas (columna 'PRECIOS' sin valores = 1, o IDs sin coincidencia en el PT)
2026-06-18 09:25:40  [etl.shared_loader]  ✓ INFO      [ISM] Módulo 'precios': 936 filas retenidas
2026-06-18 09:25:40  [etl.shared_loader]  ✓ INFO      [DIRECTO] Módulo 'sos': 3,242 filas retenidas
2026-06-18 09:25:40  [etl.shared_loader]  ✓ INFO      [ISM] Módulo 'sos': 879 filas retenidas
2026-06-18 09:25:40  [etl.shared_loader]  ✓ INFO      Carga compartida completada
2026-06-18 09:25:40  [etl.orquestador]   ✓ INFO      shared_loader completado en 3.1s
2026-06-18 09:25:40  [etl.orquestador]   ✓ INFO      ────────────────────────────────────────────────────────
2026-06-18 09:25:40  [etl.orquestador]   ✓ INFO      FASE 1 — Lanzando 8 ETLs en paralelo (0 skipped)
2026-06-18 09:25:40  [etl.orquestador]   ✓ INFO      ────────────────────────────────────────────────────────
2026-06-18 09:25:40  [etl.exhib_pagadas]  ✓ INFO      ────────────────────────────────────────────────────────
2026-06-18 09:25:40  [etl.exhib_pagadas]  ✓ INFO      ETL Exhibiciones Pagadas — iniciando
2026-06-18 09:25:40  [etl.exhib_pagadas]  · DEBUG     [stdout] 🚀 Iniciando auditoría exhibiciones pagadas  (Marzo_2026)...
2026-06-18 09:25:40  [etl.precios]       ✓ INFO      ────────────────────────────────────────────────────────
2026-06-18 09:25:40  [etl.precios]       ✓ INFO      ETL Precios — iniciando
2026-06-18 09:25:41  [etl.sos]           ✓ INFO      ────────────────────────────────────────────────────────
2026-06-18 09:25:41  [etl.sos]           ✓ INFO      ETL SOS — iniciando
2026-06-18 09:25:42  [etl.nopresencia]   ✓ INFO      ────────────────────────────────────────────────────────
2026-06-18 09:25:42  [etl.nopresencia]   ✓ INFO      ETL No Presencia — iniciando
2026-06-18 09:25:42  [etl.exhib_gratis]  ✓ INFO      ────────────────────────────────────────────────────────
2026-06-18 09:25:42  [etl.exhib_gratis]  ✓ INFO      ETL Exhibiciones Gratis — iniciando
2026-06-18 09:25:42  [etl.exhib_pagadas]  · DEBUG     [stdout] ── Resolviendo archivos fuente (Marzo_2026) ─
2026-06-18 09:25:42  [etl.precios]       · DEBUG     [stdout] ── Resolviendo archivos fuente (Marzo_2026) ─
2026-06-18 09:25:42  [etl.sos]           · DEBUG     [stdout] ── Resolviendo archivos fuente (Marzo_2026) ─
2026-06-18 09:25:42  [etl.nopresencia]   · DEBUG     [stdout] ── Resolviendo archivos fuente (Marzo_2026) ─
2026-06-18 09:25:42  [etl.exhib_gratis]  · DEBUG     [stdout] ── Resolviendo archivos fuente (Marzo_2026) ─
2026-06-18 09:25:42  [etl.exhib_pagadas]  · DEBUG     [stdout] [informar] 1 archivo(s):
2026-06-18 09:25:42  [etl.precios]       · DEBUG     [stdout] [informar] 1 archivo(s):
2026-06-18 09:25:42  [etl.sos]           · DEBUG     [stdout] [informar] 1 archivo(s):
2026-06-18 09:25:42  [etl.nopresencia]   · DEBUG     [stdout] [informar] 1 archivo(s):
2026-06-18 09:25:42  [etl.exhib_gratis]  · DEBUG     [stdout] [informar] 1 archivo(s):
2026-06-18 09:25:42  [etl.exhib_pagadas]  · DEBUG     [stdout] - Base Exhibiciones Informar Marzo 2026.xlsx
2026-06-18 09:25:42  [etl.precios]       · DEBUG     [stdout] - Base Exhibiciones Informar Marzo 2026.xlsx
2026-06-18 09:25:42  [etl.sos]           · DEBUG     [stdout] - Base Exhibiciones Informar Marzo 2026.xlsx
2026-06-18 09:25:42  [etl.nopresencia]   · DEBUG     [stdout] - Base Exhibiciones Informar Marzo 2026.xlsx
2026-06-18 09:25:42  [etl.exhib_gratis]  · DEBUG     [stdout] - Base Exhibiciones Informar Marzo 2026.xlsx
2026-06-18 09:25:42  [etl.exhib_pagadas]  · DEBUG     [stdout] [planning] 1 archivo(s):
2026-06-18 09:25:42  [etl.precios]       · DEBUG     [stdout] [planning] 1 archivo(s):
2026-06-18 09:25:42  [etl.sos]           · DEBUG     [stdout] [planning] 1 archivo(s):
2026-06-18 09:25:42  [etl.nopresencia]   · DEBUG     [stdout] [planning] 1 archivo(s):
2026-06-18 09:25:42  [etl.exhib_gratis]  · DEBUG     [stdout] [planning] 1 archivo(s):
2026-06-18 09:25:43  [etl.exhib_pagadas]  · DEBUG     [stdout] - Base Exhibiciones Planning Marzo 2026.xlsx
2026-06-18 09:25:43  [etl.precios]       · DEBUG     [stdout] - Base Exhibiciones Planning Marzo 2026.xlsx
2026-06-18 09:25:43  [etl.sos]           · DEBUG     [stdout] - Base Exhibiciones Planning Marzo 2026.xlsx
2026-06-18 09:25:43  [etl.nopresencia]   · DEBUG     [stdout] - Base Exhibiciones Planning Marzo 2026.xlsx
2026-06-18 09:25:43  [etl.exhib_gratis]  · DEBUG     [stdout] - Base Exhibiciones Planning Marzo 2026.xlsx
2026-06-18 09:25:43  [etl.exhib_pagadas]  · DEBUG     [stdout] [visitas] 1 archivo(s):
2026-06-18 09:25:43  [etl.precios]       · DEBUG     [stdout] [visitas] 1 archivo(s):
2026-06-18 09:25:43  [etl.sos]           · DEBUG     [stdout] [visitas] 1 archivo(s):
2026-06-18 09:25:43  [etl.nopresencia]   · DEBUG     [stdout] [visitas] 1 archivo(s):
2026-06-18 09:25:43  [etl.exhib_gratis]  · DEBUG     [stdout] [visitas] 1 archivo(s):
2026-06-18 09:25:43  [etl.exhib_pagadas]  · DEBUG     [stdout] - informe-gerencial-visitas_202603.xlsx
2026-06-18 09:25:43  [etl.precios]       · DEBUG     [stdout] - informe-gerencial-visitas_202603.xlsx
2026-06-18 09:25:43  [etl.sos]           · DEBUG     [stdout] - informe-gerencial-visitas_202603.xlsx
2026-06-18 09:25:43  [etl.nopresencia]   · DEBUG     [stdout] - informe-gerencial-visitas_202603.xlsx
2026-06-18 09:25:43  [etl.exhib_gratis]  · DEBUG     [stdout] - informe-gerencial-visitas_202603.xlsx
2026-06-18 09:25:43  [etl.exhib_pagadas]  · DEBUG     [stdout] [plan_trabajo] 1 archivo(s):
2026-06-18 09:25:43  [etl.precios]       · DEBUG     [stdout] [plan_trabajo] 1 archivo(s):
2026-06-18 09:25:43  [etl.sos]           · DEBUG     [stdout] [plan_trabajo] 1 archivo(s):
2026-06-18 09:25:43  [etl.nopresencia]   · DEBUG     [stdout] [plan_trabajo] 1 archivo(s):
2026-06-18 09:25:43  [etl.exhib_gratis]  · DEBUG     [stdout] [plan_trabajo] 1 archivo(s):
2026-06-18 09:25:43  [etl.exhib_pagadas]  · DEBUG     [stdout] - Plan de trabajo.xlsx
2026-06-18 09:25:43  [etl.precios]       · DEBUG     [stdout] - Plan de trabajo.xlsx
2026-06-18 09:25:43  [etl.sos]           · DEBUG     [stdout] - Plan de trabajo.xlsx
2026-06-18 09:25:43  [etl.nopresencia]   · DEBUG     [stdout] - Plan de trabajo.xlsx
2026-06-18 09:25:43  [etl.exhib_gratis]  · DEBUG     [stdout] - Plan de trabajo.xlsx
2026-06-18 09:25:43  [etl.exhib_pagadas]  · DEBUG     [stdout] ── Cargando archivos fuente ─────────────────────
2026-06-18 09:25:43  [etl.precios]       · DEBUG     [stdout] ── Cargando archivos fuente ─────────────────────
2026-06-18 09:25:43  [etl.sos]           · DEBUG     [stdout] ── Cargando archivos fuente ─────────────────────
2026-06-18 09:25:43  [etl.nopresencia]   · DEBUG     [stdout] ── Cargando archivos fuente ─────────────────────
2026-06-18 09:25:43  [etl.exhib_gratis]  · DEBUG     [stdout] ── Cargando archivos fuente ─────────────────────
2026-06-18 09:25:43  [etl.cif]           ✓ INFO      ────────────────────────────────────────────────────────
2026-06-18 09:25:43  [etl.cif]           ✓ INFO      ETL CIF — iniciando
2026-06-18 09:25:43  [etl.cif]           ✓ INFO      Paso 1 — PT consolidado: 11,598 filas
2026-06-18 09:25:45  [etl.cif]           ✓ INFO      Paso 2 — Agrupación SQL
2026-06-18 09:25:45  [etl.exhib_pagadas]  · DEBUG     [stdout] ========================================
2026-06-18 09:25:45  [etl.precios]       · DEBUG     [stdout] ========================================
2026-06-18 09:25:45  [etl.sos]           · DEBUG     [stdout] ========================================
2026-06-18 09:25:45  [etl.nopresencia]   · DEBUG     [stdout] ========================================
2026-06-18 09:25:45  [etl.exhib_gratis]  · DEBUG     [stdout] ========================================
2026-06-18 09:25:45  [etl.cif]           · DEBUG     [stdout] ========================================
2026-06-18 09:25:45  [etl.exhib_pagadas]  · DEBUG     [stdout] INICIANDO PASO 2: AGRUPACIÓN SQL
2026-06-18 09:25:45  [etl.precios]       · DEBUG     [stdout] INICIANDO PASO 2: AGRUPACIÓN SQL
2026-06-18 09:25:45  [etl.sos]           · DEBUG     [stdout] INICIANDO PASO 2: AGRUPACIÓN SQL
2026-06-18 09:25:45  [etl.nopresencia]   · DEBUG     [stdout] INICIANDO PASO 2: AGRUPACIÓN SQL
2026-06-18 09:25:45  [etl.exhib_gratis]  · DEBUG     [stdout] INICIANDO PASO 2: AGRUPACIÓN SQL
2026-06-18 09:25:45  [etl.cif]           · DEBUG     [stdout] INICIANDO PASO 2: AGRUPACIÓN SQL
2026-06-18 09:25:45  [etl.exhib_pagadas]  · DEBUG     [stdout] ========================================
2026-06-18 09:25:45  [etl.precios]       · DEBUG     [stdout] ========================================
2026-06-18 09:25:45  [etl.sos]           · DEBUG     [stdout] ========================================
2026-06-18 09:25:45  [etl.nopresencia]   · DEBUG     [stdout] ========================================
2026-06-18 09:25:45  [etl.exhib_gratis]  · DEBUG     [stdout] ========================================
2026-06-18 09:25:45  [etl.cif]           · DEBUG     [stdout] ========================================
2026-06-18 09:25:48  [etl.precios]       ✓ INFO      PT filtrado persistido: 211 PDVs únicos — periodo MARZO_2026
2026-06-18 09:25:48  [etl.exhib_pagadas]  · DEBUG     [stdout] --- PASO 2: Cruzando Capturas por Categorías (MARZO_2026) ---
2026-06-18 09:25:48  [etl.precios]       · DEBUG     [stdout] --- PASO 2: Cruzando Capturas por Categorías (MARZO_2026) ---
2026-06-18 09:25:48  [etl.sos]           · DEBUG     [stdout] --- PASO 2: Cruzando Capturas por Categorías (MARZO_2026) ---
2026-06-18 09:25:48  [etl.nopresencia]   · DEBUG     [stdout] --- PASO 2: Cruzando Capturas por Categorías (MARZO_2026) ---
2026-06-18 09:25:48  [etl.exhib_gratis]  · DEBUG     [stdout] --- PASO 2: Cruzando Capturas por Categorías (MARZO_2026) ---
2026-06-18 09:25:48  [etl.sos]           ✓ INFO      PT filtrado persistido: 535 PDVs únicos
2026-06-18 09:25:48  [etl.cif]           · DEBUG     [stdout] --- PASO 2: Cruzando Capturas por Categorías (MARZO_2026) ---
2026-06-18 09:25:48  [etl.exhib_pagadas]  · DEBUG     [stdout] Encuestas: Respuestas Precios Marzo 2026.xlsx
2026-06-18 09:25:48  [etl.precios]       · DEBUG     [stdout] Encuestas: Respuestas Precios Marzo 2026.xlsx
2026-06-18 09:25:48  [etl.sos]           · DEBUG     [stdout] Encuestas: Respuestas Precios Marzo 2026.xlsx
2026-06-18 09:25:48  [etl.nopresencia]   · DEBUG     [stdout] Encuestas: Respuestas Precios Marzo 2026.xlsx
2026-06-18 09:25:48  [etl.exhib_gratis]  · DEBUG     [stdout] Encuestas: Respuestas Precios Marzo 2026.xlsx
2026-06-18 09:25:48  [etl.cif]           · DEBUG     [stdout] Encuestas: Respuestas Precios Marzo 2026.xlsx
2026-06-18 09:25:48  [etl.sos]           ✓ INFO      6 archivo(s) de encuesta SOS encontrado(s)
2026-06-18 09:25:48  [etl.exhib_pagadas]  · DEBUG     [stdout] --- PASO 2: Consolidando Encuestas SOS  (Marzo_2026) ---
2026-06-18 09:25:48  [etl.precios]       · DEBUG     [stdout] --- PASO 2: Consolidando Encuestas SOS  (Marzo_2026) ---
2026-06-18 09:25:48  [etl.sos]           · DEBUG     [stdout] --- PASO 2: Consolidando Encuestas SOS  (Marzo_2026) ---
2026-06-18 09:25:48  [etl.nopresencia]   · DEBUG     [stdout] --- PASO 2: Consolidando Encuestas SOS  (Marzo_2026) ---
2026-06-18 09:25:48  [etl.exhib_gratis]  · DEBUG     [stdout] --- PASO 2: Consolidando Encuestas SOS  (Marzo_2026) ---
2026-06-18 09:25:48  [etl.cif]           · DEBUG     [stdout] --- PASO 2: Consolidando Encuestas SOS  (Marzo_2026) ---
2026-06-18 09:25:48  [etl.exhib_pagadas]  ✓ INFO      [stdout] ✓ Respuestas SOS Marzo 2026.xlsx
2026-06-18 09:25:48  [etl.precios]       ✓ INFO      [stdout] ✓ Respuestas SOS Marzo 2026.xlsx
2026-06-18 09:25:48  [etl.sos]           ✓ INFO      [stdout] ✓ Respuestas SOS Marzo 2026.xlsx
2026-06-18 09:25:48  [etl.nopresencia]   ✓ INFO      [stdout] ✓ Respuestas SOS Marzo 2026.xlsx
2026-06-18 09:25:48  [etl.exhib_gratis]  ✓ INFO      [stdout] ✓ Respuestas SOS Marzo 2026.xlsx
2026-06-18 09:25:48  [etl.cif]           ✓ INFO      [stdout] ✓ Respuestas SOS Marzo 2026.xlsx
2026-06-18 09:25:48  [etl.exhib_pagadas]  ✓ INFO      [stdout] ✓ Respuestas SOS Baby Marzo 2026.xlsx
2026-06-18 09:25:48  [etl.precios]       ✓ INFO      [stdout] ✓ Respuestas SOS Baby Marzo 2026.xlsx
2026-06-18 09:25:48  [etl.sos]           ✓ INFO      [stdout] ✓ Respuestas SOS Baby Marzo 2026.xlsx
2026-06-18 09:25:48  [etl.nopresencia]   ✓ INFO      [stdout] ✓ Respuestas SOS Baby Marzo 2026.xlsx
2026-06-18 09:25:48  [etl.exhib_gratis]  ✓ INFO      [stdout] ✓ Respuestas SOS Baby Marzo 2026.xlsx
2026-06-18 09:25:48  [etl.cif]           ✓ INFO      [stdout] ✓ Respuestas SOS Baby Marzo 2026.xlsx
2026-06-18 09:25:53  [etl.exhib_pagadas]  ✓ INFO      [stdout] ✓ Base Exhibiciones Informar Marzo 2026.xlsx — 3,217 filas
2026-06-18 09:25:53  [etl.precios]       ✓ INFO      [stdout] ✓ Base Exhibiciones Informar Marzo 2026.xlsx — 3,217 filas
2026-06-18 09:25:53  [etl.sos]           ✓ INFO      [stdout] ✓ Base Exhibiciones Informar Marzo 2026.xlsx — 3,217 filas
2026-06-18 09:25:53  [etl.nopresencia]   ✓ INFO      [stdout] ✓ Base Exhibiciones Informar Marzo 2026.xlsx — 3,217 filas
2026-06-18 09:25:53  [etl.exhib_gratis]  ✓ INFO      [stdout] ✓ Base Exhibiciones Informar Marzo 2026.xlsx — 3,217 filas
2026-06-18 09:25:54  [etl.cif]           ✓ INFO      [stdout] ✓ Base Exhibiciones Informar Marzo 2026.xlsx — 3,217 filas
2026-06-18 09:25:56  [etl.nopresencia]   ✓ INFO      PT filtrado persistido: 6,236 filas — periodo MARZO_2026
2026-06-18 09:25:56  [etl.exhib_pagadas]  · DEBUG     [stdout] --- INICIANDO: Bloque No Presencia (Encuestas) ---
2026-06-18 09:25:56  [etl.precios]       · DEBUG     [stdout] --- INICIANDO: Bloque No Presencia (Encuestas) ---
2026-06-18 09:25:56  [etl.sos]           · DEBUG     [stdout] --- INICIANDO: Bloque No Presencia (Encuestas) ---
2026-06-18 09:25:56  [etl.nopresencia]   · DEBUG     [stdout] --- INICIANDO: Bloque No Presencia (Encuestas) ---
2026-06-18 09:25:56  [etl.exhib_gratis]  · DEBUG     [stdout] --- INICIANDO: Bloque No Presencia (Encuestas) ---
2026-06-18 09:25:56  [etl.cif]           · DEBUG     [stdout] --- INICIANDO: Bloque No Presencia (Encuestas) ---
2026-06-18 09:25:56  [etl.exhib_pagadas]  · DEBUG     [stdout] Archivo encuestas: Respuestas no presencia Marzo 2026.xlsx
2026-06-18 09:25:56  [etl.precios]       · DEBUG     [stdout] Archivo encuestas: Respuestas no presencia Marzo 2026.xlsx
2026-06-18 09:25:56  [etl.sos]           · DEBUG     [stdout] Archivo encuestas: Respuestas no presencia Marzo 2026.xlsx
2026-06-18 09:25:56  [etl.nopresencia]   · DEBUG     [stdout] Archivo encuestas: Respuestas no presencia Marzo 2026.xlsx
2026-06-18 09:25:56  [etl.exhib_gratis]  · DEBUG     [stdout] Archivo encuestas: Respuestas no presencia Marzo 2026.xlsx
2026-06-18 09:25:56  [etl.cif]           · DEBUG     [stdout] Archivo encuestas: Respuestas no presencia Marzo 2026.xlsx
2026-06-18 09:26:05  [etl.exhib_pagadas]  ✓ INFO      [stdout] ✓ Base Exhibiciones Planning Marzo 2026.xlsx — 2,338 filas
2026-06-18 09:26:05  [etl.precios]       ✓ INFO      [stdout] ✓ Base Exhibiciones Planning Marzo 2026.xlsx — 2,338 filas
2026-06-18 09:26:05  [etl.sos]           ✓ INFO      [stdout] ✓ Base Exhibiciones Planning Marzo 2026.xlsx — 2,338 filas
2026-06-18 09:26:05  [etl.nopresencia]   ✓ INFO      [stdout] ✓ Base Exhibiciones Planning Marzo 2026.xlsx — 2,338 filas
2026-06-18 09:26:05  [etl.exhib_gratis]  ✓ INFO      [stdout] ✓ Base Exhibiciones Planning Marzo 2026.xlsx — 2,338 filas
2026-06-18 09:26:05  [etl.cif]           ✓ INFO      [stdout] ✓ Base Exhibiciones Planning Marzo 2026.xlsx — 2,338 filas
2026-06-18 09:26:08  [etl.exhib_pagadas]  ✓ INFO      [stdout] ✅ ¡Hecho! Los registros que no cruzaron ahora tienen 'No' y ejecución en 0.
2026-06-18 09:26:08  [etl.precios]       ✓ INFO      [stdout] ✅ ¡Hecho! Los registros que no cruzaron ahora tienen 'No' y ejecución en 0.
2026-06-18 09:26:08  [etl.sos]           ✓ INFO      [stdout] ✅ ¡Hecho! Los registros que no cruzaron ahora tienen 'No' y ejecución en 0.
2026-06-18 09:26:08  [etl.nopresencia]   ✓ INFO      [stdout] ✅ ¡Hecho! Los registros que no cruzaron ahora tienen 'No' y ejecución en 0.
2026-06-18 09:26:08  [etl.exhib_gratis]  ✓ INFO      [stdout] ✅ ¡Hecho! Los registros que no cruzaron ahora tienen 'No' y ejecución en 0.
2026-06-18 09:26:08  [etl.cif]           ✓ INFO      [stdout] ✅ ¡Hecho! Los registros que no cruzaron ahora tienen 'No' y ejecución en 0.
2026-06-18 09:26:08  [etl.exhib_pagadas]  · DEBUG     [stdout] --- KPI (V3): RESUMEN EXHIBICIONES PAGADAS por empleado  (Marzo_2026) ---
2026-06-18 09:26:08  [etl.precios]       · DEBUG     [stdout] --- KPI (V3): RESUMEN EXHIBICIONES PAGADAS por empleado  (Marzo_2026) ---
2026-06-18 09:26:08  [etl.sos]           · DEBUG     [stdout] --- KPI (V3): RESUMEN EXHIBICIONES PAGADAS por empleado  (Marzo_2026) ---
2026-06-18 09:26:08  [etl.nopresencia]   · DEBUG     [stdout] --- KPI (V3): RESUMEN EXHIBICIONES PAGADAS por empleado  (Marzo_2026) ---
2026-06-18 09:26:08  [etl.exhib_gratis]  · DEBUG     [stdout] --- KPI (V3): RESUMEN EXHIBICIONES PAGADAS por empleado  (Marzo_2026) ---
2026-06-18 09:26:08  [etl.cif]           · DEBUG     [stdout] --- KPI (V3): RESUMEN EXHIBICIONES PAGADAS por empleado  (Marzo_2026) ---
2026-06-18 09:26:10  [etl.exhib_pagadas]  · DEBUG     [stdout] Leyendo: Resultado_exhibiciones_pagadas Marzo 2026.xlsx (2763 filas)
2026-06-18 09:26:10  [etl.precios]       · DEBUG     [stdout] Leyendo: Resultado_exhibiciones_pagadas Marzo 2026.xlsx (2763 filas)
2026-06-18 09:26:10  [etl.sos]           · DEBUG     [stdout] Leyendo: Resultado_exhibiciones_pagadas Marzo 2026.xlsx (2763 filas)
2026-06-18 09:26:10  [etl.nopresencia]   · DEBUG     [stdout] Leyendo: Resultado_exhibiciones_pagadas Marzo 2026.xlsx (2763 filas)
2026-06-18 09:26:10  [etl.exhib_gratis]  · DEBUG     [stdout] Leyendo: Resultado_exhibiciones_pagadas Marzo 2026.xlsx (2763 filas)
2026-06-18 09:26:10  [etl.cif]           · DEBUG     [stdout] Leyendo: Resultado_exhibiciones_pagadas Marzo 2026.xlsx (2763 filas)
2026-06-18 09:26:15  [etl.exhib_pagadas]  ✓ INFO      [stdout] ✓ Plan de trabajo.xlsx — 3,718 gestores cargados
2026-06-18 09:26:15  [etl.precios]       ✓ INFO      [stdout] ✓ Plan de trabajo.xlsx — 3,718 gestores cargados
2026-06-18 09:26:15  [etl.sos]           ✓ INFO      [stdout] ✓ Plan de trabajo.xlsx — 3,718 gestores cargados
2026-06-18 09:26:15  [etl.nopresencia]   ✓ INFO      [stdout] ✓ Plan de trabajo.xlsx — 3,718 gestores cargados
2026-06-18 09:26:15  [etl.exhib_gratis]  ✓ INFO      [stdout] ✓ Plan de trabajo.xlsx — 3,718 gestores cargados
2026-06-18 09:26:15  [etl.cif]           ✓ INFO      [stdout] ✓ Plan de trabajo.xlsx — 3,718 gestores cargados
2026-06-18 09:26:24  [etl.exhib_pagadas]  ✓ INFO      [stdout] ✅ Reporte capturas generado.
2026-06-18 09:26:24  [etl.precios]       ✓ INFO      [stdout] ✅ Reporte capturas generado.
2026-06-18 09:26:24  [etl.sos]           ✓ INFO      [stdout] ✅ Reporte capturas generado.
2026-06-18 09:26:24  [etl.nopresencia]   ✓ INFO      [stdout] ✅ Reporte capturas generado.
2026-06-18 09:26:24  [etl.exhib_gratis]  ✓ INFO      [stdout] ✅ Reporte capturas generado.
2026-06-18 09:26:24  [etl.cif]           ✓ INFO      [stdout] ✅ Reporte capturas generado.
2026-06-18 09:26:24  [etl.precios]       ✓ INFO      Reporte de captura de precios generado
2026-06-18 09:26:24  [etl.exhib_pagadas]  · DEBUG     [stdout] --- PASO 3: Generando Análisis Detallado (MARZO_2026) ---
2026-06-18 09:26:24  [etl.precios]       · DEBUG     [stdout] --- PASO 3: Generando Análisis Detallado (MARZO_2026) ---
2026-06-18 09:26:24  [etl.sos]           · DEBUG     [stdout] --- PASO 3: Generando Análisis Detallado (MARZO_2026) ---
2026-06-18 09:26:24  [etl.nopresencia]   · DEBUG     [stdout] --- PASO 3: Generando Análisis Detallado (MARZO_2026) ---
2026-06-18 09:26:24  [etl.exhib_gratis]  · DEBUG     [stdout] --- PASO 3: Generando Análisis Detallado (MARZO_2026) ---
2026-06-18 09:26:24  [etl.cif]           · DEBUG     [stdout] --- PASO 3: Generando Análisis Detallado (MARZO_2026) ---
2026-06-18 09:26:30  [etl.exhib_pagadas]  ✓ INFO      [stdout] ✅ Mes activo: 132 empleados → EXHIBICIONES_PAGADAS_KPIS.xlsx
2026-06-18 09:26:30  [etl.precios]       ✓ INFO      [stdout] ✅ Mes activo: 132 empleados → EXHIBICIONES_PAGADAS_KPIS.xlsx
2026-06-18 09:26:30  [etl.sos]           ✓ INFO      [stdout] ✅ Mes activo: 132 empleados → EXHIBICIONES_PAGADAS_KPIS.xlsx
2026-06-18 09:26:30  [etl.nopresencia]   ✓ INFO      [stdout] ✅ Mes activo: 132 empleados → EXHIBICIONES_PAGADAS_KPIS.xlsx
2026-06-18 09:26:31  [etl.exhib_gratis]  ✓ INFO      [stdout] ✅ Mes activo: 132 empleados → EXHIBICIONES_PAGADAS_KPIS.xlsx
2026-06-18 09:26:31  [etl.cif]           ✓ INFO      [stdout] ✅ Mes activo: 132 empleados → EXHIBICIONES_PAGADAS_KPIS.xlsx
2026-06-18 09:26:35  [etl.exhib_pagadas]  ✓ INFO      [stdout] ✅ Histórico → EXHIBICIONES_PAGADAS_KPIS_HISTORICO.xlsx
2026-06-18 09:26:35  [etl.precios]       ✓ INFO      [stdout] ✅ Histórico → EXHIBICIONES_PAGADAS_KPIS_HISTORICO.xlsx
2026-06-18 09:26:35  [etl.sos]           ✓ INFO      [stdout] ✅ Histórico → EXHIBICIONES_PAGADAS_KPIS_HISTORICO.xlsx
2026-06-18 09:26:35  [etl.nopresencia]   ✓ INFO      [stdout] ✅ Histórico → EXHIBICIONES_PAGADAS_KPIS_HISTORICO.xlsx
2026-06-18 09:26:35  [etl.exhib_gratis]  ✓ INFO      [stdout] ✅ Histórico → EXHIBICIONES_PAGADAS_KPIS_HISTORICO.xlsx
2026-06-18 09:26:35  [etl.cif]           ✓ INFO      [stdout] ✅ Histórico → EXHIBICIONES_PAGADAS_KPIS_HISTORICO.xlsx
2026-06-18 09:26:35  [etl.exhib_pagadas]  ✓ INFO      ETL Exhibiciones Pagadas — completado
2026-06-18 09:26:36  [etl.exhib_pagadas]  ✓ INFO      Duración total: 55.5s
2026-06-18 09:26:36  [etl.ventas]        ✓ INFO      ────────────────────────────────────────────────────────
2026-06-18 09:26:36  [etl.orquestador]   ✓ INFO      ETL 'exhib_pagadas' terminó — ✓ OK en 55.5s
2026-06-18 09:26:36  [etl.ventas]        ✓ INFO      ETL Ventas D&P — iniciando
2026-06-18 09:26:37  [etl.ventas]        · DEBUG     [stdout] 📍 Origen: C:\Users\Usuario\OneDrive - Universidad de los Andes\Escritorio\PROYECTO_EFICACIA\BASES\D&P\01. Ventas
2026-06-18 09:26:37  [etl.ventas]        · DEBUG     [stdout] 📁 Salida: C:\Users\Usuario\OneDrive - Universidad de los Andes\Escritorio\PROYECTO_EFICACIA\SALIDA\D&P\Consolidado_Ventas.csv
2026-06-18 09:26:38  [etl.ventas]        ✓ INFO      [stdout] ✅ Archivos encontrados (2024+): 3
2026-06-18 09:26:49  [etl.ventas]        ✓ INFO      [stdout] ✅ ÉXITO: Agrupado guardado en: C:\Users\Usuario\OneDrive - Universidad de los Andes\Escritorio\PROYECTO_EFICACIA\BASES\CIF\PLAN DE TRABAJO\Plan de trabajo consolidado_grupado.csv
2026-06-18 09:26:49  [etl.ventas]        · DEBUG     [stdout] Resumen agrupado (Primeros 5):
2026-06-18 09:26:49  [etl.ventas]        · DEBUG     [stdout] ACRONIMO ID_PDV_INVOLVES  TIEMPO_SERVICIO_HORAS
2026-06-18 09:26:49  [etl.ventas]        · DEBUG     [stdout] 0    LE001           10032                    NaN
2026-06-18 09:26:49  [etl.ventas]        · DEBUG     [stdout] 1    LE001           10033                    NaN
2026-06-18 09:26:49  [etl.ventas]        · DEBUG     [stdout] 2    LE001           10035                    NaN
2026-06-18 09:26:49  [etl.ventas]        · DEBUG     [stdout] 3    LE001           10036                    NaN
2026-06-18 09:26:49  [etl.ventas]        · DEBUG     [stdout] 4    LE001           10069                    NaN
2026-06-18 09:26:49  [etl.cif]           ✓ INFO      Paso 3 — Visitas Involves
2026-06-18 09:26:49  [etl.ventas]        · DEBUG     [stdout] ========================================
2026-06-18 09:26:49  [etl.ventas]        · DEBUG     [stdout] INICIANDO PASO 3: INVOLVES (CRUCE PRIORIZANDO BASE VENTAS)  (Marzo_2026)
2026-06-18 09:26:49  [etl.ventas]        · DEBUG     [stdout] ========================================
2026-06-18 09:27:01  [etl.ventas]        · DEBUG     [stdout] Modo upsert — reprocesando: 05. Mayo base ventas.xlsx
2026-06-18 09:27:04  [etl.ventas]        · DEBUG     [stdout] → Procesando: 05. Mayo base ventas.xlsx
2026-06-18 09:27:43  [etl.ventas]        ✓ INFO      [stdout] ✅ Análisis detallado guardado.
2026-06-18 09:27:43  [etl.precios]       ✓ INFO      Análisis detallado de precios generado
2026-06-18 09:27:43  [etl.ventas]        · DEBUG     [stdout] --- PASO KPI (V3): RESUMEN PRECIOS por gestor  (Marzo_2026) ---
2026-06-18 09:27:46  [etl.ventas]        · DEBUG     [stdout] Leyendo: REPORTE_CAPTURA_PRECIOS_MARZO_2026.xlsx (211 filas)
2026-06-18 09:27:57  [etl.ventas]        ✓ INFO      [stdout] ✅ Mes activo: 35 gestores → PRECIOS_KPIS.xlsx
2026-06-18 09:27:57  [etl.ventas]        ✓ INFO      [stdout] ✅ Histórico acumulado → PRECIOS_KPIS_HISTORICO.xlsx
2026-06-18 09:27:57  [etl.precios]       ✓ INFO      KPI precios consolidado
2026-06-18 09:27:57  [etl.precios]       ✓ INFO      ETL Precios — completado
2026-06-18 09:27:59  [etl.precios]       ✓ INFO      Duración total: 137.4s
2026-06-18 09:27:59  [etl.impactos]      ✓ INFO      ────────────────────────────────────────────────────────
2026-06-18 09:27:59  [etl.impactos]      ✓ INFO      ETL Impactos D&P — iniciando
2026-06-18 09:27:59  [etl.orquestador]   ✓ INFO      ETL 'precios' terminó — ✓ OK en 137.4s
2026-06-18 09:27:59  [etl.exhib_pagadas]  · DEBUG     [stdout] 📍 Origen: C:\Users\Usuario\OneDrive - Universidad de los Andes\Escritorio\PROYECTO_EFICACIA\BASES\D&P\02. Impactos
2026-06-18 09:27:59  [etl.impactos]      · DEBUG     [stdout] 📍 Origen: C:\Users\Usuario\OneDrive - Universidad de los Andes\Escritorio\PROYECTO_EFICACIA\BASES\D&P\02. Impactos
2026-06-18 09:27:59  [etl.exhib_pagadas]  · DEBUG     [stdout] 📁 Salida: C:\Users\Usuario\OneDrive - Universidad de los Andes\Escritorio\PROYECTO_EFICACIA\SALIDA\D&P\Consolidado_Impactos.csv
2026-06-18 09:27:59  [etl.impactos]      · DEBUG     [stdout] 📁 Salida: C:\Users\Usuario\OneDrive - Universidad de los Andes\Escritorio\PROYECTO_EFICACIA\SALIDA\D&P\Consolidado_Impactos.csv
2026-06-18 09:28:01  [etl.exhib_pagadas]  ✓ INFO      [stdout] ✅ Archivos encontrados (2024+): 3
2026-06-18 09:28:01  [etl.impactos]      ✓ INFO      [stdout] ✅ Archivos encontrados (2024+): 3
2026-06-18 09:28:06  [etl.exhib_pagadas]  · DEBUG     [stdout] Modo upsert — reprocesando: 05. Mayo base impactos - cuota.xlsx
2026-06-18 09:28:06  [etl.impactos]      · DEBUG     [stdout] Modo upsert — reprocesando: 05. Mayo base impactos - cuota.xlsx
2026-06-18 09:28:06  [etl.exhib_pagadas]  · DEBUG     [stdout] → Procesando: 05. Mayo base impactos - cuota.xlsx
2026-06-18 09:28:06  [etl.impactos]      · DEBUG     [stdout] → Procesando: 05. Mayo base impactos - cuota.xlsx
2026-06-18 09:28:09  [etl.exhib_pagadas]  ✓ INFO      [stdout] ✅ Consolidado guardado: C:\Users\Usuario\OneDrive - Universidad de los Andes\Escritorio\PROYECTO_EFICACIA\SALIDA\D&P\Consolidado_Impactos.csv  (136 filas)
2026-06-18 09:28:09  [etl.impactos]      ✓ INFO      [stdout] ✅ Consolidado guardado: C:\Users\Usuario\OneDrive - Universidad de los Andes\Escritorio\PROYECTO_EFICACIA\SALIDA\D&P\Consolidado_Impactos.csv  (136 filas)
2026-06-18 09:28:09  [etl.impactos]      ✓ INFO      ETL Impactos D&P — completado (136 filas en consolidado)
2026-06-18 09:28:10  [etl.impactos]      ✓ INFO      Duración total: 10.7s
2026-06-18 09:28:10  [etl.orquestador]   ✓ INFO      ETL 'impactos' terminó — ✓ OK en 10.7s
2026-06-18 09:29:44  [etl.exhib_pagadas]  ✓ INFO      [stdout] ✅ Consolidado guardado: C:\Users\Usuario\OneDrive - Universidad de los Andes\Escritorio\PROYECTO_EFICACIA\SALIDA\D&P\Consolidado_Ventas.csv  (146,841 filas)
2026-06-18 09:29:44  [etl.ventas]        ✓ INFO      ETL Ventas D&P — completado (146,841 filas en consolidado)
2026-06-18 09:30:01  [etl.ventas]        ✓ INFO      Duración total: 187.6s
2026-06-18 09:30:01  [etl.orquestador]   ✓ INFO      ETL 'ventas' terminó — ✓ OK en 187.6s
2026-06-18 09:31:45  [etl.sos]           ✓ INFO      Encuestas SOS consolidadas
2026-06-18 09:32:36  [etl.sos]           ✓ INFO      Cumplimiento de captura calculado
2026-06-18 09:33:14  [etl.nopresencia]   ✓ INFO      Encuestas de No Presencia procesadas
2026-06-18 09:33:23  [etl.cif]           ✓ INFO      Paso 4 — Justificaciones
2026-06-18 09:33:40  [etl.nopresencia]   ✓ INFO      Plan de Trabajo por semanas procesado
2026-06-18 09:33:55  [etl.sos]           ✓ INFO      Target normalizado
2026-06-18 09:34:20  [etl.nopresencia]   ✓ INFO      Matriz de seguimiento generada
2026-06-18 09:34:34  [etl.exhib_gratis]  ✓ INFO      ETL Exhibiciones Gratis — completado
2026-06-18 09:34:35  [etl.exhib_gratis]  ✓ INFO      Duración total: 534.1s
2026-06-18 09:34:35  [etl.orquestador]   ✓ INFO      ETL 'exhib_gratis' terminó — ✓ OK en 534.1s
2026-06-18 09:34:45  [etl.exhib_pagadas]  ⚠ WARNING   [stdout] ⚠️  No se pudo leer el reporte SOS previo (Reindexing only valid with uniquely valued Index objects); se sobrescribe.
2026-06-18 09:34:45  [etl.precios]       ⚠ WARNING   [stdout] ⚠️  No se pudo leer el reporte SOS previo (Reindexing only valid with uniquely valued Index objects); se sobrescribe.
2026-06-18 09:34:45  [etl.sos]           ⚠ WARNING   [stdout] ⚠️  No se pudo leer el reporte SOS previo (Reindexing only valid with uniquely valued Index objects); se sobrescribe.
2026-06-18 09:34:45  [etl.nopresencia]   ⚠ WARNING   [stdout] ⚠️  No se pudo leer el reporte SOS previo (Reindexing only valid with uniquely valued Index objects); se sobrescribe.
2026-06-18 09:35:01  [etl.exhib_pagadas]  ✓ INFO      [stdout] ✅ EXITO: Reporte Final SOS (Marzo_2026) generado en: C:\Users\Usuario\OneDrive - Universidad de los Andes\Escritorio\PROYECTO_EFICACIA\SALIDA\SOS\Reporte_SOS_Final_Calculado.xlsx
2026-06-18 09:35:01  [etl.precios]       ✓ INFO      [stdout] ✅ EXITO: Reporte Final SOS (Marzo_2026) generado en: C:\Users\Usuario\OneDrive - Universidad de los Andes\Escritorio\PROYECTO_EFICACIA\SALIDA\SOS\Reporte_SOS_Final_Calculado.xlsx
2026-06-18 09:35:01  [etl.sos]           ✓ INFO      [stdout] ✅ EXITO: Reporte Final SOS (Marzo_2026) generado en: C:\Users\Usuario\OneDrive - Universidad de los Andes\Escritorio\PROYECTO_EFICACIA\SALIDA\SOS\Reporte_SOS_Final_Calculado.xlsx
2026-06-18 09:35:01  [etl.nopresencia]   ✓ INFO      [stdout] ✅ EXITO: Reporte Final SOS (Marzo_2026) generado en: C:\Users\Usuario\OneDrive - Universidad de los Andes\Escritorio\PROYECTO_EFICACIA\SALIDA\SOS\Reporte_SOS_Final_Calculado.xlsx
2026-06-18 09:35:01  [etl.sos]           ✓ INFO      Cruce triple y cálculo SOS completado
2026-06-18 09:35:01  [etl.exhib_pagadas]  · DEBUG     [stdout] --- PASO 6 (V3): RESUMEN KPI SOS por gestor  (Marzo_2026) ---
2026-06-18 09:35:01  [etl.precios]       · DEBUG     [stdout] --- PASO 6 (V3): RESUMEN KPI SOS por gestor  (Marzo_2026) ---
2026-06-18 09:35:01  [etl.sos]           · DEBUG     [stdout] --- PASO 6 (V3): RESUMEN KPI SOS por gestor  (Marzo_2026) ---
2026-06-18 09:35:01  [etl.nopresencia]   · DEBUG     [stdout] --- PASO 6 (V3): RESUMEN KPI SOS por gestor  (Marzo_2026) ---
2026-06-18 09:35:01  [etl.exhib_pagadas]  · DEBUG     [stdout] Leyendo: Cumplimiento_Captura_SOS.xlsx (535 filas)
2026-06-18 09:35:01  [etl.precios]       · DEBUG     [stdout] Leyendo: Cumplimiento_Captura_SOS.xlsx (535 filas)
2026-06-18 09:35:01  [etl.sos]           · DEBUG     [stdout] Leyendo: Cumplimiento_Captura_SOS.xlsx (535 filas)
2026-06-18 09:35:01  [etl.nopresencia]   · DEBUG     [stdout] Leyendo: Cumplimiento_Captura_SOS.xlsx (535 filas)
2026-06-18 09:35:02  [etl.exhib_pagadas]  ✓ INFO      [stdout] ✅ ÉXITO: Reporte de Agotados generado en C:\Users\Usuario\OneDrive - Universidad de los Andes\Escritorio\PROYECTO_EFICACIA\SALIDA\NO PRESENCIA\ANALISIS_AGOTADOS_MARZO_2026.xlsx
2026-06-18 09:35:02  [etl.precios]       ✓ INFO      [stdout] ✅ ÉXITO: Reporte de Agotados generado en C:\Users\Usuario\OneDrive - Universidad de los Andes\Escritorio\PROYECTO_EFICACIA\SALIDA\NO PRESENCIA\ANALISIS_AGOTADOS_MARZO_2026.xlsx
2026-06-18 09:35:02  [etl.sos]           ✓ INFO      [stdout] ✅ ÉXITO: Reporte de Agotados generado en C:\Users\Usuario\OneDrive - Universidad de los Andes\Escritorio\PROYECTO_EFICACIA\SALIDA\NO PRESENCIA\ANALISIS_AGOTADOS_MARZO_2026.xlsx
2026-06-18 09:35:02  [etl.nopresencia]   ✓ INFO      [stdout] ✅ ÉXITO: Reporte de Agotados generado en C:\Users\Usuario\OneDrive - Universidad de los Andes\Escritorio\PROYECTO_EFICACIA\SALIDA\NO PRESENCIA\ANALISIS_AGOTADOS_MARZO_2026.xlsx
2026-06-18 09:35:02  [etl.nopresencia]   ✓ INFO      Análisis de agotados generado
2026-06-18 09:35:02  [etl.exhib_pagadas]  · DEBUG     [stdout] --- PASO KPI (V3): RESUMEN NP por gestor  (Marzo_2026) ---
2026-06-18 09:35:02  [etl.precios]       · DEBUG     [stdout] --- PASO KPI (V3): RESUMEN NP por gestor  (Marzo_2026) ---
2026-06-18 09:35:02  [etl.sos]           · DEBUG     [stdout] --- PASO KPI (V3): RESUMEN NP por gestor  (Marzo_2026) ---
2026-06-18 09:35:02  [etl.nopresencia]   · DEBUG     [stdout] --- PASO KPI (V3): RESUMEN NP por gestor  (Marzo_2026) ---
2026-06-18 09:35:03  [etl.exhib_pagadas]  · DEBUG     [stdout] Leyendo: REPORTE_NO_PRESENCIA_MARZO_2026.xlsx (2146 filas)
2026-06-18 09:35:03  [etl.precios]       · DEBUG     [stdout] Leyendo: REPORTE_NO_PRESENCIA_MARZO_2026.xlsx (2146 filas)
2026-06-18 09:35:03  [etl.sos]           · DEBUG     [stdout] Leyendo: REPORTE_NO_PRESENCIA_MARZO_2026.xlsx (2146 filas)
2026-06-18 09:35:03  [etl.nopresencia]   · DEBUG     [stdout] Leyendo: REPORTE_NO_PRESENCIA_MARZO_2026.xlsx (2146 filas)
2026-06-18 09:35:04  [etl.exhib_pagadas]  ✓ INFO      [stdout] ✅ Mes activo: 115 gestores → SOS_KPIS.xlsx
2026-06-18 09:35:04  [etl.precios]       ✓ INFO      [stdout] ✅ Mes activo: 115 gestores → SOS_KPIS.xlsx
2026-06-18 09:35:04  [etl.sos]           ✓ INFO      [stdout] ✅ Mes activo: 115 gestores → SOS_KPIS.xlsx
2026-06-18 09:35:04  [etl.nopresencia]   ✓ INFO      [stdout] ✅ Mes activo: 115 gestores → SOS_KPIS.xlsx
2026-06-18 09:35:04  [etl.exhib_pagadas]  ✓ INFO      [stdout] ✅ Histórico acumulado → SOS_KPIS_HISTORICO.xlsx
2026-06-18 09:35:04  [etl.precios]       ✓ INFO      [stdout] ✅ Histórico acumulado → SOS_KPIS_HISTORICO.xlsx
2026-06-18 09:35:04  [etl.sos]           ✓ INFO      [stdout] ✅ Histórico acumulado → SOS_KPIS_HISTORICO.xlsx
2026-06-18 09:35:04  [etl.nopresencia]   ✓ INFO      [stdout] ✅ Histórico acumulado → SOS_KPIS_HISTORICO.xlsx
2026-06-18 09:35:04  [etl.sos]           ✓ INFO      KPI SOS consolidado
2026-06-18 09:35:04  [etl.sos]           ✓ INFO      ETL SOS — completado
2026-06-18 09:35:05  [etl.sos]           ✓ INFO      Duración total: 564.2s
2026-06-18 09:35:05  [etl.orquestador]   ✓ INFO      ETL 'sos' terminó — ✓ OK en 564.2s
2026-06-18 09:35:06  [etl.exhib_pagadas]  ✓ INFO      [stdout] ✅ Mes activo: 153 gestores → NO_PRESENCIA_KPIS.xlsx
2026-06-18 09:35:06  [etl.precios]       ✓ INFO      [stdout] ✅ Mes activo: 153 gestores → NO_PRESENCIA_KPIS.xlsx
2026-06-18 09:35:06  [etl.exhib_pagadas]  ✓ INFO      [stdout] ✅ Histórico acumulado → NO_PRESENCIA_KPIS_HISTORICO.xlsx
2026-06-18 09:35:06  [etl.precios]       ✓ INFO      [stdout] ✅ Histórico acumulado → NO_PRESENCIA_KPIS_HISTORICO.xlsx
2026-06-18 09:35:06  [etl.nopresencia]   ✓ INFO      KPI no presencia consolidado
2026-06-18 09:35:06  [etl.nopresencia]   ✓ INFO      ETL No Presencia — completado
2026-06-18 09:35:07  [etl.nopresencia]   ✓ INFO      Duración total: 566.1s
2026-06-18 09:35:07  [etl.orquestador]   ✓ INFO      ETL 'nopresencia' terminó — ✓ OK en 566.1s
2026-06-18 09:36:27  [etl.exhib_pagadas]  ✓ INFO      [stdout] ✅ Paso 4 finalizado: IDs unificados (Ventas > Plan) y justificaciones procesadas.
2026-06-18 09:36:27  [etl.precios]       ✓ INFO      [stdout] ✅ Paso 4 finalizado: IDs unificados (Ventas > Plan) y justificaciones procesadas.
2026-06-18 09:36:27  [etl.sos]           ✓ INFO      [stdout] ✅ Paso 4 finalizado: IDs unificados (Ventas > Plan) y justificaciones procesadas.
2026-06-18 09:36:27  [etl.cif]           ✓ INFO      Paso 5 — Agrupación visitas (unificación gestores)
2026-06-18 09:36:27  [etl.exhib_pagadas]  · DEBUG     [stdout] ========================================
2026-06-18 09:36:27  [etl.precios]       · DEBUG     [stdout] ========================================
2026-06-18 09:36:27  [etl.sos]           · DEBUG     [stdout] ========================================
2026-06-18 09:36:27  [etl.exhib_pagadas]  · DEBUG     [stdout] INICIANDO PASO 5: CONSOLIDACIÓN (CORRECCIÓN DE ID FORMATO .0)
2026-06-18 09:36:27  [etl.precios]       · DEBUG     [stdout] INICIANDO PASO 5: CONSOLIDACIÓN (CORRECCIÓN DE ID FORMATO .0)
2026-06-18 09:36:27  [etl.sos]           · DEBUG     [stdout] INICIANDO PASO 5: CONSOLIDACIÓN (CORRECCIÓN DE ID FORMATO .0)
2026-06-18 09:36:27  [etl.exhib_pagadas]  · DEBUG     [stdout] ========================================
2026-06-18 09:36:27  [etl.precios]       · DEBUG     [stdout] ========================================
2026-06-18 09:36:27  [etl.sos]           · DEBUG     [stdout] ========================================
2026-06-18 09:36:27  [etl.exhib_pagadas]  ✓ INFO      [stdout] ✅ ¡Proceso Limpio! IDs corregidos y apoyos sumados al Gestor.
2026-06-18 09:36:27  [etl.precios]       ✓ INFO      [stdout] ✅ ¡Proceso Limpio! IDs corregidos y apoyos sumados al Gestor.
2026-06-18 09:36:27  [etl.sos]           ✓ INFO      [stdout] ✅ ¡Proceso Limpio! IDs corregidos y apoyos sumados al Gestor.
2026-06-18 09:36:27  [etl.cif]           ✓ INFO      Paso 6 — Generación de alertas de tiempos inconsistentes
2026-06-18 09:36:27  [etl.exhib_pagadas]  · DEBUG     [stdout] ========================================
2026-06-18 09:36:27  [etl.precios]       · DEBUG     [stdout] ========================================
2026-06-18 09:36:27  [etl.sos]           · DEBUG     [stdout] ========================================
2026-06-18 09:36:27  [etl.exhib_pagadas]  · DEBUG     [stdout] INICIANDO PASO 6: GENERACIÓN DE ALERTAS (RUTA CIF SALIDA)
2026-06-18 09:36:27  [etl.precios]       · DEBUG     [stdout] INICIANDO PASO 6: GENERACIÓN DE ALERTAS (RUTA CIF SALIDA)
2026-06-18 09:36:27  [etl.sos]           · DEBUG     [stdout] INICIANDO PASO 6: GENERACIÓN DE ALERTAS (RUTA CIF SALIDA)
2026-06-18 09:36:27  [etl.exhib_pagadas]  · DEBUG     [stdout] ========================================
2026-06-18 09:36:27  [etl.precios]       · DEBUG     [stdout] ========================================
2026-06-18 09:36:27  [etl.sos]           · DEBUG     [stdout] ========================================
2026-06-18 09:36:27  [etl.exhib_pagadas]  ⚠ WARNING   [stdout] ⚠️ AUDITORÍA: Se detectaron 26 registros con tiempos > 9h.
2026-06-18 09:36:27  [etl.precios]       ⚠ WARNING   [stdout] ⚠️ AUDITORÍA: Se detectaron 26 registros con tiempos > 9h.
2026-06-18 09:36:27  [etl.sos]           ⚠ WARNING   [stdout] ⚠️ AUDITORÍA: Se detectaron 26 registros con tiempos > 9h.
2026-06-18 09:36:27  [etl.exhib_pagadas]  · DEBUG     [stdout] 📁 Archivo de alertas generado en: C:\Users\Usuario\OneDrive - Universidad de los Andes\Escritorio\PROYECTO_EFICACIA\SALIDA\CIF\ALERTAS_TIEMPOS_INCONSISTENTES.csv
2026-06-18 09:36:27  [etl.precios]       · DEBUG     [stdout] 📁 Archivo de alertas generado en: C:\Users\Usuario\OneDrive - Universidad de los Andes\Escritorio\PROYECTO_EFICACIA\SALIDA\CIF\ALERTAS_TIEMPOS_INCONSISTENTES.csv
2026-06-18 09:36:27  [etl.sos]           · DEBUG     [stdout] 📁 Archivo de alertas generado en: C:\Users\Usuario\OneDrive - Universidad de los Andes\Escritorio\PROYECTO_EFICACIA\SALIDA\CIF\ALERTAS_TIEMPOS_INCONSISTENTES.csv
2026-06-18 09:36:27  [etl.exhib_pagadas]  · DEBUG     [stdout] ========================================
2026-06-18 09:36:27  [etl.precios]       · DEBUG     [stdout] ========================================
2026-06-18 09:36:27  [etl.sos]           · DEBUG     [stdout] ========================================
2026-06-18 09:36:27  [etl.cif]           ✓ INFO      Paso 7 — Resultado final Excel
2026-06-18 09:36:27  [etl.exhib_pagadas]  · DEBUG     [stdout] ========================================
2026-06-18 09:36:27  [etl.precios]       · DEBUG     [stdout] ========================================
2026-06-18 09:36:27  [etl.sos]           · DEBUG     [stdout] ========================================
2026-06-18 09:36:27  [etl.exhib_pagadas]  · DEBUG     [stdout] INICIANDO PASO 7: ESTRUCTURACIÓN FINAL  (Marzo_2026)
2026-06-18 09:36:27  [etl.precios]       · DEBUG     [stdout] INICIANDO PASO 7: ESTRUCTURACIÓN FINAL  (Marzo_2026)
2026-06-18 09:36:27  [etl.sos]           · DEBUG     [stdout] INICIANDO PASO 7: ESTRUCTURACIÓN FINAL  (Marzo_2026)
2026-06-18 09:36:27  [etl.exhib_pagadas]  · DEBUG     [stdout] ========================================
2026-06-18 09:36:27  [etl.precios]       · DEBUG     [stdout] ========================================
2026-06-18 09:36:27  [etl.sos]           · DEBUG     [stdout] ========================================
2026-06-18 09:36:27  [etl.exhib_pagadas]  · DEBUG     [stdout] 📅 Periodo confirmado: 03/2026
2026-06-18 09:36:27  [etl.precios]       · DEBUG     [stdout] 📅 Periodo confirmado: 03/2026
2026-06-18 09:36:27  [etl.sos]           · DEBUG     [stdout] 📅 Periodo confirmado: 03/2026
2026-06-18 09:36:28  [etl.exhib_pagadas]  · DEBUG     [stdout] 🔧 H4 fallback: 0 filas del plan rescatadas via CEDULA.
2026-06-18 09:36:28  [etl.precios]       · DEBUG     [stdout] 🔧 H4 fallback: 0 filas del plan rescatadas via CEDULA.
2026-06-18 09:36:28  [etl.sos]           · DEBUG     [stdout] 🔧 H4 fallback: 0 filas del plan rescatadas via CEDULA.
2026-06-18 09:36:30  [etl.exhib_pagadas]  ✓ INFO      [stdout] ✅ ¡LISTO! Excel generado para el periodo 3/2026.
2026-06-18 09:36:30  [etl.precios]       ✓ INFO      [stdout] ✅ ¡LISTO! Excel generado para el periodo 3/2026.
2026-06-18 09:36:30  [etl.sos]           ✓ INFO      [stdout] ✅ ¡LISTO! Excel generado para el periodo 3/2026.
2026-06-18 09:36:30  [etl.exhib_pagadas]  · DEBUG     [stdout] 📁 C:\Users\Usuario\OneDrive - Universidad de los Andes\Escritorio\PROYECTO_EFICACIA\SALIDA\CIF\CIF.xlsx
2026-06-18 09:36:30  [etl.precios]       · DEBUG     [stdout] 📁 C:\Users\Usuario\OneDrive - Universidad de los Andes\Escritorio\PROYECTO_EFICACIA\SALIDA\CIF\CIF.xlsx
2026-06-18 09:36:30  [etl.sos]           · DEBUG     [stdout] 📁 C:\Users\Usuario\OneDrive - Universidad de los Andes\Escritorio\PROYECTO_EFICACIA\SALIDA\CIF\CIF.xlsx
2026-06-18 09:36:30  [etl.exhib_pagadas]  · DEBUG     [stdout] 📁 C:\Users\Usuario\OneDrive - Universidad de los Andes\Escritorio\PROYECTO_EFICACIA\SALIDA\CIF\Plan de trabajo.xlsx  (alias legacy)
2026-06-18 09:36:30  [etl.precios]       · DEBUG     [stdout] 📁 C:\Users\Usuario\OneDrive - Universidad de los Andes\Escritorio\PROYECTO_EFICACIA\SALIDA\CIF\Plan de trabajo.xlsx  (alias legacy)
2026-06-18 09:36:30  [etl.sos]           · DEBUG     [stdout] 📁 C:\Users\Usuario\OneDrive - Universidad de los Andes\Escritorio\PROYECTO_EFICACIA\SALIDA\CIF\Plan de trabajo.xlsx  (alias legacy)
2026-06-18 09:36:30  [etl.exhib_pagadas]  · DEBUG     [stdout] ========================================
2026-06-18 09:36:30  [etl.precios]       · DEBUG     [stdout] ========================================
2026-06-18 09:36:30  [etl.sos]           · DEBUG     [stdout] ========================================
2026-06-18 09:36:30  [etl.cif]           ✓ INFO      Paso 8 — KPIs por gestor
2026-06-18 09:36:30  [etl.exhib_pagadas]  · DEBUG     [stdout] ========================================
2026-06-18 09:36:30  [etl.precios]       · DEBUG     [stdout] ========================================
2026-06-18 09:36:30  [etl.sos]           · DEBUG     [stdout] ========================================
2026-06-18 09:36:30  [etl.exhib_pagadas]  · DEBUG     [stdout] INICIANDO PASO 8: RESUMEN KPIS POR GESTOR (V3)  (Marzo_2026)
2026-06-18 09:36:30  [etl.precios]       · DEBUG     [stdout] INICIANDO PASO 8: RESUMEN KPIS POR GESTOR (V3)  (Marzo_2026)
2026-06-18 09:36:30  [etl.sos]           · DEBUG     [stdout] INICIANDO PASO 8: RESUMEN KPIS POR GESTOR (V3)  (Marzo_2026)
2026-06-18 09:36:30  [etl.exhib_pagadas]  · DEBUG     [stdout] ========================================
2026-06-18 09:36:30  [etl.precios]       · DEBUG     [stdout] ========================================
2026-06-18 09:36:30  [etl.sos]           · DEBUG     [stdout] ========================================
2026-06-18 09:36:30  [etl.exhib_pagadas]  · DEBUG     [stdout] Leyendo: C:\Users\Usuario\OneDrive - Universidad de los Andes\Escritorio\PROYECTO_EFICACIA\SALIDA\CIF\CIF.xlsx
2026-06-18 09:36:30  [etl.precios]       · DEBUG     [stdout] Leyendo: C:\Users\Usuario\OneDrive - Universidad de los Andes\Escritorio\PROYECTO_EFICACIA\SALIDA\CIF\CIF.xlsx
2026-06-18 09:36:30  [etl.sos]           · DEBUG     [stdout] Leyendo: C:\Users\Usuario\OneDrive - Universidad de los Andes\Escritorio\PROYECTO_EFICACIA\SALIDA\CIF\CIF.xlsx
2026-06-18 09:36:31  [etl.exhib_pagadas]  ✓ INFO      [stdout] ✅ Mes activo  (03/2026): 153 gestores → KPIS_CIF.xlsx
2026-06-18 09:36:31  [etl.precios]       ✓ INFO      [stdout] ✅ Mes activo  (03/2026): 153 gestores → KPIS_CIF.xlsx
2026-06-18 09:36:31  [etl.sos]           ✓ INFO      [stdout] ✅ Mes activo  (03/2026): 153 gestores → KPIS_CIF.xlsx
2026-06-18 09:36:32  [etl.exhib_pagadas]  ✓ INFO      [stdout] ✅ Histórico: 460 filas totales → KPIS_CIF_HISTORICO.xlsx
2026-06-18 09:36:32  [etl.precios]       ✓ INFO      [stdout] ✅ Histórico: 460 filas totales → KPIS_CIF_HISTORICO.xlsx
2026-06-18 09:36:32  [etl.sos]           ✓ INFO      [stdout] ✅ Histórico: 460 filas totales → KPIS_CIF_HISTORICO.xlsx
2026-06-18 09:36:32  [etl.exhib_pagadas]  · DEBUG     [stdout] ========================================
2026-06-18 09:36:32  [etl.precios]       · DEBUG     [stdout] ========================================
2026-06-18 09:36:32  [etl.sos]           · DEBUG     [stdout] ========================================
2026-06-18 09:36:32  [etl.cif]           ✓ INFO      ETL CIF — completado
2026-06-18 09:36:32  [etl.cif]           ✓ INFO      Duración total: 651.5s
2026-06-18 09:36:32  [etl.orquestador]   ✓ INFO      ETL 'cif' terminó — ✓ OK en 651.5s
2026-06-18 09:36:32  [etl.orquestador]   ✓ INFO      ════════════════════════════════════════════════════════
2026-06-18 09:36:32  [etl.orquestador]   ✓ INFO      REPORTE DE EJECUCIÓN
2026-06-18 09:36:32  [etl.orquestador]   ✓ INFO      ════════════════════════════════════════════════════════
2026-06-18 09:36:32  [etl.orquestador]   ✓ INFO        ETL                    Estado           Tiempo
2026-06-18 09:36:32  [etl.orquestador]   ✓ INFO        ────────────────────── ────────────── ────────
2026-06-18 09:36:32  [etl.orquestador]   ✓ INFO        cif                    ✓ OK             651.5s
2026-06-18 09:36:32  [etl.orquestador]   ✓ INFO        nopresencia            ✓ OK             566.1s
2026-06-18 09:36:32  [etl.orquestador]   ✓ INFO        precios                ✓ OK             137.4s
2026-06-18 09:36:32  [etl.orquestador]   ✓ INFO        sos                    ✓ OK             564.2s
2026-06-18 09:36:32  [etl.orquestador]   ✓ INFO        exhib_pagadas          ✓ OK              55.5s
2026-06-18 09:36:32  [etl.orquestador]   ✓ INFO        exhib_gratis           ✓ OK             534.1s
2026-06-18 09:36:32  [etl.orquestador]   ✓ INFO        ventas                 ✓ OK             187.6s
2026-06-18 09:36:32  [etl.orquestador]   ✓ INFO        impactos               ✓ OK              10.7s
2026-06-18 09:36:32  [etl.orquestador]   ✓ INFO        ────────────────────── ────────────── ────────
2026-06-18 09:36:32  [etl.orquestador]   ✓ INFO        shared_loader          ✓ OK               3.1s
2026-06-18 09:36:32  [etl.orquestador]   ✓ INFO        TOTAL (paralelo)                        654.7s
2026-06-18 09:36:32  [etl.orquestador]   ✓ INFO        Sin paralelismo (est.)                 2710.3s
2026-06-18 09:36:32  [etl.orquestador]   ✓ INFO        Ahorro estimado                        2055.6s
2026-06-18 09:36:32  [etl.orquestador]   ✓ INFO      ────────────────────────────────────────────────────────
2026-06-18 09:36:32  [etl.orquestador]   ✓ INFO      Eventos: 0 CRITICAL  |  0 ERROR  |  8 WARNING
2026-06-18 09:36:32  [etl.orquestador]   ✓ INFO      ························································
2026-06-18 09:36:32  [etl.orquestador]   ✓ INFO        WARNING (8)
2026-06-18 09:36:32  [etl.orquestador]   ✓ INFO      ························································
2026-06-18 09:36:32  [etl.orquestador]   ✓ INFO        09:25:40  [shared_loader]     [DIRECTO] Módulo 'precios': el filtro devolvió 0 filas (columna 'PRECIOS' sin valores = 1, o IDs sin coincidencia en el PT)
2026-06-18 09:36:32  [etl.orquestador]   ✓ INFO        09:34:45  [exhib_pagadas]     [stdout] ⚠️  No se pudo leer el reporte SOS previo (Reindexing only valid with uniquely valued Index objects); se sobrescribe.
2026-06-18 09:36:32  [etl.orquestador]   ✓ INFO        09:34:45  [precios]           [stdout] ⚠️  No se pudo leer el reporte SOS previo (Reindexing only valid with uniquely valued Index objects); se sobrescribe.
2026-06-18 09:36:32  [etl.orquestador]   ✓ INFO        09:34:45  [sos]               [stdout] ⚠️  No se pudo leer el reporte SOS previo (Reindexing only valid with uniquely valued Index objects); se sobrescribe.
2026-06-18 09:36:32  [etl.orquestador]   ✓ INFO        09:34:45  [nopresencia]       [stdout] ⚠️  No se pudo leer el reporte SOS previo (Reindexing only valid with uniquely valued Index objects); se sobrescribe.
2026-06-18 09:36:32  [etl.orquestador]   ✓ INFO        09:36:27  [exhib_pagadas]     [stdout] ⚠️ AUDITORÍA: Se detectaron 26 registros con tiempos > 9h.
2026-06-18 09:36:32  [etl.orquestador]   ✓ INFO        09:36:27  [precios]           [stdout] ⚠️ AUDITORÍA: Se detectaron 26 registros con tiempos > 9h.
2026-06-18 09:36:32  [etl.orquestador]   ✓ INFO        09:36:27  [sos]               [stdout] ⚠️ AUDITORÍA: Se detectaron 26 registros con tiempos > 9h.
2026-06-18 09:36:32  [etl.orquestador]   ✓ INFO      ════════════════════════════════════════════════════════
2026-06-18 09:36:32  [etl.orquestador]   ✓ INFO      Log completo guardado en: C:\Users\Usuario\OneDrive - Universidad de los Andes\Escritorio\PROYECTO_EFICACIA\SCRIPTS\logs\ejecucion_202603_a_202605_20260618_092537.log
2026-06-18 09:36:32  [etl.orquestador]   ✓ INFO      Fin: 2026-06-18 09:36:32
2026-06-18 09:36:32  [etl.orquestador]   ✓ INFO      ════════════════════════════════════════════════════════
2026-06-18 09:36:32  [etl.orquestador]   ✓ INFO      
2026-06-18 09:36:32  [etl.orquestador]   ✓ INFO      ▶ PERIODO 2/3: Abril_2026
2026-06-18 09:36:32  [etl.orquestador]   ✓ INFO      ════════════════════════════════════════════════════════
2026-06-18 09:36:32  [etl.orquestador]   ✓ INFO      ORQUESTADOR ETLs — Eficacia
2026-06-18 09:36:32  [etl.orquestador]   ✓ INFO      Inicio: 2026-06-18 09:36:32
2026-06-18 09:36:32  [etl.orquestador]   ✓ INFO      Run ID: 20260618T092537_23a522
2026-06-18 09:36:32  [etl.orquestador]   ✓ INFO      Periodo: Abril_2026 (04/2026)
2026-06-18 09:36:32  [etl.orquestador]   ✓ INFO      ETLs seleccionados: ['cif', 'nopresencia', 'precios', 'sos', 'exhib_pagadas', 'exhib_gratis', 'ventas', 'impactos']
2026-06-18 09:36:32  [etl.orquestador]   ✓ INFO      Workers paralelos: 6
2026-06-18 09:36:32  [etl.orquestador]   ✓ INFO      Skip si cached: False
2026-06-18 09:36:32  [etl.orquestador]   ✓ INFO      ════════════════════════════════════════════════════════
2026-06-18 09:36:32  [etl.shared_loader]  ✓ INFO      PT Directo detectado: Plan de trabajo Directo Abril 2026.xlsx
2026-06-18 09:36:32  [etl.shared_loader]  ✓ INFO      PT ISM detectado: Plan de trabajo ISM Abril 2026.xlsx
2026-06-18 09:36:32  [etl.shared_loader]  ✓ INFO      ━━━━━━━━━━━━━━━━━━━━━━━━━━━━━━━━━━━━━━━━━━━━━━━━━━
2026-06-18 09:36:32  [etl.shared_loader]  ✓ INFO      Iniciando carga compartida del Plan de Trabajo
2026-06-18 09:36:32  [etl.shared_loader]  ✓ INFO      ━━━━━━━━━━━━━━━━━━━━━━━━━━━━━━━━━━━━━━━━━━━━━━━━━━
2026-06-18 09:36:34  [etl.shared_loader]  ✓ INFO      [DIRECTO] 8,764 filas PT  |  3,319 filas módulos cargadas
2026-06-18 09:36:35  [etl.shared_loader]  ✓ INFO      [ISM] 2,606 filas PT  |  872 filas módulos cargadas
2026-06-18 09:36:35  [etl.shared_loader]  ✓ INFO      PT consolidado: 11,370 filas totales
2026-06-18 09:36:35  [etl.shared_loader]  ✓ INFO      Periodo forzado por el caller: Mes 4 | Año 2026
2026-06-18 09:36:35  [etl.shared_loader]  ✓ INFO      Aplicando filtros por módulo
2026-06-18 09:36:35  [etl.shared_loader]  ✓ INFO      [DIRECTO] Módulo 'no_presencia': 5,192 filas retenidas
2026-06-18 09:36:35  [etl.shared_loader]  ✓ INFO      [ISM] Módulo 'no_presencia': 1,044 filas retenidas
2026-06-18 09:36:35  [etl.shared_loader]  ⚠ WARNING   [DIRECTO] Módulo 'precios': el filtro devolvió 0 filas (columna 'PRECIOS' sin valores = 1, o IDs sin coincidencia en el PT)
2026-06-18 09:36:35  [etl.shared_loader]  ✓ INFO      [ISM] Módulo 'precios': 810 filas retenidas
2026-06-18 09:36:35  [etl.shared_loader]  ✓ INFO      [DIRECTO] Módulo 'sos': 3,175 filas retenidas
2026-06-18 09:36:35  [etl.shared_loader]  ✓ INFO      [ISM] Módulo 'sos': 750 filas retenidas
2026-06-18 09:36:35  [etl.shared_loader]  ✓ INFO      Carga compartida completada
2026-06-18 09:36:35  [etl.orquestador]   ✓ INFO      shared_loader completado en 3.1s
2026-06-18 09:36:35  [etl.orquestador]   ✓ INFO      ────────────────────────────────────────────────────────
2026-06-18 09:36:35  [etl.orquestador]   ✓ INFO      FASE 1 — Lanzando 8 ETLs en paralelo (0 skipped)
2026-06-18 09:36:35  [etl.orquestador]   ✓ INFO      ────────────────────────────────────────────────────────
2026-06-18 09:36:35  [etl.exhib_pagadas]  ✓ INFO      ────────────────────────────────────────────────────────
2026-06-18 09:36:35  [etl.exhib_pagadas]  ✓ INFO      ETL Exhibiciones Pagadas — iniciando
2026-06-18 09:36:35  [etl.exhib_pagadas]  · DEBUG     [stdout] 🚀 Iniciando auditoría exhibiciones pagadas  (Abril_2026)...
2026-06-18 09:36:35  [etl.precios]       · DEBUG     [stdout] 🚀 Iniciando auditoría exhibiciones pagadas  (Abril_2026)...
2026-06-18 09:36:35  [etl.sos]           · DEBUG     [stdout] 🚀 Iniciando auditoría exhibiciones pagadas  (Abril_2026)...
2026-06-18 09:36:35  [etl.nopresencia]   · DEBUG     [stdout] 🚀 Iniciando auditoría exhibiciones pagadas  (Abril_2026)...
2026-06-18 09:36:35  [etl.exhib_gratis]  · DEBUG     [stdout] 🚀 Iniciando auditoría exhibiciones pagadas  (Abril_2026)...
2026-06-18 09:36:35  [etl.exhib_pagadas]  · DEBUG     [stdout] 🚀 Iniciando auditoría exhibiciones pagadas  (Abril_2026)...
2026-06-18 09:36:35  [etl.precios]       ✓ INFO      ────────────────────────────────────────────────────────
2026-06-18 09:36:35  [etl.precios]       ✓ INFO      ETL Precios — iniciando
2026-06-18 09:36:36  [etl.nopresencia]   ✓ INFO      ────────────────────────────────────────────────────────
2026-06-18 09:36:36  [etl.nopresencia]   ✓ INFO      ETL No Presencia — iniciando
2026-06-18 09:36:36  [etl.sos]           ✓ INFO      ────────────────────────────────────────────────────────
2026-06-18 09:36:36  [etl.sos]           ✓ INFO      ETL SOS — iniciando
2026-06-18 09:36:38  [etl.precios]       ✓ INFO      PT filtrado persistido: 173 PDVs únicos — periodo ABRIL_2026
2026-06-18 09:36:38  [etl.exhib_pagadas]  · DEBUG     [stdout] --- PASO 2: Cruzando Capturas por Categorías (ABRIL_2026) ---
2026-06-18 09:36:38  [etl.precios]       · DEBUG     [stdout] --- PASO 2: Cruzando Capturas por Categorías (ABRIL_2026) ---
2026-06-18 09:36:38  [etl.sos]           · DEBUG     [stdout] --- PASO 2: Cruzando Capturas por Categorías (ABRIL_2026) ---
2026-06-18 09:36:38  [etl.nopresencia]   · DEBUG     [stdout] --- PASO 2: Cruzando Capturas por Categorías (ABRIL_2026) ---
2026-06-18 09:36:38  [etl.exhib_gratis]  · DEBUG     [stdout] --- PASO 2: Cruzando Capturas por Categorías (ABRIL_2026) ---
2026-06-18 09:36:38  [etl.exhib_pagadas]  · DEBUG     [stdout] --- PASO 2: Cruzando Capturas por Categorías (ABRIL_2026) ---
2026-06-18 09:36:38  [etl.precios]       · DEBUG     [stdout] --- PASO 2: Cruzando Capturas por Categorías (ABRIL_2026) ---
2026-06-18 09:36:38  [etl.nopresencia]   · DEBUG     [stdout] --- PASO 2: Cruzando Capturas por Categorías (ABRIL_2026) ---
2026-06-18 09:36:38  [etl.sos]           · DEBUG     [stdout] --- PASO 2: Cruzando Capturas por Categorías (ABRIL_2026) ---
2026-06-18 09:36:38  [etl.exhib_pagadas]  · DEBUG     [stdout] Encuestas: Respuestas Precios Abril 2026.xlsx
2026-06-18 09:36:38  [etl.precios]       · DEBUG     [stdout] Encuestas: Respuestas Precios Abril 2026.xlsx
2026-06-18 09:36:38  [etl.sos]           · DEBUG     [stdout] Encuestas: Respuestas Precios Abril 2026.xlsx
2026-06-18 09:36:38  [etl.nopresencia]   · DEBUG     [stdout] Encuestas: Respuestas Precios Abril 2026.xlsx
2026-06-18 09:36:38  [etl.exhib_gratis]  · DEBUG     [stdout] Encuestas: Respuestas Precios Abril 2026.xlsx
2026-06-18 09:36:38  [etl.exhib_pagadas]  · DEBUG     [stdout] Encuestas: Respuestas Precios Abril 2026.xlsx
2026-06-18 09:36:38  [etl.precios]       · DEBUG     [stdout] Encuestas: Respuestas Precios Abril 2026.xlsx
2026-06-18 09:36:38  [etl.nopresencia]   · DEBUG     [stdout] Encuestas: Respuestas Precios Abril 2026.xlsx
2026-06-18 09:36:38  [etl.sos]           · DEBUG     [stdout] Encuestas: Respuestas Precios Abril 2026.xlsx
2026-06-18 09:36:38  [etl.cif]           ✓ INFO      ────────────────────────────────────────────────────────
2026-06-18 09:36:38  [etl.cif]           ✓ INFO      ETL CIF — iniciando
2026-06-18 09:36:38  [etl.cif]           ✓ INFO      Paso 1 — PT consolidado: 11,370 filas
2026-06-18 09:36:38  [etl.cif]           ✓ INFO      Paso 2 — Agrupación SQL
2026-06-18 09:36:38  [etl.exhib_pagadas]  · DEBUG     [stdout] ========================================
2026-06-18 09:36:38  [etl.precios]       · DEBUG     [stdout] ========================================
2026-06-18 09:36:38  [etl.sos]           · DEBUG     [stdout] ========================================
2026-06-18 09:36:38  [etl.nopresencia]   · DEBUG     [stdout] ========================================
2026-06-18 09:36:38  [etl.exhib_gratis]  · DEBUG     [stdout] ========================================
2026-06-18 09:36:38  [etl.exhib_pagadas]  · DEBUG     [stdout] ========================================
2026-06-18 09:36:38  [etl.precios]       · DEBUG     [stdout] ========================================
2026-06-18 09:36:38  [etl.nopresencia]   · DEBUG     [stdout] ========================================
2026-06-18 09:36:38  [etl.sos]           · DEBUG     [stdout] ========================================
2026-06-18 09:36:38  [etl.cif]           · DEBUG     [stdout] ========================================
2026-06-18 09:36:38  [etl.exhib_pagadas]  · DEBUG     [stdout] INICIANDO PASO 2: AGRUPACIÓN SQL
2026-06-18 09:36:38  [etl.precios]       · DEBUG     [stdout] INICIANDO PASO 2: AGRUPACIÓN SQL
2026-06-18 09:36:38  [etl.sos]           · DEBUG     [stdout] INICIANDO PASO 2: AGRUPACIÓN SQL
2026-06-18 09:36:38  [etl.nopresencia]   · DEBUG     [stdout] INICIANDO PASO 2: AGRUPACIÓN SQL
2026-06-18 09:36:38  [etl.exhib_gratis]  · DEBUG     [stdout] INICIANDO PASO 2: AGRUPACIÓN SQL
2026-06-18 09:36:38  [etl.exhib_pagadas]  · DEBUG     [stdout] INICIANDO PASO 2: AGRUPACIÓN SQL
2026-06-18 09:36:38  [etl.precios]       · DEBUG     [stdout] INICIANDO PASO 2: AGRUPACIÓN SQL
2026-06-18 09:36:38  [etl.nopresencia]   · DEBUG     [stdout] INICIANDO PASO 2: AGRUPACIÓN SQL
2026-06-18 09:36:38  [etl.sos]           · DEBUG     [stdout] INICIANDO PASO 2: AGRUPACIÓN SQL
2026-06-18 09:36:38  [etl.cif]           · DEBUG     [stdout] INICIANDO PASO 2: AGRUPACIÓN SQL
2026-06-18 09:36:38  [etl.exhib_pagadas]  · DEBUG     [stdout] ========================================
2026-06-18 09:36:38  [etl.precios]       · DEBUG     [stdout] ========================================
2026-06-18 09:36:38  [etl.sos]           · DEBUG     [stdout] ========================================
2026-06-18 09:36:38  [etl.nopresencia]   · DEBUG     [stdout] ========================================
2026-06-18 09:36:38  [etl.exhib_gratis]  · DEBUG     [stdout] ========================================
2026-06-18 09:36:38  [etl.exhib_pagadas]  · DEBUG     [stdout] ========================================
2026-06-18 09:36:38  [etl.precios]       · DEBUG     [stdout] ========================================
2026-06-18 09:36:38  [etl.nopresencia]   · DEBUG     [stdout] ========================================
2026-06-18 09:36:38  [etl.sos]           · DEBUG     [stdout] ========================================
2026-06-18 09:36:38  [etl.cif]           · DEBUG     [stdout] ========================================
2026-06-18 09:36:39  [etl.sos]           ✓ INFO      PT filtrado persistido: 497 PDVs únicos
2026-06-18 09:36:39  [etl.sos]           ✓ INFO      6 archivo(s) de encuesta SOS encontrado(s)
2026-06-18 09:36:39  [etl.exhib_pagadas]  · DEBUG     [stdout] --- PASO 2: Consolidando Encuestas SOS  (Abril_2026) ---
2026-06-18 09:36:39  [etl.precios]       · DEBUG     [stdout] --- PASO 2: Consolidando Encuestas SOS  (Abril_2026) ---
2026-06-18 09:36:39  [etl.sos]           · DEBUG     [stdout] --- PASO 2: Consolidando Encuestas SOS  (Abril_2026) ---
2026-06-18 09:36:39  [etl.nopresencia]   · DEBUG     [stdout] --- PASO 2: Consolidando Encuestas SOS  (Abril_2026) ---
2026-06-18 09:36:39  [etl.exhib_gratis]  · DEBUG     [stdout] --- PASO 2: Consolidando Encuestas SOS  (Abril_2026) ---
2026-06-18 09:36:39  [etl.exhib_pagadas]  · DEBUG     [stdout] --- PASO 2: Consolidando Encuestas SOS  (Abril_2026) ---
2026-06-18 09:36:39  [etl.precios]       · DEBUG     [stdout] --- PASO 2: Consolidando Encuestas SOS  (Abril_2026) ---
2026-06-18 09:36:39  [etl.nopresencia]   · DEBUG     [stdout] --- PASO 2: Consolidando Encuestas SOS  (Abril_2026) ---
2026-06-18 09:36:39  [etl.sos]           · DEBUG     [stdout] --- PASO 2: Consolidando Encuestas SOS  (Abril_2026) ---
2026-06-18 09:36:39  [etl.cif]           · DEBUG     [stdout] --- PASO 2: Consolidando Encuestas SOS  (Abril_2026) ---
2026-06-18 09:36:39  [etl.exhib_gratis]  ✓ INFO      ────────────────────────────────────────────────────────
2026-06-18 09:36:39  [etl.exhib_pagadas]  ✓ INFO      [stdout] ✓ Respuestas SOS Abril 2026.xlsx
2026-06-18 09:36:39  [etl.exhib_gratis]  ✓ INFO      ETL Exhibiciones Gratis — iniciando
2026-06-18 09:36:39  [etl.precios]       ✓ INFO      [stdout] ✓ Respuestas SOS Abril 2026.xlsx
2026-06-18 09:36:39  [etl.exhib_pagadas]  · DEBUG     [stdout] ── Resolviendo archivos fuente (Abril_2026) ─
2026-06-18 09:36:39  [etl.sos]           ✓ INFO      [stdout] ✓ Respuestas SOS Abril 2026.xlsx── Resolviendo archivos fuente (Abril_2026) ─
2026-06-18 09:36:39  [etl.precios]       · DEBUG     [stdout] ── Resolviendo archivos fuente (Abril_2026) ─
2026-06-18 09:36:39  [etl.nopresencia]   ✓ INFO      [stdout] ✓ Respuestas SOS Abril 2026.xlsx── Resolviendo archivos fuente (Abril_2026) ─
2026-06-18 09:36:39  [etl.exhib_pagadas]  ✓ INFO      [stdout] ✓ Respuestas SOS Abril 2026.xlsx── Resolviendo archivos fuente (Abril_2026) ─
2026-06-18 09:36:39  [etl.precios]       ✓ INFO      [stdout] ✓ Respuestas SOS Abril 2026.xlsx── Resolviendo archivos fuente (Abril_2026) ─
2026-06-18 09:36:39  [etl.nopresencia]   ✓ INFO      [stdout] ✓ Respuestas SOS Abril 2026.xlsx── Resolviendo archivos fuente (Abril_2026) ─
2026-06-18 09:36:39  [etl.sos]           ✓ INFO      [stdout] ✓ Respuestas SOS Abril 2026.xlsx── Resolviendo archivos fuente (Abril_2026) ─
2026-06-18 09:36:39  [etl.exhib_gratis]  ✓ INFO      [stdout] ✓ Respuestas SOS Abril 2026.xlsx── Resolviendo archivos fuente (Abril_2026) ─
2026-06-18 09:36:39  [etl.cif]           ✓ INFO      [stdout] ✓ Respuestas SOS Abril 2026.xlsx── Resolviendo archivos fuente (Abril_2026) ─
2026-06-18 09:36:39  [etl.exhib_gratis]  ✓ INFO      [stdout] ✓ Respuestas SOS Abril 2026.xlsx── Resolviendo archivos fuente (Abril_2026) ─
2026-06-18 09:36:39  [etl.exhib_pagadas]  ✓ INFO      [stdout] ✓ Respuestas SOS Baby Abril 2026.xlsx
2026-06-18 09:36:39  [etl.precios]       ✓ INFO      [stdout] ✓ Respuestas SOS Baby Abril 2026.xlsx
2026-06-18 09:36:39  [etl.sos]           ✓ INFO      [stdout] ✓ Respuestas SOS Baby Abril 2026.xlsx
2026-06-18 09:36:39  [etl.nopresencia]   ✓ INFO      [stdout] ✓ Respuestas SOS Baby Abril 2026.xlsx
2026-06-18 09:36:39  [etl.exhib_gratis]  ✓ INFO      [stdout] ✓ Respuestas SOS Baby Abril 2026.xlsx
2026-06-18 09:36:39  [etl.exhib_pagadas]  ✓ INFO      [stdout] ✓ Respuestas SOS Baby Abril 2026.xlsx
2026-06-18 09:36:39  [etl.precios]       ✓ INFO      [stdout] ✓ Respuestas SOS Baby Abril 2026.xlsx
2026-06-18 09:36:39  [etl.nopresencia]   ✓ INFO      [stdout] ✓ Respuestas SOS Baby Abril 2026.xlsx
2026-06-18 09:36:39  [etl.exhib_pagadas]  · DEBUG     [stdout] [informar] 1 archivo(s):
2026-06-18 09:36:40  [etl.sos]           ✓ INFO      [stdout] ✓ Respuestas SOS Baby Abril 2026.xlsx  [informar] 1 archivo(s):
2026-06-18 09:36:40  [etl.precios]       · DEBUG     [stdout] [informar] 1 archivo(s):
2026-06-18 09:36:40  [etl.cif]           ✓ INFO      [stdout] ✓ Respuestas SOS Baby Abril 2026.xlsx  [informar] 1 archivo(s):
2026-06-18 09:36:40  [etl.sos]           · DEBUG     [stdout] [informar] 1 archivo(s):
2026-06-18 09:36:40  [etl.exhib_gratis]  ✓ INFO      [stdout] ✓ Respuestas SOS Baby Abril 2026.xlsx  [informar] 1 archivo(s):
2026-06-18 09:36:40  [etl.nopresencia]   · DEBUG     [stdout] [informar] 1 archivo(s):
2026-06-18 09:36:40  [etl.exhib_gratis]  · DEBUG     [stdout] [informar] 1 archivo(s):
2026-06-18 09:36:40  [etl.exhib_pagadas]  · DEBUG     [stdout] [informar] 1 archivo(s):
2026-06-18 09:36:40  [etl.precios]       · DEBUG     [stdout] [informar] 1 archivo(s):
2026-06-18 09:36:40  [etl.nopresencia]   · DEBUG     [stdout] [informar] 1 archivo(s):
2026-06-18 09:36:40  [etl.exhib_pagadas]  · DEBUG     [stdout] - Base Exhibiciones Informar Abril 2026.xlsx
2026-06-18 09:36:40  [etl.precios]       · DEBUG     [stdout] - Base Exhibiciones Informar Abril 2026.xlsx
2026-06-18 09:36:40  [etl.sos]           · DEBUG     [stdout] - Base Exhibiciones Informar Abril 2026.xlsx
2026-06-18 09:36:40  [etl.nopresencia]   · DEBUG     [stdout] - Base Exhibiciones Informar Abril 2026.xlsx
2026-06-18 09:36:40  [etl.exhib_gratis]  · DEBUG     [stdout] - Base Exhibiciones Informar Abril 2026.xlsx
2026-06-18 09:36:40  [etl.exhib_pagadas]  · DEBUG     [stdout] - Base Exhibiciones Informar Abril 2026.xlsx
2026-06-18 09:36:40  [etl.precios]       · DEBUG     [stdout] - Base Exhibiciones Informar Abril 2026.xlsx
2026-06-18 09:36:40  [etl.nopresencia]   · DEBUG     [stdout] - Base Exhibiciones Informar Abril 2026.xlsx
2026-06-18 09:36:40  [etl.sos]           · DEBUG     [stdout] - Base Exhibiciones Informar Abril 2026.xlsx
2026-06-18 09:36:40  [etl.cif]           · DEBUG     [stdout] - Base Exhibiciones Informar Abril 2026.xlsx
2026-06-18 09:36:40  [etl.exhib_gratis]  · DEBUG     [stdout] - Base Exhibiciones Informar Abril 2026.xlsx
2026-06-18 09:36:40  [etl.exhib_pagadas]  · DEBUG     [stdout] [planning] 1 archivo(s):
2026-06-18 09:36:40  [etl.precios]       · DEBUG     [stdout] [planning] 1 archivo(s):
2026-06-18 09:36:40  [etl.sos]           · DEBUG     [stdout] [planning] 1 archivo(s):
2026-06-18 09:36:40  [etl.nopresencia]   · DEBUG     [stdout] [planning] 1 archivo(s):
2026-06-18 09:36:40  [etl.exhib_gratis]  · DEBUG     [stdout] [planning] 1 archivo(s):
2026-06-18 09:36:40  [etl.exhib_pagadas]  · DEBUG     [stdout] [planning] 1 archivo(s):
2026-06-18 09:36:40  [etl.precios]       · DEBUG     [stdout] [planning] 1 archivo(s):
2026-06-18 09:36:40  [etl.nopresencia]   · DEBUG     [stdout] [planning] 1 archivo(s):
2026-06-18 09:36:40  [etl.sos]           · DEBUG     [stdout] [planning] 1 archivo(s):
2026-06-18 09:36:40  [etl.cif]           · DEBUG     [stdout] [planning] 1 archivo(s):
2026-06-18 09:36:40  [etl.exhib_gratis]  · DEBUG     [stdout] [planning] 1 archivo(s):
2026-06-18 09:36:40  [etl.exhib_pagadas]  · DEBUG     [stdout] - Base Exhibiciones Planning Abril 2026.xlsx
2026-06-18 09:36:40  [etl.precios]       · DEBUG     [stdout] - Base Exhibiciones Planning Abril 2026.xlsx
2026-06-18 09:36:40  [etl.sos]           · DEBUG     [stdout] - Base Exhibiciones Planning Abril 2026.xlsx
2026-06-18 09:36:40  [etl.nopresencia]   · DEBUG     [stdout] - Base Exhibiciones Planning Abril 2026.xlsx
2026-06-18 09:36:40  [etl.exhib_gratis]  · DEBUG     [stdout] - Base Exhibiciones Planning Abril 2026.xlsx
2026-06-18 09:36:40  [etl.exhib_pagadas]  · DEBUG     [stdout] - Base Exhibiciones Planning Abril 2026.xlsx
2026-06-18 09:36:40  [etl.precios]       · DEBUG     [stdout] - Base Exhibiciones Planning Abril 2026.xlsx
2026-06-18 09:36:40  [etl.nopresencia]   · DEBUG     [stdout] - Base Exhibiciones Planning Abril 2026.xlsx
2026-06-18 09:36:40  [etl.sos]           · DEBUG     [stdout] - Base Exhibiciones Planning Abril 2026.xlsx
2026-06-18 09:36:40  [etl.cif]           · DEBUG     [stdout] - Base Exhibiciones Planning Abril 2026.xlsx
2026-06-18 09:36:40  [etl.exhib_gratis]  · DEBUG     [stdout] - Base Exhibiciones Planning Abril 2026.xlsx
2026-06-18 09:36:40  [etl.exhib_pagadas]  · DEBUG     [stdout] [visitas] 1 archivo(s):
2026-06-18 09:36:40  [etl.precios]       · DEBUG     [stdout] [visitas] 1 archivo(s):
2026-06-18 09:36:40  [etl.sos]           · DEBUG     [stdout] [visitas] 1 archivo(s):
2026-06-18 09:36:40  [etl.nopresencia]   · DEBUG     [stdout] [visitas] 1 archivo(s):
2026-06-18 09:36:40  [etl.exhib_gratis]  · DEBUG     [stdout] [visitas] 1 archivo(s):
2026-06-18 09:36:40  [etl.exhib_pagadas]  · DEBUG     [stdout] [visitas] 1 archivo(s):
2026-06-18 09:36:40  [etl.precios]       · DEBUG     [stdout] [visitas] 1 archivo(s):
2026-06-18 09:36:40  [etl.nopresencia]   · DEBUG     [stdout] [visitas] 1 archivo(s):
2026-06-18 09:36:40  [etl.sos]           · DEBUG     [stdout] [visitas] 1 archivo(s):
2026-06-18 09:36:40  [etl.cif]           · DEBUG     [stdout] [visitas] 1 archivo(s):
2026-06-18 09:36:40  [etl.exhib_gratis]  · DEBUG     [stdout] [visitas] 1 archivo(s):
2026-06-18 09:36:40  [etl.exhib_pagadas]  · DEBUG     [stdout] - informe-gerencial-visitas_202604.xlsx
2026-06-18 09:36:40  [etl.precios]       · DEBUG     [stdout] - informe-gerencial-visitas_202604.xlsx
2026-06-18 09:36:40  [etl.sos]           · DEBUG     [stdout] - informe-gerencial-visitas_202604.xlsx
2026-06-18 09:36:40  [etl.nopresencia]   · DEBUG     [stdout] - informe-gerencial-visitas_202604.xlsx
2026-06-18 09:36:40  [etl.exhib_gratis]  · DEBUG     [stdout] - informe-gerencial-visitas_202604.xlsx
2026-06-18 09:36:40  [etl.exhib_pagadas]  · DEBUG     [stdout] - informe-gerencial-visitas_202604.xlsx
2026-06-18 09:36:40  [etl.precios]       · DEBUG     [stdout] - informe-gerencial-visitas_202604.xlsx
2026-06-18 09:36:40  [etl.nopresencia]   · DEBUG     [stdout] - informe-gerencial-visitas_202604.xlsx
2026-06-18 09:36:40  [etl.sos]           · DEBUG     [stdout] - informe-gerencial-visitas_202604.xlsx
2026-06-18 09:36:40  [etl.cif]           · DEBUG     [stdout] - informe-gerencial-visitas_202604.xlsx
2026-06-18 09:36:40  [etl.exhib_gratis]  · DEBUG     [stdout] - informe-gerencial-visitas_202604.xlsx
2026-06-18 09:36:40  [etl.exhib_pagadas]  · DEBUG     [stdout] [plan_trabajo] 1 archivo(s):
2026-06-18 09:36:40  [etl.precios]       · DEBUG     [stdout] [plan_trabajo] 1 archivo(s):
2026-06-18 09:36:40  [etl.sos]           · DEBUG     [stdout] [plan_trabajo] 1 archivo(s):
2026-06-18 09:36:40  [etl.nopresencia]   · DEBUG     [stdout] [plan_trabajo] 1 archivo(s):
2026-06-18 09:36:40  [etl.exhib_gratis]  · DEBUG     [stdout] [plan_trabajo] 1 archivo(s):
2026-06-18 09:36:40  [etl.exhib_pagadas]  · DEBUG     [stdout] [plan_trabajo] 1 archivo(s):
2026-06-18 09:36:40  [etl.precios]       · DEBUG     [stdout] [plan_trabajo] 1 archivo(s):
2026-06-18 09:36:40  [etl.nopresencia]   · DEBUG     [stdout] [plan_trabajo] 1 archivo(s):
2026-06-18 09:36:40  [etl.sos]           · DEBUG     [stdout] [plan_trabajo] 1 archivo(s):
2026-06-18 09:36:40  [etl.cif]           · DEBUG     [stdout] [plan_trabajo] 1 archivo(s):
2026-06-18 09:36:40  [etl.exhib_gratis]  · DEBUG     [stdout] [plan_trabajo] 1 archivo(s):
2026-06-18 09:36:40  [etl.exhib_pagadas]  · DEBUG     [stdout] - Plan de trabajo.xlsx
2026-06-18 09:36:40  [etl.precios]       · DEBUG     [stdout] - Plan de trabajo.xlsx
2026-06-18 09:36:40  [etl.sos]           · DEBUG     [stdout] - Plan de trabajo.xlsx
2026-06-18 09:36:40  [etl.nopresencia]   · DEBUG     [stdout] - Plan de trabajo.xlsx
2026-06-18 09:36:40  [etl.exhib_gratis]  · DEBUG     [stdout] - Plan de trabajo.xlsx
2026-06-18 09:36:40  [etl.exhib_pagadas]  · DEBUG     [stdout] - Plan de trabajo.xlsx
2026-06-18 09:36:40  [etl.precios]       · DEBUG     [stdout] - Plan de trabajo.xlsx
2026-06-18 09:36:40  [etl.nopresencia]   · DEBUG     [stdout] - Plan de trabajo.xlsx
2026-06-18 09:36:40  [etl.sos]           · DEBUG     [stdout] - Plan de trabajo.xlsx
2026-06-18 09:36:40  [etl.cif]           · DEBUG     [stdout] - Plan de trabajo.xlsx
2026-06-18 09:36:40  [etl.exhib_gratis]  · DEBUG     [stdout] - Plan de trabajo.xlsx
2026-06-18 09:36:40  [etl.exhib_pagadas]  · DEBUG     [stdout] ── Cargando archivos fuente ─────────────────────
2026-06-18 09:36:40  [etl.precios]       · DEBUG     [stdout] ── Cargando archivos fuente ─────────────────────
2026-06-18 09:36:40  [etl.sos]           · DEBUG     [stdout] ── Cargando archivos fuente ─────────────────────
2026-06-18 09:36:40  [etl.nopresencia]   · DEBUG     [stdout] ── Cargando archivos fuente ─────────────────────
2026-06-18 09:36:40  [etl.exhib_gratis]  · DEBUG     [stdout] ── Cargando archivos fuente ─────────────────────
2026-06-18 09:36:40  [etl.exhib_pagadas]  · DEBUG     [stdout] ── Cargando archivos fuente ─────────────────────
2026-06-18 09:36:40  [etl.precios]       · DEBUG     [stdout] ── Cargando archivos fuente ─────────────────────
2026-06-18 09:36:40  [etl.nopresencia]   · DEBUG     [stdout] ── Cargando archivos fuente ─────────────────────
2026-06-18 09:36:40  [etl.sos]           · DEBUG     [stdout] ── Cargando archivos fuente ─────────────────────
2026-06-18 09:36:40  [etl.cif]           · DEBUG     [stdout] ── Cargando archivos fuente ─────────────────────
2026-06-18 09:36:40  [etl.exhib_gratis]  · DEBUG     [stdout] ── Cargando archivos fuente ─────────────────────
2026-06-18 09:36:56  [etl.nopresencia]   ✓ INFO      PT filtrado persistido: 6,236 filas — periodo ABRIL_2026
2026-06-18 09:36:56  [etl.exhib_pagadas]  · DEBUG     [stdout] --- INICIANDO: Bloque No Presencia (Encuestas) ---
2026-06-18 09:36:56  [etl.precios]       · DEBUG     [stdout] --- INICIANDO: Bloque No Presencia (Encuestas) ---
2026-06-18 09:36:56  [etl.sos]           · DEBUG     [stdout] --- INICIANDO: Bloque No Presencia (Encuestas) ---
2026-06-18 09:36:56  [etl.nopresencia]   · DEBUG     [stdout] --- INICIANDO: Bloque No Presencia (Encuestas) ---
2026-06-18 09:36:56  [etl.exhib_gratis]  · DEBUG     [stdout] --- INICIANDO: Bloque No Presencia (Encuestas) ---
2026-06-18 09:36:56  [etl.exhib_pagadas]  · DEBUG     [stdout] --- INICIANDO: Bloque No Presencia (Encuestas) ---
2026-06-18 09:36:56  [etl.precios]       · DEBUG     [stdout] --- INICIANDO: Bloque No Presencia (Encuestas) ---
2026-06-18 09:36:56  [etl.nopresencia]   · DEBUG     [stdout] --- INICIANDO: Bloque No Presencia (Encuestas) ---
2026-06-18 09:36:56  [etl.sos]           · DEBUG     [stdout] --- INICIANDO: Bloque No Presencia (Encuestas) ---
2026-06-18 09:36:56  [etl.cif]           · DEBUG     [stdout] --- INICIANDO: Bloque No Presencia (Encuestas) ---
2026-06-18 09:36:56  [etl.exhib_gratis]  · DEBUG     [stdout] --- INICIANDO: Bloque No Presencia (Encuestas) ---
2026-06-18 09:36:56  [etl.exhib_pagadas]  · DEBUG     [stdout] Archivo encuestas: Respuestas no presencia Abril 2026.xlsx
2026-06-18 09:36:56  [etl.precios]       · DEBUG     [stdout] Archivo encuestas: Respuestas no presencia Abril 2026.xlsx
2026-06-18 09:36:56  [etl.sos]           · DEBUG     [stdout] Archivo encuestas: Respuestas no presencia Abril 2026.xlsx
2026-06-18 09:36:56  [etl.nopresencia]   · DEBUG     [stdout] Archivo encuestas: Respuestas no presencia Abril 2026.xlsx
2026-06-18 09:36:56  [etl.exhib_gratis]  · DEBUG     [stdout] Archivo encuestas: Respuestas no presencia Abril 2026.xlsx
2026-06-18 09:36:56  [etl.exhib_pagadas]  · DEBUG     [stdout] Archivo encuestas: Respuestas no presencia Abril 2026.xlsx
2026-06-18 09:36:56  [etl.precios]       · DEBUG     [stdout] Archivo encuestas: Respuestas no presencia Abril 2026.xlsx
2026-06-18 09:36:56  [etl.nopresencia]   · DEBUG     [stdout] Archivo encuestas: Respuestas no presencia Abril 2026.xlsx
2026-06-18 09:36:56  [etl.sos]           · DEBUG     [stdout] Archivo encuestas: Respuestas no presencia Abril 2026.xlsx
2026-06-18 09:36:56  [etl.cif]           · DEBUG     [stdout] Archivo encuestas: Respuestas no presencia Abril 2026.xlsx
2026-06-18 09:36:56  [etl.exhib_gratis]  · DEBUG     [stdout] Archivo encuestas: Respuestas no presencia Abril 2026.xlsx
2026-06-18 09:36:57  [etl.exhib_pagadas]  ✓ INFO      [stdout] ✓ Base Exhibiciones Informar Abril 2026.xlsx — 3,796 filas
2026-06-18 09:36:57  [etl.precios]       ✓ INFO      [stdout] ✓ Base Exhibiciones Informar Abril 2026.xlsx — 3,796 filas
2026-06-18 09:36:57  [etl.sos]           ✓ INFO      [stdout] ✓ Base Exhibiciones Informar Abril 2026.xlsx — 3,796 filas
2026-06-18 09:36:57  [etl.nopresencia]   ✓ INFO      [stdout] ✓ Base Exhibiciones Informar Abril 2026.xlsx — 3,796 filas
2026-06-18 09:36:57  [etl.exhib_gratis]  ✓ INFO      [stdout] ✓ Base Exhibiciones Informar Abril 2026.xlsx — 3,796 filas
2026-06-18 09:36:57  [etl.exhib_pagadas]  ✓ INFO      [stdout] ✓ Base Exhibiciones Informar Abril 2026.xlsx — 3,796 filas
2026-06-18 09:36:57  [etl.precios]       ✓ INFO      [stdout] ✓ Base Exhibiciones Informar Abril 2026.xlsx — 3,796 filas
2026-06-18 09:36:57  [etl.nopresencia]   ✓ INFO      [stdout] ✓ Base Exhibiciones Informar Abril 2026.xlsx — 3,796 filas
2026-06-18 09:36:57  [etl.sos]           ✓ INFO      [stdout] ✓ Base Exhibiciones Informar Abril 2026.xlsx — 3,796 filas
2026-06-18 09:36:57  [etl.cif]           ✓ INFO      [stdout] ✓ Base Exhibiciones Informar Abril 2026.xlsx — 3,796 filas
2026-06-18 09:36:57  [etl.exhib_gratis]  ✓ INFO      [stdout] ✓ Base Exhibiciones Informar Abril 2026.xlsx — 3,796 filas
2026-06-18 09:37:14  [etl.exhib_pagadas]  ✓ INFO      [stdout] ✓ Base Exhibiciones Planning Abril 2026.xlsx — 2,747 filas
2026-06-18 09:37:14  [etl.precios]       ✓ INFO      [stdout] ✓ Base Exhibiciones Planning Abril 2026.xlsx — 2,747 filas
2026-06-18 09:37:14  [etl.sos]           ✓ INFO      [stdout] ✓ Base Exhibiciones Planning Abril 2026.xlsx — 2,747 filas
2026-06-18 09:37:14  [etl.nopresencia]   ✓ INFO      [stdout] ✓ Base Exhibiciones Planning Abril 2026.xlsx — 2,747 filas
2026-06-18 09:37:15  [etl.exhib_gratis]  ✓ INFO      [stdout] ✓ Base Exhibiciones Planning Abril 2026.xlsx — 2,747 filas
2026-06-18 09:37:15  [etl.exhib_pagadas]  ✓ INFO      [stdout] ✓ Base Exhibiciones Planning Abril 2026.xlsx — 2,747 filas
2026-06-18 09:37:15  [etl.precios]       ✓ INFO      [stdout] ✓ Base Exhibiciones Planning Abril 2026.xlsx — 2,747 filas
2026-06-18 09:37:15  [etl.nopresencia]   ✓ INFO      [stdout] ✓ Base Exhibiciones Planning Abril 2026.xlsx — 2,747 filas
2026-06-18 09:37:15  [etl.sos]           ✓ INFO      [stdout] ✓ Base Exhibiciones Planning Abril 2026.xlsx — 2,747 filas
2026-06-18 09:37:15  [etl.cif]           ✓ INFO      [stdout] ✓ Base Exhibiciones Planning Abril 2026.xlsx — 2,747 filas
2026-06-18 09:37:15  [etl.exhib_gratis]  ✓ INFO      [stdout] ✓ Base Exhibiciones Planning Abril 2026.xlsx — 2,747 filas
2026-06-18 09:37:20  [etl.exhib_pagadas]  ✓ INFO      [stdout] ✅ ¡Hecho! Los registros que no cruzaron ahora tienen 'No' y ejecución en 0.
2026-06-18 09:37:20  [etl.precios]       ✓ INFO      [stdout] ✅ ¡Hecho! Los registros que no cruzaron ahora tienen 'No' y ejecución en 0.
2026-06-18 09:37:20  [etl.sos]           ✓ INFO      [stdout] ✅ ¡Hecho! Los registros que no cruzaron ahora tienen 'No' y ejecución en 0.
2026-06-18 09:37:20  [etl.nopresencia]   ✓ INFO      [stdout] ✅ ¡Hecho! Los registros que no cruzaron ahora tienen 'No' y ejecución en 0.
2026-06-18 09:37:20  [etl.exhib_gratis]  ✓ INFO      [stdout] ✅ ¡Hecho! Los registros que no cruzaron ahora tienen 'No' y ejecución en 0.
2026-06-18 09:37:20  [etl.exhib_pagadas]  ✓ INFO      [stdout] ✅ ¡Hecho! Los registros que no cruzaron ahora tienen 'No' y ejecución en 0.
2026-06-18 09:37:20  [etl.precios]       ✓ INFO      [stdout] ✅ ¡Hecho! Los registros que no cruzaron ahora tienen 'No' y ejecución en 0.
2026-06-18 09:37:20  [etl.nopresencia]   ✓ INFO      [stdout] ✅ ¡Hecho! Los registros que no cruzaron ahora tienen 'No' y ejecución en 0.
2026-06-18 09:37:20  [etl.sos]           ✓ INFO      [stdout] ✅ ¡Hecho! Los registros que no cruzaron ahora tienen 'No' y ejecución en 0.
2026-06-18 09:37:20  [etl.cif]           ✓ INFO      [stdout] ✅ ¡Hecho! Los registros que no cruzaron ahora tienen 'No' y ejecución en 0.
2026-06-18 09:37:20  [etl.exhib_gratis]  ✓ INFO      [stdout] ✅ ¡Hecho! Los registros que no cruzaron ahora tienen 'No' y ejecución en 0.
2026-06-18 09:37:20  [etl.exhib_pagadas]  · DEBUG     [stdout] --- KPI (V3): RESUMEN EXHIBICIONES PAGADAS por empleado  (Abril_2026) ---
2026-06-18 09:37:20  [etl.precios]       · DEBUG     [stdout] --- KPI (V3): RESUMEN EXHIBICIONES PAGADAS por empleado  (Abril_2026) ---
2026-06-18 09:37:20  [etl.sos]           · DEBUG     [stdout] --- KPI (V3): RESUMEN EXHIBICIONES PAGADAS por empleado  (Abril_2026) ---
2026-06-18 09:37:20  [etl.nopresencia]   · DEBUG     [stdout] --- KPI (V3): RESUMEN EXHIBICIONES PAGADAS por empleado  (Abril_2026) ---
2026-06-18 09:37:20  [etl.exhib_gratis]  · DEBUG     [stdout] --- KPI (V3): RESUMEN EXHIBICIONES PAGADAS por empleado  (Abril_2026) ---
2026-06-18 09:37:20  [etl.exhib_pagadas]  · DEBUG     [stdout] --- KPI (V3): RESUMEN EXHIBICIONES PAGADAS por empleado  (Abril_2026) ---
2026-06-18 09:37:20  [etl.precios]       · DEBUG     [stdout] --- KPI (V3): RESUMEN EXHIBICIONES PAGADAS por empleado  (Abril_2026) ---
2026-06-18 09:37:20  [etl.nopresencia]   · DEBUG     [stdout] --- KPI (V3): RESUMEN EXHIBICIONES PAGADAS por empleado  (Abril_2026) ---
2026-06-18 09:37:21  [etl.sos]           · DEBUG     [stdout] --- KPI (V3): RESUMEN EXHIBICIONES PAGADAS por empleado  (Abril_2026) ---
2026-06-18 09:37:21  [etl.cif]           · DEBUG     [stdout] --- KPI (V3): RESUMEN EXHIBICIONES PAGADAS por empleado  (Abril_2026) ---
2026-06-18 09:37:21  [etl.exhib_gratis]  · DEBUG     [stdout] --- KPI (V3): RESUMEN EXHIBICIONES PAGADAS por empleado  (Abril_2026) ---
2026-06-18 09:37:24  [etl.exhib_pagadas]  · DEBUG     [stdout] Leyendo: Resultado_exhibiciones_pagadas Abril 2026.xlsx (2763 filas)
2026-06-18 09:37:24  [etl.precios]       · DEBUG     [stdout] Leyendo: Resultado_exhibiciones_pagadas Abril 2026.xlsx (2763 filas)
2026-06-18 09:37:24  [etl.sos]           · DEBUG     [stdout] Leyendo: Resultado_exhibiciones_pagadas Abril 2026.xlsx (2763 filas)
2026-06-18 09:37:24  [etl.nopresencia]   · DEBUG     [stdout] Leyendo: Resultado_exhibiciones_pagadas Abril 2026.xlsx (2763 filas)
2026-06-18 09:37:24  [etl.exhib_gratis]  · DEBUG     [stdout] Leyendo: Resultado_exhibiciones_pagadas Abril 2026.xlsx (2763 filas)
2026-06-18 09:37:24  [etl.exhib_pagadas]  · DEBUG     [stdout] Leyendo: Resultado_exhibiciones_pagadas Abril 2026.xlsx (2763 filas)
2026-06-18 09:37:24  [etl.precios]       · DEBUG     [stdout] Leyendo: Resultado_exhibiciones_pagadas Abril 2026.xlsx (2763 filas)
2026-06-18 09:37:24  [etl.nopresencia]   · DEBUG     [stdout] Leyendo: Resultado_exhibiciones_pagadas Abril 2026.xlsx (2763 filas)
2026-06-18 09:37:24  [etl.sos]           · DEBUG     [stdout] Leyendo: Resultado_exhibiciones_pagadas Abril 2026.xlsx (2763 filas)
2026-06-18 09:37:24  [etl.cif]           · DEBUG     [stdout] Leyendo: Resultado_exhibiciones_pagadas Abril 2026.xlsx (2763 filas)
2026-06-18 09:37:24  [etl.exhib_gratis]  · DEBUG     [stdout] Leyendo: Resultado_exhibiciones_pagadas Abril 2026.xlsx (2763 filas)
2026-06-18 09:37:24  [etl.exhib_pagadas]  ✓ INFO      [stdout] ✓ Plan de trabajo.xlsx — 3,813 gestores cargados
2026-06-18 09:37:24  [etl.precios]       ✓ INFO      [stdout] ✓ Plan de trabajo.xlsx — 3,813 gestores cargados
2026-06-18 09:37:24  [etl.sos]           ✓ INFO      [stdout] ✓ Plan de trabajo.xlsx — 3,813 gestores cargados
2026-06-18 09:37:24  [etl.nopresencia]   ✓ INFO      [stdout] ✓ Plan de trabajo.xlsx — 3,813 gestores cargados
2026-06-18 09:37:24  [etl.exhib_gratis]  ✓ INFO      [stdout] ✓ Plan de trabajo.xlsx — 3,813 gestores cargados
2026-06-18 09:37:24  [etl.exhib_pagadas]  ✓ INFO      [stdout] ✓ Plan de trabajo.xlsx — 3,813 gestores cargados
2026-06-18 09:37:25  [etl.precios]       ✓ INFO      [stdout] ✓ Plan de trabajo.xlsx — 3,813 gestores cargados
2026-06-18 09:37:25  [etl.nopresencia]   ✓ INFO      [stdout] ✓ Plan de trabajo.xlsx — 3,813 gestores cargados
2026-06-18 09:37:25  [etl.sos]           ✓ INFO      [stdout] ✓ Plan de trabajo.xlsx — 3,813 gestores cargados
2026-06-18 09:37:25  [etl.cif]           ✓ INFO      [stdout] ✓ Plan de trabajo.xlsx — 3,813 gestores cargados
2026-06-18 09:37:25  [etl.exhib_gratis]  ✓ INFO      [stdout] ✓ Plan de trabajo.xlsx — 3,813 gestores cargados
2026-06-18 09:37:47  [etl.exhib_pagadas]  ✓ INFO      [stdout] ✅ Mes activo: 132 empleados → EXHIBICIONES_PAGADAS_KPIS.xlsx
2026-06-18 09:37:47  [etl.precios]       ✓ INFO      [stdout] ✅ Mes activo: 132 empleados → EXHIBICIONES_PAGADAS_KPIS.xlsx
2026-06-18 09:37:47  [etl.sos]           ✓ INFO      [stdout] ✅ Mes activo: 132 empleados → EXHIBICIONES_PAGADAS_KPIS.xlsx
2026-06-18 09:37:47  [etl.nopresencia]   ✓ INFO      [stdout] ✅ Mes activo: 132 empleados → EXHIBICIONES_PAGADAS_KPIS.xlsx
2026-06-18 09:37:47  [etl.exhib_gratis]  ✓ INFO      [stdout] ✅ Mes activo: 132 empleados → EXHIBICIONES_PAGADAS_KPIS.xlsx
2026-06-18 09:37:47  [etl.exhib_pagadas]  ✓ INFO      [stdout] ✅ Mes activo: 132 empleados → EXHIBICIONES_PAGADAS_KPIS.xlsx
2026-06-18 09:37:48  [etl.precios]       ✓ INFO      [stdout] ✅ Mes activo: 132 empleados → EXHIBICIONES_PAGADAS_KPIS.xlsx
2026-06-18 09:37:48  [etl.nopresencia]   ✓ INFO      [stdout] ✅ Mes activo: 132 empleados → EXHIBICIONES_PAGADAS_KPIS.xlsx
2026-06-18 09:37:48  [etl.sos]           ✓ INFO      [stdout] ✅ Mes activo: 132 empleados → EXHIBICIONES_PAGADAS_KPIS.xlsx
2026-06-18 09:37:48  [etl.cif]           ✓ INFO      [stdout] ✅ Mes activo: 132 empleados → EXHIBICIONES_PAGADAS_KPIS.xlsx
2026-06-18 09:37:48  [etl.exhib_gratis]  ✓ INFO      [stdout] ✅ Mes activo: 132 empleados → EXHIBICIONES_PAGADAS_KPIS.xlsx
2026-06-18 09:37:53  [etl.exhib_pagadas]  ✓ INFO      [stdout] ✅ Histórico → EXHIBICIONES_PAGADAS_KPIS_HISTORICO.xlsx
2026-06-18 09:37:53  [etl.precios]       ✓ INFO      [stdout] ✅ Histórico → EXHIBICIONES_PAGADAS_KPIS_HISTORICO.xlsx
2026-06-18 09:37:53  [etl.sos]           ✓ INFO      [stdout] ✅ Histórico → EXHIBICIONES_PAGADAS_KPIS_HISTORICO.xlsx
2026-06-18 09:37:54  [etl.nopresencia]   ✓ INFO      [stdout] ✅ Histórico → EXHIBICIONES_PAGADAS_KPIS_HISTORICO.xlsx
2026-06-18 09:37:54  [etl.exhib_gratis]  ✓ INFO      [stdout] ✅ Histórico → EXHIBICIONES_PAGADAS_KPIS_HISTORICO.xlsx
2026-06-18 09:37:54  [etl.exhib_pagadas]  ✓ INFO      [stdout] ✅ Histórico → EXHIBICIONES_PAGADAS_KPIS_HISTORICO.xlsx
2026-06-18 09:37:54  [etl.precios]       ✓ INFO      [stdout] ✅ Histórico → EXHIBICIONES_PAGADAS_KPIS_HISTORICO.xlsx
2026-06-18 09:37:54  [etl.nopresencia]   ✓ INFO      [stdout] ✅ Histórico → EXHIBICIONES_PAGADAS_KPIS_HISTORICO.xlsx
2026-06-18 09:37:54  [etl.sos]           ✓ INFO      [stdout] ✅ Histórico → EXHIBICIONES_PAGADAS_KPIS_HISTORICO.xlsx
2026-06-18 09:37:54  [etl.cif]           ✓ INFO      [stdout] ✅ Histórico → EXHIBICIONES_PAGADAS_KPIS_HISTORICO.xlsx
2026-06-18 09:37:54  [etl.exhib_gratis]  ✓ INFO      [stdout] ✅ Histórico → EXHIBICIONES_PAGADAS_KPIS_HISTORICO.xlsx
2026-06-18 09:37:54  [etl.exhib_pagadas]  ✓ INFO      ETL Exhibiciones Pagadas — completado
2026-06-18 09:37:55  [etl.exhib_pagadas]  ✓ INFO      Duración total: 79.4s
2026-06-18 09:37:55  [etl.ventas]        ✓ INFO      ────────────────────────────────────────────────────────
2026-06-18 09:37:55  [etl.orquestador]   ✓ INFO      ETL 'exhib_pagadas' terminó — ✓ OK en 79.4s
2026-06-18 09:37:55  [etl.ventas]        ✓ INFO      ETL Ventas D&P — iniciando
2026-06-18 09:37:55  [etl.exhib_pagadas]  · DEBUG     [stdout] 📍 Origen: C:\Users\Usuario\OneDrive - Universidad de los Andes\Escritorio\PROYECTO_EFICACIA\BASES\D&P\01. Ventas
2026-06-18 09:37:55  [etl.precios]       · DEBUG     [stdout] 📍 Origen: C:\Users\Usuario\OneDrive - Universidad de los Andes\Escritorio\PROYECTO_EFICACIA\BASES\D&P\01. Ventas
2026-06-18 09:37:55  [etl.sos]           · DEBUG     [stdout] 📍 Origen: C:\Users\Usuario\OneDrive - Universidad de los Andes\Escritorio\PROYECTO_EFICACIA\BASES\D&P\01. Ventas
2026-06-18 09:37:55  [etl.nopresencia]   · DEBUG     [stdout] 📍 Origen: C:\Users\Usuario\OneDrive - Universidad de los Andes\Escritorio\PROYECTO_EFICACIA\BASES\D&P\01. Ventas
2026-06-18 09:37:55  [etl.exhib_gratis]  · DEBUG     [stdout] 📍 Origen: C:\Users\Usuario\OneDrive - Universidad de los Andes\Escritorio\PROYECTO_EFICACIA\BASES\D&P\01. Ventas
2026-06-18 09:37:56  [etl.ventas]        · DEBUG     [stdout] 📍 Origen: C:\Users\Usuario\OneDrive - Universidad de los Andes\Escritorio\PROYECTO_EFICACIA\BASES\D&P\01. Ventas
2026-06-18 09:37:56  [etl.exhib_pagadas]  · DEBUG     [stdout] 📁 Salida: C:\Users\Usuario\OneDrive - Universidad de los Andes\Escritorio\PROYECTO_EFICACIA\SALIDA\D&P\Consolidado_Ventas.csv
2026-06-18 09:37:56  [etl.precios]       · DEBUG     [stdout] 📁 Salida: C:\Users\Usuario\OneDrive - Universidad de los Andes\Escritorio\PROYECTO_EFICACIA\SALIDA\D&P\Consolidado_Ventas.csv
2026-06-18 09:37:56  [etl.sos]           · DEBUG     [stdout] 📁 Salida: C:\Users\Usuario\OneDrive - Universidad de los Andes\Escritorio\PROYECTO_EFICACIA\SALIDA\D&P\Consolidado_Ventas.csv
2026-06-18 09:37:56  [etl.nopresencia]   · DEBUG     [stdout] 📁 Salida: C:\Users\Usuario\OneDrive - Universidad de los Andes\Escritorio\PROYECTO_EFICACIA\SALIDA\D&P\Consolidado_Ventas.csv
2026-06-18 09:37:56  [etl.exhib_gratis]  · DEBUG     [stdout] 📁 Salida: C:\Users\Usuario\OneDrive - Universidad de los Andes\Escritorio\PROYECTO_EFICACIA\SALIDA\D&P\Consolidado_Ventas.csv
2026-06-18 09:37:56  [etl.ventas]        · DEBUG     [stdout] 📁 Salida: C:\Users\Usuario\OneDrive - Universidad de los Andes\Escritorio\PROYECTO_EFICACIA\SALIDA\D&P\Consolidado_Ventas.csv
2026-06-18 09:37:57  [etl.exhib_pagadas]  ✓ INFO      [stdout] ✅ Archivos encontrados (2024+): 3
2026-06-18 09:37:58  [etl.precios]       ✓ INFO      [stdout] ✅ Archivos encontrados (2024+): 3
2026-06-18 09:37:58  [etl.sos]           ✓ INFO      [stdout] ✅ Archivos encontrados (2024+): 3
2026-06-18 09:37:58  [etl.nopresencia]   ✓ INFO      [stdout] ✅ Archivos encontrados (2024+): 3
2026-06-18 09:37:58  [etl.exhib_gratis]  ✓ INFO      [stdout] ✅ Archivos encontrados (2024+): 3
2026-06-18 09:37:58  [etl.ventas]        ✓ INFO      [stdout] ✅ Archivos encontrados (2024+): 3
2026-06-18 09:38:21  [etl.exhib_pagadas]  · DEBUG     [stdout] Modo upsert — reprocesando: 05. Mayo base ventas.xlsx
2026-06-18 09:38:21  [etl.precios]       · DEBUG     [stdout] Modo upsert — reprocesando: 05. Mayo base ventas.xlsx
2026-06-18 09:38:21  [etl.sos]           · DEBUG     [stdout] Modo upsert — reprocesando: 05. Mayo base ventas.xlsx
2026-06-18 09:38:21  [etl.nopresencia]   · DEBUG     [stdout] Modo upsert — reprocesando: 05. Mayo base ventas.xlsx
2026-06-18 09:38:21  [etl.exhib_gratis]  · DEBUG     [stdout] Modo upsert — reprocesando: 05. Mayo base ventas.xlsx
2026-06-18 09:38:21  [etl.ventas]        · DEBUG     [stdout] Modo upsert — reprocesando: 05. Mayo base ventas.xlsx
2026-06-18 09:38:23  [etl.exhib_pagadas]  ✓ INFO      [stdout] ✅ Reporte capturas generado.
2026-06-18 09:38:23  [etl.precios]       ✓ INFO      [stdout] ✅ Reporte capturas generado.
2026-06-18 09:38:23  [etl.sos]           ✓ INFO      [stdout] ✅ Reporte capturas generado.
2026-06-18 09:38:23  [etl.nopresencia]   ✓ INFO      [stdout] ✅ Reporte capturas generado.
2026-06-18 09:38:23  [etl.exhib_gratis]  ✓ INFO      [stdout] ✅ Reporte capturas generado.
2026-06-18 09:38:23  [etl.ventas]        ✓ INFO      [stdout] ✅ Reporte capturas generado.
2026-06-18 09:38:23  [etl.precios]       ✓ INFO      Reporte de captura de precios generado
2026-06-18 09:38:23  [etl.exhib_pagadas]  · DEBUG     [stdout] --- PASO 3: Generando Análisis Detallado (ABRIL_2026) ---
2026-06-18 09:38:23  [etl.precios]       · DEBUG     [stdout] --- PASO 3: Generando Análisis Detallado (ABRIL_2026) ---
2026-06-18 09:38:23  [etl.sos]           · DEBUG     [stdout] --- PASO 3: Generando Análisis Detallado (ABRIL_2026) ---
2026-06-18 09:38:23  [etl.nopresencia]   · DEBUG     [stdout] --- PASO 3: Generando Análisis Detallado (ABRIL_2026) ---
2026-06-18 09:38:23  [etl.exhib_gratis]  · DEBUG     [stdout] --- PASO 3: Generando Análisis Detallado (ABRIL_2026) ---
2026-06-18 09:38:23  [etl.ventas]        · DEBUG     [stdout] --- PASO 3: Generando Análisis Detallado (ABRIL_2026) ---
2026-06-18 09:38:25  [etl.exhib_pagadas]  · DEBUG     [stdout] → Procesando: 05. Mayo base ventas.xlsx
2026-06-18 09:38:25  [etl.precios]       · DEBUG     [stdout] → Procesando: 05. Mayo base ventas.xlsx
2026-06-18 09:38:25  [etl.sos]           · DEBUG     [stdout] → Procesando: 05. Mayo base ventas.xlsx
2026-06-18 09:38:25  [etl.nopresencia]   · DEBUG     [stdout] → Procesando: 05. Mayo base ventas.xlsx
2026-06-18 09:38:25  [etl.exhib_gratis]  · DEBUG     [stdout] → Procesando: 05. Mayo base ventas.xlsx
2026-06-18 09:38:25  [etl.ventas]        · DEBUG     [stdout] → Procesando: 05. Mayo base ventas.xlsx
2026-06-18 09:40:00  [etl.exhib_pagadas]  ✓ INFO      [stdout] ✅ Consolidado guardado: C:\Users\Usuario\OneDrive - Universidad de los Andes\Escritorio\PROYECTO_EFICACIA\SALIDA\D&P\Consolidado_Ventas.csv  (146,841 filas)
2026-06-18 09:40:00  [etl.precios]       ✓ INFO      [stdout] ✅ Consolidado guardado: C:\Users\Usuario\OneDrive - Universidad de los Andes\Escritorio\PROYECTO_EFICACIA\SALIDA\D&P\Consolidado_Ventas.csv  (146,841 filas)
2026-06-18 09:40:00  [etl.sos]           ✓ INFO      [stdout] ✅ Consolidado guardado: C:\Users\Usuario\OneDrive - Universidad de los Andes\Escritorio\PROYECTO_EFICACIA\SALIDA\D&P\Consolidado_Ventas.csv  (146,841 filas)
2026-06-18 09:40:00  [etl.nopresencia]   ✓ INFO      [stdout] ✅ Consolidado guardado: C:\Users\Usuario\OneDrive - Universidad de los Andes\Escritorio\PROYECTO_EFICACIA\SALIDA\D&P\Consolidado_Ventas.csv  (146,841 filas)
2026-06-18 09:40:00  [etl.exhib_gratis]  ✓ INFO      [stdout] ✅ Consolidado guardado: C:\Users\Usuario\OneDrive - Universidad de los Andes\Escritorio\PROYECTO_EFICACIA\SALIDA\D&P\Consolidado_Ventas.csv  (146,841 filas)
2026-06-18 09:40:00  [etl.ventas]        ✓ INFO      [stdout] ✅ Consolidado guardado: C:\Users\Usuario\OneDrive - Universidad de los Andes\Escritorio\PROYECTO_EFICACIA\SALIDA\D&P\Consolidado_Ventas.csv  (146,841 filas)
2026-06-18 09:40:00  [etl.ventas]        ✓ INFO      ETL Ventas D&P — completado (146,841 filas en consolidado)
2026-06-18 09:40:01  [etl.exhib_pagadas]  ✓ INFO      [stdout] ✅ ÉXITO: Agrupado guardado en: C:\Users\Usuario\OneDrive - Universidad de los Andes\Escritorio\PROYECTO_EFICACIA\BASES\CIF\PLAN DE TRABAJO\Plan de trabajo consolidado_grupado.csv
2026-06-18 09:40:01  [etl.precios]       ✓ INFO      [stdout] ✅ ÉXITO: Agrupado guardado en: C:\Users\Usuario\OneDrive - Universidad de los Andes\Escritorio\PROYECTO_EFICACIA\BASES\CIF\PLAN DE TRABAJO\Plan de trabajo consolidado_grupado.csv
2026-06-18 09:40:01  [etl.sos]           ✓ INFO      [stdout] ✅ ÉXITO: Agrupado guardado en: C:\Users\Usuario\OneDrive - Universidad de los Andes\Escritorio\PROYECTO_EFICACIA\BASES\CIF\PLAN DE TRABAJO\Plan de trabajo consolidado_grupado.csv
2026-06-18 09:40:01  [etl.nopresencia]   ✓ INFO      [stdout] ✅ ÉXITO: Agrupado guardado en: C:\Users\Usuario\OneDrive - Universidad de los Andes\Escritorio\PROYECTO_EFICACIA\BASES\CIF\PLAN DE TRABAJO\Plan de trabajo consolidado_grupado.csv
2026-06-18 09:40:01  [etl.exhib_gratis]  ✓ INFO      [stdout] ✅ ÉXITO: Agrupado guardado en: C:\Users\Usuario\OneDrive - Universidad de los Andes\Escritorio\PROYECTO_EFICACIA\BASES\CIF\PLAN DE TRABAJO\Plan de trabajo consolidado_grupado.csv
2026-06-18 09:40:01  [etl.exhib_pagadas]  · DEBUG     [stdout] Resumen agrupado (Primeros 5):
2026-06-18 09:40:01  [etl.precios]       · DEBUG     [stdout] Resumen agrupado (Primeros 5):
2026-06-18 09:40:01  [etl.sos]           · DEBUG     [stdout] Resumen agrupado (Primeros 5):
2026-06-18 09:40:01  [etl.nopresencia]   · DEBUG     [stdout] Resumen agrupado (Primeros 5):
2026-06-18 09:40:01  [etl.exhib_gratis]  · DEBUG     [stdout] Resumen agrupado (Primeros 5):
2026-06-18 09:40:01  [etl.exhib_pagadas]  · DEBUG     [stdout] ACRONIMO ID_PDV_INVOLVES  TIEMPO_SERVICIO_HORAS
2026-06-18 09:40:01  [etl.exhib_pagadas]  · DEBUG     [stdout] 0     None            None                    NaN
2026-06-18 09:40:01  [etl.exhib_pagadas]  · DEBUG     [stdout] 1    LE001           10032                    NaN
2026-06-18 09:40:01  [etl.exhib_pagadas]  · DEBUG     [stdout] 2    LE001           10033                    NaN
2026-06-18 09:40:01  [etl.exhib_pagadas]  · DEBUG     [stdout] 3    LE001           10035                    NaN
2026-06-18 09:40:01  [etl.precios]       · DEBUG     [stdout] ACRONIMO ID_PDV_INVOLVES  TIEMPO_SERVICIO_HORAS
2026-06-18 09:40:01  [etl.precios]       · DEBUG     [stdout] 0     None            None                    NaN
2026-06-18 09:40:01  [etl.precios]       · DEBUG     [stdout] 1    LE001           10032                    NaN
2026-06-18 09:40:01  [etl.precios]       · DEBUG     [stdout] 2    LE001           10033                    NaN
2026-06-18 09:40:01  [etl.precios]       · DEBUG     [stdout] 3    LE001           10035                    NaN
2026-06-18 09:40:01  [etl.sos]           · DEBUG     [stdout] ACRONIMO ID_PDV_INVOLVES  TIEMPO_SERVICIO_HORAS
2026-06-18 09:40:01  [etl.sos]           · DEBUG     [stdout] 0     None            None                    NaN
2026-06-18 09:40:01  [etl.sos]           · DEBUG     [stdout] 1    LE001           10032                    NaN
2026-06-18 09:40:01  [etl.sos]           · DEBUG     [stdout] 2    LE001           10033                    NaN
2026-06-18 09:40:01  [etl.sos]           · DEBUG     [stdout] 3    LE001           10035                    NaN
2026-06-18 09:40:01  [etl.nopresencia]   · DEBUG     [stdout] ACRONIMO ID_PDV_INVOLVES  TIEMPO_SERVICIO_HORAS
2026-06-18 09:40:01  [etl.nopresencia]   · DEBUG     [stdout] 0     None            None                    NaN
2026-06-18 09:40:01  [etl.nopresencia]   · DEBUG     [stdout] 1    LE001           10032                    NaN
2026-06-18 09:40:01  [etl.nopresencia]   · DEBUG     [stdout] 2    LE001           10033                    NaN
2026-06-18 09:40:01  [etl.nopresencia]   · DEBUG     [stdout] 3    LE001           10035                    NaN
2026-06-18 09:40:01  [etl.exhib_gratis]  · DEBUG     [stdout] ACRONIMO ID_PDV_INVOLVES  TIEMPO_SERVICIO_HORAS
2026-06-18 09:40:01  [etl.exhib_gratis]  · DEBUG     [stdout] 0     None            None                    NaN
2026-06-18 09:40:01  [etl.exhib_gratis]  · DEBUG     [stdout] 1    LE001           10032                    NaN
2026-06-18 09:40:01  [etl.exhib_gratis]  · DEBUG     [stdout] 2    LE001           10033                    NaN
2026-06-18 09:40:01  [etl.exhib_gratis]  · DEBUG     [stdout] 3    LE001           10035                    NaN
2026-06-18 09:40:01  [etl.exhib_pagadas]  · DEBUG     [stdout] 4    LE001           10036                    NaN
2026-06-18 09:40:01  [etl.precios]       · DEBUG     [stdout] 4    LE001           10036                    NaN
2026-06-18 09:40:01  [etl.sos]           · DEBUG     [stdout] 4    LE001           10036                    NaN
2026-06-18 09:40:01  [etl.nopresencia]   · DEBUG     [stdout] 4    LE001           10036                    NaN
2026-06-18 09:40:01  [etl.exhib_gratis]  · DEBUG     [stdout] 4    LE001           10036                    NaN
2026-06-18 09:40:01  [etl.cif]           ✓ INFO      Paso 3 — Visitas Involves
2026-06-18 09:40:01  [etl.exhib_pagadas]  · DEBUG     [stdout] ========================================
2026-06-18 09:40:01  [etl.precios]       · DEBUG     [stdout] ========================================
2026-06-18 09:40:01  [etl.sos]           · DEBUG     [stdout] ========================================
2026-06-18 09:40:01  [etl.nopresencia]   · DEBUG     [stdout] ========================================
2026-06-18 09:40:01  [etl.exhib_gratis]  · DEBUG     [stdout] ========================================
2026-06-18 09:40:01  [etl.exhib_pagadas]  · DEBUG     [stdout] INICIANDO PASO 3: INVOLVES (CRUCE PRIORIZANDO BASE VENTAS)  (Abril_2026)
2026-06-18 09:40:01  [etl.precios]       · DEBUG     [stdout] INICIANDO PASO 3: INVOLVES (CRUCE PRIORIZANDO BASE VENTAS)  (Abril_2026)
2026-06-18 09:40:01  [etl.sos]           · DEBUG     [stdout] INICIANDO PASO 3: INVOLVES (CRUCE PRIORIZANDO BASE VENTAS)  (Abril_2026)
2026-06-18 09:40:01  [etl.nopresencia]   · DEBUG     [stdout] INICIANDO PASO 3: INVOLVES (CRUCE PRIORIZANDO BASE VENTAS)  (Abril_2026)
2026-06-18 09:40:01  [etl.exhib_gratis]  · DEBUG     [stdout] INICIANDO PASO 3: INVOLVES (CRUCE PRIORIZANDO BASE VENTAS)  (Abril_2026)
2026-06-18 09:40:01  [etl.exhib_pagadas]  · DEBUG     [stdout] ========================================
2026-06-18 09:40:01  [etl.precios]       · DEBUG     [stdout] ========================================
2026-06-18 09:40:01  [etl.sos]           · DEBUG     [stdout] ========================================
2026-06-18 09:40:01  [etl.nopresencia]   · DEBUG     [stdout] ========================================
2026-06-18 09:40:01  [etl.exhib_gratis]  · DEBUG     [stdout] ========================================
2026-06-18 09:40:07  [etl.ventas]        ✓ INFO      Duración total: 125.0s
2026-06-18 09:40:07  [etl.impactos]      ✓ INFO      ────────────────────────────────────────────────────────
2026-06-18 09:40:07  [etl.impactos]      ✓ INFO      ETL Impactos D&P — iniciando
2026-06-18 09:40:07  [etl.exhib_pagadas]  · DEBUG     [stdout] 📍 Origen: C:\Users\Usuario\OneDrive - Universidad de los Andes\Escritorio\PROYECTO_EFICACIA\BASES\D&P\02. Impactos
2026-06-18 09:40:07  [etl.precios]       · DEBUG     [stdout] 📍 Origen: C:\Users\Usuario\OneDrive - Universidad de los Andes\Escritorio\PROYECTO_EFICACIA\BASES\D&P\02. Impactos
2026-06-18 09:40:07  [etl.sos]           · DEBUG     [stdout] 📍 Origen: C:\Users\Usuario\OneDrive - Universidad de los Andes\Escritorio\PROYECTO_EFICACIA\BASES\D&P\02. Impactos
2026-06-18 09:40:07  [etl.nopresencia]   · DEBUG     [stdout] 📍 Origen: C:\Users\Usuario\OneDrive - Universidad de los Andes\Escritorio\PROYECTO_EFICACIA\BASES\D&P\02. Impactos
2026-06-18 09:40:07  [etl.exhib_gratis]  · DEBUG     [stdout] 📍 Origen: C:\Users\Usuario\OneDrive - Universidad de los Andes\Escritorio\PROYECTO_EFICACIA\BASES\D&P\02. Impactos
2026-06-18 09:40:07  [etl.orquestador]   ✓ INFO      ETL 'ventas' terminó — ✓ OK en 125.0s
2026-06-18 09:40:07  [etl.impactos]      · DEBUG     [stdout] 📍 Origen: C:\Users\Usuario\OneDrive - Universidad de los Andes\Escritorio\PROYECTO_EFICACIA\BASES\D&P\02. Impactos
2026-06-18 09:40:07  [etl.exhib_pagadas]  · DEBUG     [stdout] 📁 Salida: C:\Users\Usuario\OneDrive - Universidad de los Andes\Escritorio\PROYECTO_EFICACIA\SALIDA\D&P\Consolidado_Impactos.csv
2026-06-18 09:40:07  [etl.precios]       · DEBUG     [stdout] 📁 Salida: C:\Users\Usuario\OneDrive - Universidad de los Andes\Escritorio\PROYECTO_EFICACIA\SALIDA\D&P\Consolidado_Impactos.csv
2026-06-18 09:40:07  [etl.sos]           · DEBUG     [stdout] 📁 Salida: C:\Users\Usuario\OneDrive - Universidad de los Andes\Escritorio\PROYECTO_EFICACIA\SALIDA\D&P\Consolidado_Impactos.csv
2026-06-18 09:40:07  [etl.nopresencia]   · DEBUG     [stdout] 📁 Salida: C:\Users\Usuario\OneDrive - Universidad de los Andes\Escritorio\PROYECTO_EFICACIA\SALIDA\D&P\Consolidado_Impactos.csv
2026-06-18 09:40:07  [etl.exhib_gratis]  · DEBUG     [stdout] 📁 Salida: C:\Users\Usuario\OneDrive - Universidad de los Andes\Escritorio\PROYECTO_EFICACIA\SALIDA\D&P\Consolidado_Impactos.csv
2026-06-18 09:40:07  [etl.impactos]      · DEBUG     [stdout] 📁 Salida: C:\Users\Usuario\OneDrive - Universidad de los Andes\Escritorio\PROYECTO_EFICACIA\SALIDA\D&P\Consolidado_Impactos.csv
2026-06-18 09:40:07  [etl.exhib_pagadas]  ✓ INFO      [stdout] ✅ Archivos encontrados (2024+): 3
2026-06-18 09:40:07  [etl.precios]       ✓ INFO      [stdout] ✅ Archivos encontrados (2024+): 3
2026-06-18 09:40:07  [etl.sos]           ✓ INFO      [stdout] ✅ Archivos encontrados (2024+): 3
2026-06-18 09:40:07  [etl.nopresencia]   ✓ INFO      [stdout] ✅ Archivos encontrados (2024+): 3
2026-06-18 09:40:07  [etl.exhib_gratis]  ✓ INFO      [stdout] ✅ Archivos encontrados (2024+): 3
2026-06-18 09:40:07  [etl.impactos]      ✓ INFO      [stdout] ✅ Archivos encontrados (2024+): 3
2026-06-18 09:40:08  [etl.exhib_pagadas]  · DEBUG     [stdout] Modo upsert — reprocesando: 05. Mayo base impactos - cuota.xlsx
2026-06-18 09:40:08  [etl.precios]       · DEBUG     [stdout] Modo upsert — reprocesando: 05. Mayo base impactos - cuota.xlsx
2026-06-18 09:40:08  [etl.sos]           · DEBUG     [stdout] Modo upsert — reprocesando: 05. Mayo base impactos - cuota.xlsx
2026-06-18 09:40:08  [etl.nopresencia]   · DEBUG     [stdout] Modo upsert — reprocesando: 05. Mayo base impactos - cuota.xlsx
2026-06-18 09:40:08  [etl.exhib_gratis]  · DEBUG     [stdout] Modo upsert — reprocesando: 05. Mayo base impactos - cuota.xlsx
2026-06-18 09:40:08  [etl.impactos]      · DEBUG     [stdout] Modo upsert — reprocesando: 05. Mayo base impactos - cuota.xlsx
2026-06-18 09:40:08  [etl.exhib_pagadas]  · DEBUG     [stdout] → Procesando: 05. Mayo base impactos - cuota.xlsx
2026-06-18 09:40:08  [etl.precios]       · DEBUG     [stdout] → Procesando: 05. Mayo base impactos - cuota.xlsx
2026-06-18 09:40:08  [etl.sos]           · DEBUG     [stdout] → Procesando: 05. Mayo base impactos - cuota.xlsx
2026-06-18 09:40:08  [etl.nopresencia]   · DEBUG     [stdout] → Procesando: 05. Mayo base impactos - cuota.xlsx
2026-06-18 09:40:08  [etl.exhib_gratis]  · DEBUG     [stdout] → Procesando: 05. Mayo base impactos - cuota.xlsx
2026-06-18 09:40:08  [etl.impactos]      · DEBUG     [stdout] → Procesando: 05. Mayo base impactos - cuota.xlsx
2026-06-18 09:40:08  [etl.exhib_pagadas]  ✓ INFO      [stdout] ✅ Consolidado guardado: C:\Users\Usuario\OneDrive - Universidad de los Andes\Escritorio\PROYECTO_EFICACIA\SALIDA\D&P\Consolidado_Impactos.csv  (136 filas)
2026-06-18 09:40:08  [etl.precios]       ✓ INFO      [stdout] ✅ Consolidado guardado: C:\Users\Usuario\OneDrive - Universidad de los Andes\Escritorio\PROYECTO_EFICACIA\SALIDA\D&P\Consolidado_Impactos.csv  (136 filas)
2026-06-18 09:40:08  [etl.sos]           ✓ INFO      [stdout] ✅ Consolidado guardado: C:\Users\Usuario\OneDrive - Universidad de los Andes\Escritorio\PROYECTO_EFICACIA\SALIDA\D&P\Consolidado_Impactos.csv  (136 filas)
2026-06-18 09:40:08  [etl.nopresencia]   ✓ INFO      [stdout] ✅ Consolidado guardado: C:\Users\Usuario\OneDrive - Universidad de los Andes\Escritorio\PROYECTO_EFICACIA\SALIDA\D&P\Consolidado_Impactos.csv  (136 filas)
2026-06-18 09:40:08  [etl.exhib_gratis]  ✓ INFO      [stdout] ✅ Consolidado guardado: C:\Users\Usuario\OneDrive - Universidad de los Andes\Escritorio\PROYECTO_EFICACIA\SALIDA\D&P\Consolidado_Impactos.csv  (136 filas)
2026-06-18 09:40:08  [etl.impactos]      ✓ INFO      [stdout] ✅ Consolidado guardado: C:\Users\Usuario\OneDrive - Universidad de los Andes\Escritorio\PROYECTO_EFICACIA\SALIDA\D&P\Consolidado_Impactos.csv  (136 filas)
2026-06-18 09:40:09  [etl.impactos]      ✓ INFO      ETL Impactos D&P — completado (136 filas en consolidado)
2026-06-18 09:40:09  [etl.impactos]      ✓ INFO      Duración total: 1.7s
2026-06-18 09:40:09  [etl.orquestador]   ✓ INFO      ETL 'impactos' terminó — ✓ OK en 1.7s
2026-06-18 09:40:31  [etl.exhib_pagadas]  ✓ INFO      [stdout] ✅ Análisis detallado guardado.
2026-06-18 09:40:31  [etl.precios]       ✓ INFO      [stdout] ✅ Análisis detallado guardado.
2026-06-18 09:40:31  [etl.sos]           ✓ INFO      [stdout] ✅ Análisis detallado guardado.
2026-06-18 09:40:31  [etl.nopresencia]   ✓ INFO      [stdout] ✅ Análisis detallado guardado.
2026-06-18 09:40:31  [etl.exhib_gratis]  ✓ INFO      [stdout] ✅ Análisis detallado guardado.
2026-06-18 09:40:31  [etl.precios]       ✓ INFO      Análisis detallado de precios generado
2026-06-18 09:40:31  [etl.exhib_pagadas]  · DEBUG     [stdout] --- PASO KPI (V3): RESUMEN PRECIOS por gestor  (Abril_2026) ---
2026-06-18 09:40:31  [etl.precios]       · DEBUG     [stdout] --- PASO KPI (V3): RESUMEN PRECIOS por gestor  (Abril_2026) ---
2026-06-18 09:40:31  [etl.sos]           · DEBUG     [stdout] --- PASO KPI (V3): RESUMEN PRECIOS por gestor  (Abril_2026) ---
2026-06-18 09:40:31  [etl.nopresencia]   · DEBUG     [stdout] --- PASO KPI (V3): RESUMEN PRECIOS por gestor  (Abril_2026) ---
2026-06-18 09:40:31  [etl.exhib_gratis]  · DEBUG     [stdout] --- PASO KPI (V3): RESUMEN PRECIOS por gestor  (Abril_2026) ---
2026-06-18 09:40:31  [etl.exhib_pagadas]  · DEBUG     [stdout] Leyendo: REPORTE_CAPTURA_PRECIOS_ABRIL_2026.xlsx (173 filas)
2026-06-18 09:40:31  [etl.precios]       · DEBUG     [stdout] Leyendo: REPORTE_CAPTURA_PRECIOS_ABRIL_2026.xlsx (173 filas)
2026-06-18 09:40:31  [etl.sos]           · DEBUG     [stdout] Leyendo: REPORTE_CAPTURA_PRECIOS_ABRIL_2026.xlsx (173 filas)
2026-06-18 09:40:31  [etl.nopresencia]   · DEBUG     [stdout] Leyendo: REPORTE_CAPTURA_PRECIOS_ABRIL_2026.xlsx (173 filas)
2026-06-18 09:40:31  [etl.exhib_gratis]  · DEBUG     [stdout] Leyendo: REPORTE_CAPTURA_PRECIOS_ABRIL_2026.xlsx (173 filas)
2026-06-18 09:40:34  [etl.exhib_pagadas]  ✓ INFO      [stdout] ✅ Mes activo: 39 gestores → PRECIOS_KPIS.xlsx
2026-06-18 09:40:34  [etl.precios]       ✓ INFO      [stdout] ✅ Mes activo: 39 gestores → PRECIOS_KPIS.xlsx
2026-06-18 09:40:35  [etl.sos]           ✓ INFO      [stdout] ✅ Mes activo: 39 gestores → PRECIOS_KPIS.xlsx
2026-06-18 09:40:35  [etl.nopresencia]   ✓ INFO      [stdout] ✅ Mes activo: 39 gestores → PRECIOS_KPIS.xlsx
2026-06-18 09:40:35  [etl.exhib_gratis]  ✓ INFO      [stdout] ✅ Mes activo: 39 gestores → PRECIOS_KPIS.xlsx
2026-06-18 09:40:35  [etl.exhib_pagadas]  ✓ INFO      [stdout] ✅ Histórico acumulado → PRECIOS_KPIS_HISTORICO.xlsx
2026-06-18 09:40:35  [etl.precios]       ✓ INFO      [stdout] ✅ Histórico acumulado → PRECIOS_KPIS_HISTORICO.xlsx
2026-06-18 09:40:35  [etl.sos]           ✓ INFO      [stdout] ✅ Histórico acumulado → PRECIOS_KPIS_HISTORICO.xlsx
2026-06-18 09:40:35  [etl.nopresencia]   ✓ INFO      [stdout] ✅ Histórico acumulado → PRECIOS_KPIS_HISTORICO.xlsx
2026-06-18 09:40:35  [etl.exhib_gratis]  ✓ INFO      [stdout] ✅ Histórico acumulado → PRECIOS_KPIS_HISTORICO.xlsx
2026-06-18 09:40:35  [etl.precios]       ✓ INFO      KPI precios consolidado
2026-06-18 09:40:35  [etl.precios]       ✓ INFO      ETL Precios — completado
2026-06-18 09:40:35  [etl.precios]       ✓ INFO      Duración total: 240.1s
2026-06-18 09:40:35  [etl.orquestador]   ✓ INFO      ETL 'precios' terminó — ✓ OK en 240.1s
2026-06-18 09:40:51  [etl.exhib_pagadas]  ✓ INFO      [stdout] EXITO: Encuestas creadas en C:\Users\Usuario\OneDrive - Universidad de los Andes\Escritorio\PROYECTO_EFICACIA\SALIDA\NO PRESENCIA\NO_PRESENCIA_PROCESADO_ABRIL_2026.xlsx
2026-06-18 09:40:51  [etl.precios]       ✓ INFO      [stdout] EXITO: Encuestas creadas en C:\Users\Usuario\OneDrive - Universidad de los Andes\Escritorio\PROYECTO_EFICACIA\SALIDA\NO PRESENCIA\NO_PRESENCIA_PROCESADO_ABRIL_2026.xlsx
2026-06-18 09:40:51  [etl.sos]           ✓ INFO      [stdout] EXITO: Encuestas creadas en C:\Users\Usuario\OneDrive - Universidad de los Andes\Escritorio\PROYECTO_EFICACIA\SALIDA\NO PRESENCIA\NO_PRESENCIA_PROCESADO_ABRIL_2026.xlsx
2026-06-18 09:40:51  [etl.nopresencia]   ✓ INFO      [stdout] EXITO: Encuestas creadas en C:\Users\Usuario\OneDrive - Universidad de los Andes\Escritorio\PROYECTO_EFICACIA\SALIDA\NO PRESENCIA\NO_PRESENCIA_PROCESADO_ABRIL_2026.xlsx
2026-06-18 09:40:51  [etl.exhib_gratis]  ✓ INFO      [stdout] EXITO: Encuestas creadas en C:\Users\Usuario\OneDrive - Universidad de los Andes\Escritorio\PROYECTO_EFICACIA\SALIDA\NO PRESENCIA\NO_PRESENCIA_PROCESADO_ABRIL_2026.xlsx
2026-06-18 09:40:51  [etl.exhib_pagadas]  ✓ INFO      [stdout] EXITO: Encuestas creadas en C:\Users\Usuario\OneDrive - Universidad de los Andes\Escritorio\PROYECTO_EFICACIA\SALIDA\NO PRESENCIA\NO_PRESENCIA_PROCESADO_ABRIL_2026.xlsx
2026-06-18 09:40:51  [etl.nopresencia]   ✓ INFO      Encuestas de No Presencia procesadas
2026-06-18 09:40:51  [etl.exhib_pagadas]  · DEBUG     [stdout] --- INICIANDO: Bloque Plan de Trabajo (Semanas) ---
2026-06-18 09:40:51  [etl.precios]       · DEBUG     [stdout] --- INICIANDO: Bloque Plan de Trabajo (Semanas) ---
2026-06-18 09:40:51  [etl.sos]           · DEBUG     [stdout] --- INICIANDO: Bloque Plan de Trabajo (Semanas) ---
2026-06-18 09:40:51  [etl.nopresencia]   · DEBUG     [stdout] --- INICIANDO: Bloque Plan de Trabajo (Semanas) ---
2026-06-18 09:40:51  [etl.exhib_gratis]  · DEBUG     [stdout] --- INICIANDO: Bloque Plan de Trabajo (Semanas) ---
2026-06-18 09:40:52  [etl.exhib_pagadas]  · DEBUG     [stdout] --- INICIANDO: Bloque Plan de Trabajo (Semanas) ---
2026-06-18 09:41:14  [etl.exhib_pagadas]  ✓ INFO      [stdout] EXITO: Plan Procesado creado en C:\Users\Usuario\OneDrive - Universidad de los Andes\Escritorio\PROYECTO_EFICACIA\SALIDA\NO PRESENCIA\PLAN_TRABAJO_PROCESADO_ABRIL_2026.xlsx
2026-06-18 09:41:14  [etl.precios]       ✓ INFO      [stdout] EXITO: Plan Procesado creado en C:\Users\Usuario\OneDrive - Universidad de los Andes\Escritorio\PROYECTO_EFICACIA\SALIDA\NO PRESENCIA\PLAN_TRABAJO_PROCESADO_ABRIL_2026.xlsx
2026-06-18 09:41:14  [etl.sos]           ✓ INFO      [stdout] EXITO: Plan Procesado creado en C:\Users\Usuario\OneDrive - Universidad de los Andes\Escritorio\PROYECTO_EFICACIA\SALIDA\NO PRESENCIA\PLAN_TRABAJO_PROCESADO_ABRIL_2026.xlsx
2026-06-18 09:41:14  [etl.nopresencia]   ✓ INFO      [stdout] EXITO: Plan Procesado creado en C:\Users\Usuario\OneDrive - Universidad de los Andes\Escritorio\PROYECTO_EFICACIA\SALIDA\NO PRESENCIA\PLAN_TRABAJO_PROCESADO_ABRIL_2026.xlsx
2026-06-18 09:41:14  [etl.exhib_gratis]  ✓ INFO      [stdout] EXITO: Plan Procesado creado en C:\Users\Usuario\OneDrive - Universidad de los Andes\Escritorio\PROYECTO_EFICACIA\SALIDA\NO PRESENCIA\PLAN_TRABAJO_PROCESADO_ABRIL_2026.xlsx
2026-06-18 09:41:14  [etl.exhib_pagadas]  ✓ INFO      [stdout] EXITO: Plan Procesado creado en C:\Users\Usuario\OneDrive - Universidad de los Andes\Escritorio\PROYECTO_EFICACIA\SALIDA\NO PRESENCIA\PLAN_TRABAJO_PROCESADO_ABRIL_2026.xlsx
2026-06-18 09:41:14  [etl.nopresencia]   ✓ INFO      Plan de Trabajo por semanas procesado
2026-06-18 09:41:14  [etl.exhib_pagadas]  · DEBUG     [stdout] --- GENERANDO MATRIZ COMPARATIVA FINAL ---
2026-06-18 09:41:14  [etl.precios]       · DEBUG     [stdout] --- GENERANDO MATRIZ COMPARATIVA FINAL ---
2026-06-18 09:41:14  [etl.sos]           · DEBUG     [stdout] --- GENERANDO MATRIZ COMPARATIVA FINAL ---
2026-06-18 09:41:14  [etl.nopresencia]   · DEBUG     [stdout] --- GENERANDO MATRIZ COMPARATIVA FINAL ---
2026-06-18 09:41:14  [etl.exhib_gratis]  · DEBUG     [stdout] --- GENERANDO MATRIZ COMPARATIVA FINAL ---
2026-06-18 09:41:14  [etl.exhib_pagadas]  · DEBUG     [stdout] --- GENERANDO MATRIZ COMPARATIVA FINAL ---
2026-06-18 09:41:40  [etl.exhib_pagadas]  · DEBUG     [stdout] 🏁 FINALIZADO: Reporte generado exitosamente en C:\Users\Usuario\OneDrive - Universidad de los Andes\Escritorio\PROYECTO_EFICACIA\SALIDA\NO PRESENCIA\REPORTE_NO_PRESENCIA_ABRIL_2026.xlsx
2026-06-18 09:41:40  [etl.precios]       · DEBUG     [stdout] 🏁 FINALIZADO: Reporte generado exitosamente en C:\Users\Usuario\OneDrive - Universidad de los Andes\Escritorio\PROYECTO_EFICACIA\SALIDA\NO PRESENCIA\REPORTE_NO_PRESENCIA_ABRIL_2026.xlsx
2026-06-18 09:41:40  [etl.sos]           · DEBUG     [stdout] 🏁 FINALIZADO: Reporte generado exitosamente en C:\Users\Usuario\OneDrive - Universidad de los Andes\Escritorio\PROYECTO_EFICACIA\SALIDA\NO PRESENCIA\REPORTE_NO_PRESENCIA_ABRIL_2026.xlsx
2026-06-18 09:41:40  [etl.nopresencia]   · DEBUG     [stdout] 🏁 FINALIZADO: Reporte generado exitosamente en C:\Users\Usuario\OneDrive - Universidad de los Andes\Escritorio\PROYECTO_EFICACIA\SALIDA\NO PRESENCIA\REPORTE_NO_PRESENCIA_ABRIL_2026.xlsx
2026-06-18 09:41:40  [etl.exhib_gratis]  · DEBUG     [stdout] 🏁 FINALIZADO: Reporte generado exitosamente en C:\Users\Usuario\OneDrive - Universidad de los Andes\Escritorio\PROYECTO_EFICACIA\SALIDA\NO PRESENCIA\REPORTE_NO_PRESENCIA_ABRIL_2026.xlsx
2026-06-18 09:41:40  [etl.exhib_pagadas]  · DEBUG     [stdout] 🏁 FINALIZADO: Reporte generado exitosamente en C:\Users\Usuario\OneDrive - Universidad de los Andes\Escritorio\PROYECTO_EFICACIA\SALIDA\NO PRESENCIA\REPORTE_NO_PRESENCIA_ABRIL_2026.xlsx
2026-06-18 09:41:40  [etl.nopresencia]   ✓ INFO      Matriz de seguimiento generada
2026-06-18 09:41:40  [etl.exhib_pagadas]  · DEBUG     [stdout] --- GENERANDO ANÁLISIS DE AGOTADOS (INVOLVES) ---
2026-06-18 09:41:40  [etl.precios]       · DEBUG     [stdout] --- GENERANDO ANÁLISIS DE AGOTADOS (INVOLVES) ---
2026-06-18 09:41:40  [etl.sos]           · DEBUG     [stdout] --- GENERANDO ANÁLISIS DE AGOTADOS (INVOLVES) ---
2026-06-18 09:41:40  [etl.nopresencia]   · DEBUG     [stdout] --- GENERANDO ANÁLISIS DE AGOTADOS (INVOLVES) ---
2026-06-18 09:41:40  [etl.exhib_gratis]  · DEBUG     [stdout] --- GENERANDO ANÁLISIS DE AGOTADOS (INVOLVES) ---
2026-06-18 09:41:40  [etl.exhib_pagadas]  · DEBUG     [stdout] --- GENERANDO ANÁLISIS DE AGOTADOS (INVOLVES) ---
2026-06-18 09:42:12  [etl.exhib_pagadas]  ✓ INFO      [stdout] ✅ ÉXITO: Reporte de Agotados generado en C:\Users\Usuario\OneDrive - Universidad de los Andes\Escritorio\PROYECTO_EFICACIA\SALIDA\NO PRESENCIA\ANALISIS_AGOTADOS_ABRIL_2026.xlsx
2026-06-18 09:42:12  [etl.precios]       ✓ INFO      [stdout] ✅ ÉXITO: Reporte de Agotados generado en C:\Users\Usuario\OneDrive - Universidad de los Andes\Escritorio\PROYECTO_EFICACIA\SALIDA\NO PRESENCIA\ANALISIS_AGOTADOS_ABRIL_2026.xlsx
2026-06-18 09:42:12  [etl.sos]           ✓ INFO      [stdout] ✅ ÉXITO: Reporte de Agotados generado en C:\Users\Usuario\OneDrive - Universidad de los Andes\Escritorio\PROYECTO_EFICACIA\SALIDA\NO PRESENCIA\ANALISIS_AGOTADOS_ABRIL_2026.xlsx
2026-06-18 09:42:12  [etl.nopresencia]   ✓ INFO      [stdout] ✅ ÉXITO: Reporte de Agotados generado en C:\Users\Usuario\OneDrive - Universidad de los Andes\Escritorio\PROYECTO_EFICACIA\SALIDA\NO PRESENCIA\ANALISIS_AGOTADOS_ABRIL_2026.xlsx
2026-06-18 09:42:12  [etl.exhib_gratis]  ✓ INFO      [stdout] ✅ ÉXITO: Reporte de Agotados generado en C:\Users\Usuario\OneDrive - Universidad de los Andes\Escritorio\PROYECTO_EFICACIA\SALIDA\NO PRESENCIA\ANALISIS_AGOTADOS_ABRIL_2026.xlsx
2026-06-18 09:42:12  [etl.exhib_pagadas]  ✓ INFO      [stdout] ✅ ÉXITO: Reporte de Agotados generado en C:\Users\Usuario\OneDrive - Universidad de los Andes\Escritorio\PROYECTO_EFICACIA\SALIDA\NO PRESENCIA\ANALISIS_AGOTADOS_ABRIL_2026.xlsx
2026-06-18 09:42:12  [etl.nopresencia]   ✓ INFO      Análisis de agotados generado
2026-06-18 09:42:12  [etl.exhib_pagadas]  · DEBUG     [stdout] --- PASO KPI (V3): RESUMEN NP por gestor  (Abril_2026) ---
2026-06-18 09:42:12  [etl.precios]       · DEBUG     [stdout] --- PASO KPI (V3): RESUMEN NP por gestor  (Abril_2026) ---
2026-06-18 09:42:12  [etl.sos]           · DEBUG     [stdout] --- PASO KPI (V3): RESUMEN NP por gestor  (Abril_2026) ---
2026-06-18 09:42:12  [etl.nopresencia]   · DEBUG     [stdout] --- PASO KPI (V3): RESUMEN NP por gestor  (Abril_2026) ---
2026-06-18 09:42:12  [etl.exhib_gratis]  · DEBUG     [stdout] --- PASO KPI (V3): RESUMEN NP por gestor  (Abril_2026) ---
2026-06-18 09:42:12  [etl.exhib_pagadas]  · DEBUG     [stdout] --- PASO KPI (V3): RESUMEN NP por gestor  (Abril_2026) ---
2026-06-18 09:42:14  [etl.exhib_pagadas]  · DEBUG     [stdout] Leyendo: REPORTE_NO_PRESENCIA_ABRIL_2026.xlsx (2236 filas)
2026-06-18 09:42:14  [etl.precios]       · DEBUG     [stdout] Leyendo: REPORTE_NO_PRESENCIA_ABRIL_2026.xlsx (2236 filas)
2026-06-18 09:42:14  [etl.sos]           · DEBUG     [stdout] Leyendo: REPORTE_NO_PRESENCIA_ABRIL_2026.xlsx (2236 filas)
2026-06-18 09:42:14  [etl.nopresencia]   · DEBUG     [stdout] Leyendo: REPORTE_NO_PRESENCIA_ABRIL_2026.xlsx (2236 filas)
2026-06-18 09:42:14  [etl.exhib_gratis]  · DEBUG     [stdout] Leyendo: REPORTE_NO_PRESENCIA_ABRIL_2026.xlsx (2236 filas)
2026-06-18 09:42:14  [etl.exhib_pagadas]  · DEBUG     [stdout] Leyendo: REPORTE_NO_PRESENCIA_ABRIL_2026.xlsx (2236 filas)
2026-06-18 09:42:16  [etl.exhib_pagadas]  ✓ INFO      [stdout] ✓ informe-gerencial-visitas_202604.xlsx — 154,664 filas
2026-06-18 09:42:16  [etl.precios]       ✓ INFO      [stdout] ✓ informe-gerencial-visitas_202604.xlsx — 154,664 filas
2026-06-18 09:42:16  [etl.sos]           ✓ INFO      [stdout] ✓ informe-gerencial-visitas_202604.xlsx — 154,664 filas
2026-06-18 09:42:16  [etl.nopresencia]   ✓ INFO      [stdout] ✓ informe-gerencial-visitas_202604.xlsx — 154,664 filas
2026-06-18 09:42:16  [etl.exhib_gratis]  ✓ INFO      [stdout] ✓ informe-gerencial-visitas_202604.xlsx — 154,664 filas
2026-06-18 09:42:16  [etl.exhib_pagadas]  ✓ INFO      [stdout] ✓ informe-gerencial-visitas_202604.xlsx — 154,664 filas
2026-06-18 09:42:17  [etl.exhib_pagadas]  · DEBUG     [stdout] 🔎 Filtro Tipo de check-in: descartadas 142,612 filas 'Sin check-in' (92.2%); quedan 12,052 visitas efectivas.
2026-06-18 09:42:17  [etl.precios]       · DEBUG     [stdout] 🔎 Filtro Tipo de check-in: descartadas 142,612 filas 'Sin check-in' (92.2%); quedan 12,052 visitas efectivas.
2026-06-18 09:42:17  [etl.sos]           · DEBUG     [stdout] 🔎 Filtro Tipo de check-in: descartadas 142,612 filas 'Sin check-in' (92.2%); quedan 12,052 visitas efectivas.
2026-06-18 09:42:17  [etl.nopresencia]   · DEBUG     [stdout] 🔎 Filtro Tipo de check-in: descartadas 142,612 filas 'Sin check-in' (92.2%); quedan 12,052 visitas efectivas.
2026-06-18 09:42:17  [etl.exhib_gratis]  · DEBUG     [stdout] 🔎 Filtro Tipo de check-in: descartadas 142,612 filas 'Sin check-in' (92.2%); quedan 12,052 visitas efectivas.
2026-06-18 09:42:17  [etl.exhib_pagadas]  · DEBUG     [stdout] 🔎 Filtro Tipo de check-in: descartadas 142,612 filas 'Sin check-in' (92.2%); quedan 12,052 visitas efectivas.
2026-06-18 09:42:18  [etl.exhib_pagadas]  ✓ INFO      [stdout] ✅ Mes activo: 151 gestores → NO_PRESENCIA_KPIS.xlsx
2026-06-18 09:42:18  [etl.precios]       ✓ INFO      [stdout] ✅ Mes activo: 151 gestores → NO_PRESENCIA_KPIS.xlsx
2026-06-18 09:42:18  [etl.sos]           ✓ INFO      [stdout] ✅ Mes activo: 151 gestores → NO_PRESENCIA_KPIS.xlsx
2026-06-18 09:42:18  [etl.nopresencia]   ✓ INFO      [stdout] ✅ Mes activo: 151 gestores → NO_PRESENCIA_KPIS.xlsx
2026-06-18 09:42:18  [etl.exhib_gratis]  ✓ INFO      [stdout] ✅ Mes activo: 151 gestores → NO_PRESENCIA_KPIS.xlsx
2026-06-18 09:42:18  [etl.exhib_pagadas]  ✓ INFO      [stdout] ✅ Mes activo: 151 gestores → NO_PRESENCIA_KPIS.xlsx
2026-06-18 09:42:18  [etl.exhib_pagadas]  ✓ INFO      [stdout] ✅ Histórico acumulado → NO_PRESENCIA_KPIS_HISTORICO.xlsx
2026-06-18 09:42:18  [etl.precios]       ✓ INFO      [stdout] ✅ Histórico acumulado → NO_PRESENCIA_KPIS_HISTORICO.xlsx
2026-06-18 09:42:18  [etl.sos]           ✓ INFO      [stdout] ✅ Histórico acumulado → NO_PRESENCIA_KPIS_HISTORICO.xlsx
2026-06-18 09:42:18  [etl.nopresencia]   ✓ INFO      [stdout] ✅ Histórico acumulado → NO_PRESENCIA_KPIS_HISTORICO.xlsx
2026-06-18 09:42:18  [etl.exhib_gratis]  ✓ INFO      [stdout] ✅ Histórico acumulado → NO_PRESENCIA_KPIS_HISTORICO.xlsx
2026-06-18 09:42:18  [etl.exhib_pagadas]  ✓ INFO      [stdout] ✅ Histórico acumulado → NO_PRESENCIA_KPIS_HISTORICO.xlsx
2026-06-18 09:42:18  [etl.nopresencia]   ✓ INFO      KPI no presencia consolidado
2026-06-18 09:42:18  [etl.nopresencia]   ✓ INFO      ETL No Presencia — completado
2026-06-18 09:42:18  [etl.exhib_pagadas]  · DEBUG     [stdout] Encuestas consolidadas: 6,543 filas
2026-06-18 09:42:18  [etl.precios]       · DEBUG     [stdout] Encuestas consolidadas: 6,543 filas
2026-06-18 09:42:18  [etl.sos]           · DEBUG     [stdout] Encuestas consolidadas: 6,543 filas
2026-06-18 09:42:18  [etl.nopresencia]   · DEBUG     [stdout] Encuestas consolidadas: 6,543 filas
2026-06-18 09:42:18  [etl.exhib_gratis]  · DEBUG     [stdout] Encuestas consolidadas: 6,543 filas
2026-06-18 09:42:18  [etl.exhib_pagadas]  · DEBUG     [stdout] Encuestas consolidadas: 6,543 filas
2026-06-18 09:42:18  [etl.precios]       · DEBUG     [stdout] Encuestas consolidadas: 6,543 filas
2026-06-18 09:42:18  [etl.exhib_pagadas]  · DEBUG     [stdout] Plan de trabajo:         3,813 filas
2026-06-18 09:42:18  [etl.precios]       · DEBUG     [stdout] Plan de trabajo:         3,813 filas
2026-06-18 09:42:18  [etl.sos]           · DEBUG     [stdout] Plan de trabajo:         3,813 filas
2026-06-18 09:42:18  [etl.nopresencia]   · DEBUG     [stdout] Plan de trabajo:         3,813 filas
2026-06-18 09:42:18  [etl.exhib_gratis]  · DEBUG     [stdout] Plan de trabajo:         3,813 filas
2026-06-18 09:42:18  [etl.exhib_pagadas]  · DEBUG     [stdout] Plan de trabajo:         3,813 filas
2026-06-18 09:42:18  [etl.precios]       · DEBUG     [stdout] Plan de trabajo:         3,813 filas
2026-06-18 09:42:18  [etl.exhib_pagadas]  · DEBUG     [stdout] Visitas realizadas:      12,052 filas
2026-06-18 09:42:18  [etl.precios]       · DEBUG     [stdout] Visitas realizadas:      12,052 filas
2026-06-18 09:42:18  [etl.sos]           · DEBUG     [stdout] Visitas realizadas:      12,052 filas
2026-06-18 09:42:18  [etl.nopresencia]   · DEBUG     [stdout] Visitas realizadas:      12,052 filas
2026-06-18 09:42:18  [etl.exhib_gratis]  · DEBUG     [stdout] Visitas realizadas:      12,052 filas
2026-06-18 09:42:18  [etl.exhib_pagadas]  · DEBUG     [stdout] Visitas realizadas:      12,052 filas
2026-06-18 09:42:18  [etl.precios]       · DEBUG     [stdout] Visitas realizadas:      12,052 filas
2026-06-18 09:42:18  [etl.exhib_pagadas]  · DEBUG     [stdout] ── Módulo 1: Exhibiciones Pagadas ───────────────
2026-06-18 09:42:18  [etl.precios]       · DEBUG     [stdout] ── Módulo 1: Exhibiciones Pagadas ───────────────
2026-06-18 09:42:18  [etl.sos]           · DEBUG     [stdout] ── Módulo 1: Exhibiciones Pagadas ───────────────
2026-06-18 09:42:18  [etl.nopresencia]   · DEBUG     [stdout] ── Módulo 1: Exhibiciones Pagadas ───────────────
2026-06-18 09:42:18  [etl.exhib_gratis]  · DEBUG     [stdout] ── Módulo 1: Exhibiciones Pagadas ───────────────
2026-06-18 09:42:18  [etl.exhib_pagadas]  · DEBUG     [stdout] ── Módulo 1: Exhibiciones Pagadas ───────────────
2026-06-18 09:42:18  [etl.precios]       · DEBUG     [stdout] ── Módulo 1: Exhibiciones Pagadas ───────────────
2026-06-18 09:42:18  [etl.nopresencia]   ✓ INFO      Duración total: 342.8s
2026-06-18 09:42:18  [etl.orquestador]   ✓ INFO      ETL 'nopresencia' terminó — ✓ OK en 342.8s
2026-06-18 09:42:20  [etl.exhib_pagadas]  · DEBUG     [stdout] Implementadas pagadas:          2,090 filas
2026-06-18 09:42:20  [etl.precios]       · DEBUG     [stdout] Implementadas pagadas:          2,090 filas
2026-06-18 09:42:20  [etl.sos]           · DEBUG     [stdout] Implementadas pagadas:          2,090 filas
2026-06-18 09:42:20  [etl.nopresencia]   · DEBUG     [stdout] Implementadas pagadas:          2,090 filas
2026-06-18 09:42:20  [etl.exhib_gratis]  · DEBUG     [stdout] Implementadas pagadas:          2,090 filas
2026-06-18 09:42:20  [etl.exhib_pagadas]  · DEBUG     [stdout] Implementadas pagadas:          2,090 filas
2026-06-18 09:42:20  [etl.precios]       · DEBUG     [stdout] Implementadas pagadas:          2,090 filas
2026-06-18 09:42:21  [etl.exhib_pagadas]  · DEBUG     [stdout] ── Módulo 2: Exhibiciones Gratis y Concurso ─────
2026-06-18 09:42:21  [etl.precios]       · DEBUG     [stdout] ── Módulo 2: Exhibiciones Gratis y Concurso ─────
2026-06-18 09:42:21  [etl.sos]           · DEBUG     [stdout] ── Módulo 2: Exhibiciones Gratis y Concurso ─────
2026-06-18 09:42:21  [etl.nopresencia]   · DEBUG     [stdout] ── Módulo 2: Exhibiciones Gratis y Concurso ─────
2026-06-18 09:42:21  [etl.exhib_gratis]  · DEBUG     [stdout] ── Módulo 2: Exhibiciones Gratis y Concurso ─────
2026-06-18 09:42:21  [etl.exhib_pagadas]  · DEBUG     [stdout] ── Módulo 2: Exhibiciones Gratis y Concurso ─────
2026-06-18 09:42:21  [etl.precios]       · DEBUG     [stdout] ── Módulo 2: Exhibiciones Gratis y Concurso ─────
2026-06-18 09:42:35  [etl.exhib_pagadas]  · DEBUG     [stdout] Implementadas gratis/concurso: 1,407 filas
2026-06-18 09:42:35  [etl.precios]       · DEBUG     [stdout] Implementadas gratis/concurso: 1,407 filas
2026-06-18 09:42:35  [etl.sos]           · DEBUG     [stdout] Implementadas gratis/concurso: 1,407 filas
2026-06-18 09:42:35  [etl.nopresencia]   · DEBUG     [stdout] Implementadas gratis/concurso: 1,407 filas
2026-06-18 09:42:35  [etl.exhib_gratis]  · DEBUG     [stdout] Implementadas gratis/concurso: 1,407 filas
2026-06-18 09:42:35  [etl.exhib_pagadas]  · DEBUG     [stdout] Implementadas gratis/concurso: 1,407 filas
2026-06-18 09:42:35  [etl.precios]       · DEBUG     [stdout] Implementadas gratis/concurso: 1,407 filas
2026-06-18 09:42:35  [etl.exhib_pagadas]  · DEBUG     [stdout] ── Consolidando output ──────────────────────────
2026-06-18 09:42:35  [etl.precios]       · DEBUG     [stdout] ── Consolidando output ──────────────────────────
2026-06-18 09:42:35  [etl.sos]           · DEBUG     [stdout] ── Consolidando output ──────────────────────────
2026-06-18 09:42:35  [etl.nopresencia]   · DEBUG     [stdout] ── Consolidando output ──────────────────────────
2026-06-18 09:42:35  [etl.exhib_gratis]  · DEBUG     [stdout] ── Consolidando output ──────────────────────────
2026-06-18 09:42:35  [etl.exhib_pagadas]  · DEBUG     [stdout] ── Consolidando output ──────────────────────────
2026-06-18 09:42:35  [etl.precios]       · DEBUG     [stdout] ── Consolidando output ──────────────────────────
2026-06-18 09:42:37  [etl.exhib_pagadas]  ✓ INFO      [stdout] ✅ EXITO: Encuestas unidas (2 archivo(s)).
2026-06-18 09:42:37  [etl.precios]       ✓ INFO      [stdout] ✅ EXITO: Encuestas unidas (2 archivo(s)).
2026-06-18 09:42:37  [etl.sos]           ✓ INFO      [stdout] ✅ EXITO: Encuestas unidas (2 archivo(s)).
2026-06-18 09:42:37  [etl.nopresencia]   ✓ INFO      [stdout] ✅ EXITO: Encuestas unidas (2 archivo(s)).
2026-06-18 09:42:37  [etl.exhib_gratis]  ✓ INFO      [stdout] ✅ EXITO: Encuestas unidas (2 archivo(s)).
2026-06-18 09:42:37  [etl.exhib_pagadas]  ✓ INFO      [stdout] ✅ EXITO: Encuestas unidas (2 archivo(s)).
2026-06-18 09:42:37  [etl.precios]       ✓ INFO      [stdout] ✅ EXITO: Encuestas unidas (2 archivo(s)).
2026-06-18 09:42:37  [etl.sos]           ✓ INFO      Encuestas SOS consolidadas
2026-06-18 09:42:37  [etl.exhib_pagadas]  · DEBUG     [stdout] --- PASO 3: Generando Reporte de Cumplimiento  (Abril_2026) ---
2026-06-18 09:42:37  [etl.precios]       · DEBUG     [stdout] --- PASO 3: Generando Reporte de Cumplimiento  (Abril_2026) ---
2026-06-18 09:42:37  [etl.sos]           · DEBUG     [stdout] --- PASO 3: Generando Reporte de Cumplimiento  (Abril_2026) ---
2026-06-18 09:42:37  [etl.nopresencia]   · DEBUG     [stdout] --- PASO 3: Generando Reporte de Cumplimiento  (Abril_2026) ---
2026-06-18 09:42:37  [etl.exhib_gratis]  · DEBUG     [stdout] --- PASO 3: Generando Reporte de Cumplimiento  (Abril_2026) ---
2026-06-18 09:42:37  [etl.exhib_pagadas]  · DEBUG     [stdout] --- PASO 3: Generando Reporte de Cumplimiento  (Abril_2026) ---
2026-06-18 09:42:37  [etl.precios]       · DEBUG     [stdout] --- PASO 3: Generando Reporte de Cumplimiento  (Abril_2026) ---
2026-06-18 09:42:46  [etl.exhib_pagadas]  ✓ INFO      [stdout] ✓ Output escrito en: C:\Users\Usuario\OneDrive - Universidad de los Andes\Escritorio\PROYECTO_EFICACIA\SALIDA\EXHIBICIONES\Resultado exhibiciones gratis.xlsx
2026-06-18 09:42:46  [etl.precios]       ✓ INFO      [stdout] ✓ Output escrito en: C:\Users\Usuario\OneDrive - Universidad de los Andes\Escritorio\PROYECTO_EFICACIA\SALIDA\EXHIBICIONES\Resultado exhibiciones gratis.xlsx
2026-06-18 09:42:46  [etl.sos]           ✓ INFO      [stdout] ✓ Output escrito en: C:\Users\Usuario\OneDrive - Universidad de los Andes\Escritorio\PROYECTO_EFICACIA\SALIDA\EXHIBICIONES\Resultado exhibiciones gratis.xlsx
2026-06-18 09:42:46  [etl.nopresencia]   ✓ INFO      [stdout] ✓ Output escrito en: C:\Users\Usuario\OneDrive - Universidad de los Andes\Escritorio\PROYECTO_EFICACIA\SALIDA\EXHIBICIONES\Resultado exhibiciones gratis.xlsx
2026-06-18 09:42:46  [etl.exhib_gratis]  ✓ INFO      [stdout] ✓ Output escrito en: C:\Users\Usuario\OneDrive - Universidad de los Andes\Escritorio\PROYECTO_EFICACIA\SALIDA\EXHIBICIONES\Resultado exhibiciones gratis.xlsx
2026-06-18 09:42:46  [etl.exhib_pagadas]  ✓ INFO      [stdout] ✓ Output escrito en: C:\Users\Usuario\OneDrive - Universidad de los Andes\Escritorio\PROYECTO_EFICACIA\SALIDA\EXHIBICIONES\Resultado exhibiciones gratis.xlsx
2026-06-18 09:42:46  [etl.precios]       ✓ INFO      [stdout] ✓ Output escrito en: C:\Users\Usuario\OneDrive - Universidad de los Andes\Escritorio\PROYECTO_EFICACIA\SALIDA\EXHIBICIONES\Resultado exhibiciones gratis.xlsx
2026-06-18 09:42:46  [etl.exhib_pagadas]  · DEBUG     [stdout] ── Resumen de Exhibiciones ──────────────────────
2026-06-18 09:42:46  [etl.precios]       · DEBUG     [stdout] ── Resumen de Exhibiciones ──────────────────────
2026-06-18 09:42:46  [etl.sos]           · DEBUG     [stdout] ── Resumen de Exhibiciones ──────────────────────
2026-06-18 09:42:46  [etl.nopresencia]   · DEBUG     [stdout] ── Resumen de Exhibiciones ──────────────────────
2026-06-18 09:42:46  [etl.exhib_gratis]  · DEBUG     [stdout] ── Resumen de Exhibiciones ──────────────────────
2026-06-18 09:42:46  [etl.exhib_pagadas]  · DEBUG     [stdout] ── Resumen de Exhibiciones ──────────────────────
2026-06-18 09:42:46  [etl.precios]       · DEBUG     [stdout] ── Resumen de Exhibiciones ──────────────────────
2026-06-18 09:42:46  [etl.exhib_pagadas]  · DEBUG     [stdout] Total Exhibiciones:                           4,217
2026-06-18 09:42:46  [etl.precios]       · DEBUG     [stdout] Total Exhibiciones:                           4,217
2026-06-18 09:42:46  [etl.sos]           · DEBUG     [stdout] Total Exhibiciones:                           4,217
2026-06-18 09:42:46  [etl.nopresencia]   · DEBUG     [stdout] Total Exhibiciones:                           4,217
2026-06-18 09:42:46  [etl.exhib_gratis]  · DEBUG     [stdout] Total Exhibiciones:                           4,217
2026-06-18 09:42:46  [etl.exhib_pagadas]  · DEBUG     [stdout] Total Exhibiciones:                           4,217
2026-06-18 09:42:46  [etl.precios]       · DEBUG     [stdout] Total Exhibiciones:                           4,217
2026-06-18 09:42:46  [etl.exhib_pagadas]  · DEBUG     [stdout] Total Exhibiciones Gratis:                    1,685
2026-06-18 09:42:46  [etl.precios]       · DEBUG     [stdout] Total Exhibiciones Gratis:                    1,685
2026-06-18 09:42:46  [etl.sos]           · DEBUG     [stdout] Total Exhibiciones Gratis:                    1,685
2026-06-18 09:42:46  [etl.nopresencia]   · DEBUG     [stdout] Total Exhibiciones Gratis:                    1,685
2026-06-18 09:42:46  [etl.exhib_gratis]  · DEBUG     [stdout] Total Exhibiciones Gratis:                    1,685
2026-06-18 09:42:46  [etl.exhib_pagadas]  · DEBUG     [stdout] Total Exhibiciones Gratis:                    1,685
2026-06-18 09:42:46  [etl.precios]       · DEBUG     [stdout] Total Exhibiciones Gratis:                    1,685
2026-06-18 09:42:46  [etl.exhib_pagadas]  · DEBUG     [stdout] Total Exhibiciones Pagadas:                   2,533
2026-06-18 09:42:46  [etl.precios]       · DEBUG     [stdout] Total Exhibiciones Pagadas:                   2,533
2026-06-18 09:42:46  [etl.sos]           · DEBUG     [stdout] Total Exhibiciones Pagadas:                   2,533
2026-06-18 09:42:46  [etl.nopresencia]   · DEBUG     [stdout] Total Exhibiciones Pagadas:                   2,533
2026-06-18 09:42:46  [etl.exhib_gratis]  · DEBUG     [stdout] Total Exhibiciones Pagadas:                   2,533
2026-06-18 09:42:46  [etl.exhib_pagadas]  · DEBUG     [stdout] Total Exhibiciones Pagadas:                   2,533
2026-06-18 09:42:46  [etl.precios]       · DEBUG     [stdout] Total Exhibiciones Pagadas:                   2,533
2026-06-18 09:42:46  [etl.exhib_pagadas]  · DEBUG     [stdout] Total Exhibiciones Alto Impacto:              1,888
2026-06-18 09:42:46  [etl.precios]       · DEBUG     [stdout] Total Exhibiciones Alto Impacto:              1,888
2026-06-18 09:42:46  [etl.sos]           · DEBUG     [stdout] Total Exhibiciones Alto Impacto:              1,888
2026-06-18 09:42:46  [etl.nopresencia]   · DEBUG     [stdout] Total Exhibiciones Alto Impacto:              1,888
2026-06-18 09:42:46  [etl.exhib_gratis]  · DEBUG     [stdout] Total Exhibiciones Alto Impacto:              1,888
2026-06-18 09:42:46  [etl.exhib_pagadas]  · DEBUG     [stdout] Total Exhibiciones Alto Impacto:              1,888
2026-06-18 09:42:46  [etl.precios]       · DEBUG     [stdout] Total Exhibiciones Alto Impacto:              1,888
2026-06-18 09:42:46  [etl.exhib_pagadas]  · DEBUG     [stdout] Total Exhibiciones Medio Impacto:             2,328
2026-06-18 09:42:46  [etl.precios]       · DEBUG     [stdout] Total Exhibiciones Medio Impacto:             2,328
2026-06-18 09:42:46  [etl.sos]           · DEBUG     [stdout] Total Exhibiciones Medio Impacto:             2,328
2026-06-18 09:42:46  [etl.nopresencia]   · DEBUG     [stdout] Total Exhibiciones Medio Impacto:             2,328
2026-06-18 09:42:46  [etl.exhib_gratis]  · DEBUG     [stdout] Total Exhibiciones Medio Impacto:             2,328
2026-06-18 09:42:46  [etl.exhib_pagadas]  · DEBUG     [stdout] Total Exhibiciones Medio Impacto:             2,328
2026-06-18 09:42:46  [etl.precios]       · DEBUG     [stdout] Total Exhibiciones Medio Impacto:             2,328
2026-06-18 09:42:46  [etl.exhib_pagadas]  · DEBUG     [stdout] ─────────────────────────────────────────────────
2026-06-18 09:42:46  [etl.precios]       · DEBUG     [stdout] ─────────────────────────────────────────────────
2026-06-18 09:42:46  [etl.sos]           · DEBUG     [stdout] ─────────────────────────────────────────────────
2026-06-18 09:42:46  [etl.nopresencia]   · DEBUG     [stdout] ─────────────────────────────────────────────────
2026-06-18 09:42:46  [etl.exhib_gratis]  · DEBUG     [stdout] ─────────────────────────────────────────────────
2026-06-18 09:42:46  [etl.exhib_pagadas]  · DEBUG     [stdout] ─────────────────────────────────────────────────
2026-06-18 09:42:46  [etl.precios]       · DEBUG     [stdout] ─────────────────────────────────────────────────
2026-06-18 09:42:46  [etl.exhib_pagadas]  · DEBUG     [stdout] --- KPI (V3): RESUMEN EXHIBICIONES GRATIS por empleado  (Abril_2026) ---
2026-06-18 09:42:46  [etl.precios]       · DEBUG     [stdout] --- KPI (V3): RESUMEN EXHIBICIONES GRATIS por empleado  (Abril_2026) ---
2026-06-18 09:42:46  [etl.sos]           · DEBUG     [stdout] --- KPI (V3): RESUMEN EXHIBICIONES GRATIS por empleado  (Abril_2026) ---
2026-06-18 09:42:46  [etl.nopresencia]   · DEBUG     [stdout] --- KPI (V3): RESUMEN EXHIBICIONES GRATIS por empleado  (Abril_2026) ---
2026-06-18 09:42:46  [etl.exhib_gratis]  · DEBUG     [stdout] --- KPI (V3): RESUMEN EXHIBICIONES GRATIS por empleado  (Abril_2026) ---
2026-06-18 09:42:46  [etl.exhib_pagadas]  · DEBUG     [stdout] --- KPI (V3): RESUMEN EXHIBICIONES GRATIS por empleado  (Abril_2026) ---
2026-06-18 09:42:46  [etl.precios]       · DEBUG     [stdout] --- KPI (V3): RESUMEN EXHIBICIONES GRATIS por empleado  (Abril_2026) ---
2026-06-18 09:42:48  [etl.exhib_pagadas]  · DEBUG     [stdout] Leyendo: Resultado exhibiciones gratis.xlsx (3497 filas)
2026-06-18 09:42:48  [etl.precios]       · DEBUG     [stdout] Leyendo: Resultado exhibiciones gratis.xlsx (3497 filas)
2026-06-18 09:42:48  [etl.sos]           · DEBUG     [stdout] Leyendo: Resultado exhibiciones gratis.xlsx (3497 filas)
2026-06-18 09:42:48  [etl.nopresencia]   · DEBUG     [stdout] Leyendo: Resultado exhibiciones gratis.xlsx (3497 filas)
2026-06-18 09:42:48  [etl.exhib_gratis]  · DEBUG     [stdout] Leyendo: Resultado exhibiciones gratis.xlsx (3497 filas)
2026-06-18 09:42:48  [etl.exhib_pagadas]  · DEBUG     [stdout] Leyendo: Resultado exhibiciones gratis.xlsx (3497 filas)
2026-06-18 09:42:48  [etl.precios]       · DEBUG     [stdout] Leyendo: Resultado exhibiciones gratis.xlsx (3497 filas)
2026-06-18 09:42:51  [etl.exhib_pagadas]  ✓ INFO      [stdout] ✅ Mes activo: 118 empleados → EXHIBICIONES_GRATIS_KPIS.xlsx
2026-06-18 09:42:51  [etl.precios]       ✓ INFO      [stdout] ✅ Mes activo: 118 empleados → EXHIBICIONES_GRATIS_KPIS.xlsx
2026-06-18 09:42:51  [etl.sos]           ✓ INFO      [stdout] ✅ Mes activo: 118 empleados → EXHIBICIONES_GRATIS_KPIS.xlsx
2026-06-18 09:42:51  [etl.nopresencia]   ✓ INFO      [stdout] ✅ Mes activo: 118 empleados → EXHIBICIONES_GRATIS_KPIS.xlsx
2026-06-18 09:42:51  [etl.exhib_gratis]  ✓ INFO      [stdout] ✅ Mes activo: 118 empleados → EXHIBICIONES_GRATIS_KPIS.xlsx
2026-06-18 09:42:51  [etl.exhib_pagadas]  ✓ INFO      [stdout] ✅ Mes activo: 118 empleados → EXHIBICIONES_GRATIS_KPIS.xlsx
2026-06-18 09:42:51  [etl.precios]       ✓ INFO      [stdout] ✅ Mes activo: 118 empleados → EXHIBICIONES_GRATIS_KPIS.xlsx
2026-06-18 09:42:54  [etl.exhib_pagadas]  ✓ INFO      [stdout] ✅ Histórico → EXHIBICIONES_GRATIS_KPIS_HISTORICO.xlsx
2026-06-18 09:42:54  [etl.precios]       ✓ INFO      [stdout] ✅ Histórico → EXHIBICIONES_GRATIS_KPIS_HISTORICO.xlsx
2026-06-18 09:42:54  [etl.sos]           ✓ INFO      [stdout] ✅ Histórico → EXHIBICIONES_GRATIS_KPIS_HISTORICO.xlsx
2026-06-18 09:42:54  [etl.nopresencia]   ✓ INFO      [stdout] ✅ Histórico → EXHIBICIONES_GRATIS_KPIS_HISTORICO.xlsx
2026-06-18 09:42:54  [etl.exhib_gratis]  ✓ INFO      [stdout] ✅ Histórico → EXHIBICIONES_GRATIS_KPIS_HISTORICO.xlsx
2026-06-18 09:42:54  [etl.exhib_pagadas]  ✓ INFO      [stdout] ✅ Histórico → EXHIBICIONES_GRATIS_KPIS_HISTORICO.xlsx
2026-06-18 09:42:54  [etl.precios]       ✓ INFO      [stdout] ✅ Histórico → EXHIBICIONES_GRATIS_KPIS_HISTORICO.xlsx
2026-06-18 09:42:54  [etl.exhib_gratis]  ✓ INFO      ETL Exhibiciones Gratis — completado
2026-06-18 09:42:55  [etl.exhib_gratis]  ✓ INFO      Duración total: 379.0s
2026-06-18 09:42:55  [etl.orquestador]   ✓ INFO      ETL 'exhib_gratis' terminó — ✓ OK en 379.0s
2026-06-18 09:43:18  [etl.exhib_pagadas]  ✓ INFO      [stdout] ✅ EXITO: Reporte de capturas generado con Captura Planeada, Fechas y periodo Abril_2026.
2026-06-18 09:43:18  [etl.precios]       ✓ INFO      [stdout] ✅ EXITO: Reporte de capturas generado con Captura Planeada, Fechas y periodo Abril_2026.
2026-06-18 09:43:18  [etl.sos]           ✓ INFO      [stdout] ✅ EXITO: Reporte de capturas generado con Captura Planeada, Fechas y periodo Abril_2026.
2026-06-18 09:43:18  [etl.nopresencia]   ✓ INFO      [stdout] ✅ EXITO: Reporte de capturas generado con Captura Planeada, Fechas y periodo Abril_2026.
2026-06-18 09:43:18  [etl.exhib_gratis]  ✓ INFO      [stdout] ✅ EXITO: Reporte de capturas generado con Captura Planeada, Fechas y periodo Abril_2026.
2026-06-18 09:43:18  [etl.exhib_pagadas]  ✓ INFO      [stdout] ✅ EXITO: Reporte de capturas generado con Captura Planeada, Fechas y periodo Abril_2026.
2026-06-18 09:43:18  [etl.precios]       ✓ INFO      [stdout] ✅ EXITO: Reporte de capturas generado con Captura Planeada, Fechas y periodo Abril_2026.
2026-06-18 09:43:18  [etl.nopresencia]   ✓ INFO      [stdout] ✅ EXITO: Reporte de capturas generado con Captura Planeada, Fechas y periodo Abril_2026.
2026-06-18 09:43:18  [etl.sos]           ✓ INFO      [stdout] ✅ EXITO: Reporte de capturas generado con Captura Planeada, Fechas y periodo Abril_2026.
2026-06-18 09:43:18  [etl.cif]           ✓ INFO      [stdout] ✅ EXITO: Reporte de capturas generado con Captura Planeada, Fechas y periodo Abril_2026.
2026-06-18 09:43:18  [etl.sos]           ✓ INFO      Cumplimiento de captura calculado
2026-06-18 09:43:18  [etl.exhib_pagadas]  · DEBUG     [stdout] --- PASO 4: Normalizando Target  (Abril_2026) ---
2026-06-18 09:43:18  [etl.precios]       · DEBUG     [stdout] --- PASO 4: Normalizando Target  (Abril_2026) ---
2026-06-18 09:43:18  [etl.sos]           · DEBUG     [stdout] --- PASO 4: Normalizando Target  (Abril_2026) ---
2026-06-18 09:43:18  [etl.nopresencia]   · DEBUG     [stdout] --- PASO 4: Normalizando Target  (Abril_2026) ---
2026-06-18 09:43:18  [etl.exhib_gratis]  · DEBUG     [stdout] --- PASO 4: Normalizando Target  (Abril_2026) ---
2026-06-18 09:43:18  [etl.exhib_pagadas]  · DEBUG     [stdout] --- PASO 4: Normalizando Target  (Abril_2026) ---
2026-06-18 09:43:18  [etl.precios]       · DEBUG     [stdout] --- PASO 4: Normalizando Target  (Abril_2026) ---
2026-06-18 09:43:18  [etl.nopresencia]   · DEBUG     [stdout] --- PASO 4: Normalizando Target  (Abril_2026) ---
2026-06-18 09:43:18  [etl.sos]           · DEBUG     [stdout] --- PASO 4: Normalizando Target  (Abril_2026) ---
2026-06-18 09:43:18  [etl.cif]           · DEBUG     [stdout] --- PASO 4: Normalizando Target  (Abril_2026) ---
2026-06-18 09:43:18  [etl.exhib_pagadas]  · DEBUG     [stdout] 📂 Archivo detectado: Colombia-sos-target-202604.xlsx
2026-06-18 09:43:18  [etl.precios]       · DEBUG     [stdout] 📂 Archivo detectado: Colombia-sos-target-202604.xlsx
2026-06-18 09:43:18  [etl.sos]           · DEBUG     [stdout] 📂 Archivo detectado: Colombia-sos-target-202604.xlsx
2026-06-18 09:43:18  [etl.nopresencia]   · DEBUG     [stdout] 📂 Archivo detectado: Colombia-sos-target-202604.xlsx
2026-06-18 09:43:18  [etl.exhib_gratis]  · DEBUG     [stdout] 📂 Archivo detectado: Colombia-sos-target-202604.xlsx
2026-06-18 09:43:18  [etl.exhib_pagadas]  · DEBUG     [stdout] 📂 Archivo detectado: Colombia-sos-target-202604.xlsx
2026-06-18 09:43:18  [etl.precios]       · DEBUG     [stdout] 📂 Archivo detectado: Colombia-sos-target-202604.xlsx
2026-06-18 09:43:18  [etl.nopresencia]   · DEBUG     [stdout] 📂 Archivo detectado: Colombia-sos-target-202604.xlsx
2026-06-18 09:43:18  [etl.sos]           · DEBUG     [stdout] 📂 Archivo detectado: Colombia-sos-target-202604.xlsx
2026-06-18 09:43:18  [etl.cif]           · DEBUG     [stdout] 📂 Archivo detectado: Colombia-sos-target-202604.xlsx
2026-06-18 09:43:24  [etl.exhib_pagadas]  ✓ INFO      [stdout] ✅ Paso 3 finalizado. Condición de Checkout Manual obligatoria aplicada.
2026-06-18 09:43:24  [etl.precios]       ✓ INFO      [stdout] ✅ Paso 3 finalizado. Condición de Checkout Manual obligatoria aplicada.
2026-06-18 09:43:24  [etl.sos]           ✓ INFO      [stdout] ✅ Paso 3 finalizado. Condición de Checkout Manual obligatoria aplicada.
2026-06-18 09:43:24  [etl.nopresencia]   ✓ INFO      [stdout] ✅ Paso 3 finalizado. Condición de Checkout Manual obligatoria aplicada.
2026-06-18 09:43:24  [etl.exhib_gratis]  ✓ INFO      [stdout] ✅ Paso 3 finalizado. Condición de Checkout Manual obligatoria aplicada.
2026-06-18 09:43:24  [etl.exhib_pagadas]  ✓ INFO      [stdout] ✅ Paso 3 finalizado. Condición de Checkout Manual obligatoria aplicada.
2026-06-18 09:43:24  [etl.precios]       ✓ INFO      [stdout] ✅ Paso 3 finalizado. Condición de Checkout Manual obligatoria aplicada.
2026-06-18 09:43:24  [etl.nopresencia]   ✓ INFO      [stdout] ✅ Paso 3 finalizado. Condición de Checkout Manual obligatoria aplicada.
2026-06-18 09:43:24  [etl.sos]           ✓ INFO      [stdout] ✅ Paso 3 finalizado. Condición de Checkout Manual obligatoria aplicada.
2026-06-18 09:43:24  [etl.cif]           ✓ INFO      [stdout] ✅ Paso 3 finalizado. Condición de Checkout Manual obligatoria aplicada.
2026-06-18 09:43:24  [etl.cif]           ✓ INFO      Paso 4 — Justificaciones
2026-06-18 09:43:24  [etl.exhib_pagadas]  · DEBUG     [stdout] ========================================
2026-06-18 09:43:24  [etl.precios]       · DEBUG     [stdout] ========================================
2026-06-18 09:43:24  [etl.sos]           · DEBUG     [stdout] ========================================
2026-06-18 09:43:24  [etl.nopresencia]   · DEBUG     [stdout] ========================================
2026-06-18 09:43:24  [etl.exhib_gratis]  · DEBUG     [stdout] ========================================
2026-06-18 09:43:24  [etl.exhib_pagadas]  · DEBUG     [stdout] ========================================
2026-06-18 09:43:24  [etl.precios]       · DEBUG     [stdout] ========================================
2026-06-18 09:43:24  [etl.nopresencia]   · DEBUG     [stdout] ========================================
2026-06-18 09:43:24  [etl.sos]           · DEBUG     [stdout] ========================================
2026-06-18 09:43:24  [etl.cif]           · DEBUG     [stdout] ========================================
2026-06-18 09:43:24  [etl.exhib_pagadas]  · DEBUG     [stdout] INICIANDO PASO 4: JUSTIFICACIONES (CRUCE PRIORIZANDO BASE VENTAS)  (Abril_2026)
2026-06-18 09:43:24  [etl.precios]       · DEBUG     [stdout] INICIANDO PASO 4: JUSTIFICACIONES (CRUCE PRIORIZANDO BASE VENTAS)  (Abril_2026)
2026-06-18 09:43:24  [etl.sos]           · DEBUG     [stdout] INICIANDO PASO 4: JUSTIFICACIONES (CRUCE PRIORIZANDO BASE VENTAS)  (Abril_2026)
2026-06-18 09:43:24  [etl.nopresencia]   · DEBUG     [stdout] INICIANDO PASO 4: JUSTIFICACIONES (CRUCE PRIORIZANDO BASE VENTAS)  (Abril_2026)
2026-06-18 09:43:24  [etl.exhib_gratis]  · DEBUG     [stdout] INICIANDO PASO 4: JUSTIFICACIONES (CRUCE PRIORIZANDO BASE VENTAS)  (Abril_2026)
2026-06-18 09:43:24  [etl.exhib_pagadas]  · DEBUG     [stdout] INICIANDO PASO 4: JUSTIFICACIONES (CRUCE PRIORIZANDO BASE VENTAS)  (Abril_2026)
2026-06-18 09:43:24  [etl.precios]       · DEBUG     [stdout] INICIANDO PASO 4: JUSTIFICACIONES (CRUCE PRIORIZANDO BASE VENTAS)  (Abril_2026)
2026-06-18 09:43:24  [etl.nopresencia]   · DEBUG     [stdout] INICIANDO PASO 4: JUSTIFICACIONES (CRUCE PRIORIZANDO BASE VENTAS)  (Abril_2026)
2026-06-18 09:43:24  [etl.sos]           · DEBUG     [stdout] INICIANDO PASO 4: JUSTIFICACIONES (CRUCE PRIORIZANDO BASE VENTAS)  (Abril_2026)
2026-06-18 09:43:24  [etl.cif]           · DEBUG     [stdout] INICIANDO PASO 4: JUSTIFICACIONES (CRUCE PRIORIZANDO BASE VENTAS)  (Abril_2026)
2026-06-18 09:43:24  [etl.exhib_pagadas]  · DEBUG     [stdout] ========================================
2026-06-18 09:43:24  [etl.precios]       · DEBUG     [stdout] ========================================
2026-06-18 09:43:24  [etl.sos]           · DEBUG     [stdout] ========================================
2026-06-18 09:43:24  [etl.nopresencia]   · DEBUG     [stdout] ========================================
2026-06-18 09:43:24  [etl.exhib_gratis]  · DEBUG     [stdout] ========================================
2026-06-18 09:43:24  [etl.exhib_pagadas]  · DEBUG     [stdout] ========================================
2026-06-18 09:43:24  [etl.precios]       · DEBUG     [stdout] ========================================
2026-06-18 09:43:24  [etl.nopresencia]   · DEBUG     [stdout] ========================================
2026-06-18 09:43:24  [etl.sos]           · DEBUG     [stdout] ========================================
2026-06-18 09:43:24  [etl.cif]           · DEBUG     [stdout] ========================================
2026-06-18 09:43:51  [etl.exhib_pagadas]  ✓ INFO      [stdout] ✅ EXITO: Target normalizado guardado en: C:\Users\Usuario\OneDrive - Universidad de los Andes\Escritorio\PROYECTO_EFICACIA\BASES\SOS\Colombia_sos_target_Normalizado.xlsx
2026-06-18 09:43:51  [etl.precios]       ✓ INFO      [stdout] ✅ EXITO: Target normalizado guardado en: C:\Users\Usuario\OneDrive - Universidad de los Andes\Escritorio\PROYECTO_EFICACIA\BASES\SOS\Colombia_sos_target_Normalizado.xlsx
2026-06-18 09:43:51  [etl.sos]           ✓ INFO      [stdout] ✅ EXITO: Target normalizado guardado en: C:\Users\Usuario\OneDrive - Universidad de los Andes\Escritorio\PROYECTO_EFICACIA\BASES\SOS\Colombia_sos_target_Normalizado.xlsx
2026-06-18 09:43:51  [etl.nopresencia]   ✓ INFO      [stdout] ✅ EXITO: Target normalizado guardado en: C:\Users\Usuario\OneDrive - Universidad de los Andes\Escritorio\PROYECTO_EFICACIA\BASES\SOS\Colombia_sos_target_Normalizado.xlsx
2026-06-18 09:43:51  [etl.exhib_gratis]  ✓ INFO      [stdout] ✅ EXITO: Target normalizado guardado en: C:\Users\Usuario\OneDrive - Universidad de los Andes\Escritorio\PROYECTO_EFICACIA\BASES\SOS\Colombia_sos_target_Normalizado.xlsx
2026-06-18 09:43:51  [etl.exhib_pagadas]  ✓ INFO      [stdout] ✅ EXITO: Target normalizado guardado en: C:\Users\Usuario\OneDrive - Universidad de los Andes\Escritorio\PROYECTO_EFICACIA\BASES\SOS\Colombia_sos_target_Normalizado.xlsx
2026-06-18 09:43:51  [etl.precios]       ✓ INFO      [stdout] ✅ EXITO: Target normalizado guardado en: C:\Users\Usuario\OneDrive - Universidad de los Andes\Escritorio\PROYECTO_EFICACIA\BASES\SOS\Colombia_sos_target_Normalizado.xlsx
2026-06-18 09:43:51  [etl.nopresencia]   ✓ INFO      [stdout] ✅ EXITO: Target normalizado guardado en: C:\Users\Usuario\OneDrive - Universidad de los Andes\Escritorio\PROYECTO_EFICACIA\BASES\SOS\Colombia_sos_target_Normalizado.xlsx
2026-06-18 09:43:51  [etl.sos]           ✓ INFO      [stdout] ✅ EXITO: Target normalizado guardado en: C:\Users\Usuario\OneDrive - Universidad de los Andes\Escritorio\PROYECTO_EFICACIA\BASES\SOS\Colombia_sos_target_Normalizado.xlsx
2026-06-18 09:43:51  [etl.cif]           ✓ INFO      [stdout] ✅ EXITO: Target normalizado guardado en: C:\Users\Usuario\OneDrive - Universidad de los Andes\Escritorio\PROYECTO_EFICACIA\BASES\SOS\Colombia_sos_target_Normalizado.xlsx
2026-06-18 09:43:51  [etl.sos]           ✓ INFO      Target normalizado
2026-06-18 09:43:51  [etl.exhib_pagadas]  · DEBUG     [stdout] --- PASO 5: Generando Reporte Final (Cruce Triple y Cálculos)  (Abril_2026) ---
2026-06-18 09:43:51  [etl.precios]       · DEBUG     [stdout] --- PASO 5: Generando Reporte Final (Cruce Triple y Cálculos)  (Abril_2026) ---
2026-06-18 09:43:51  [etl.sos]           · DEBUG     [stdout] --- PASO 5: Generando Reporte Final (Cruce Triple y Cálculos)  (Abril_2026) ---
2026-06-18 09:43:51  [etl.nopresencia]   · DEBUG     [stdout] --- PASO 5: Generando Reporte Final (Cruce Triple y Cálculos)  (Abril_2026) ---
2026-06-18 09:43:51  [etl.exhib_gratis]  · DEBUG     [stdout] --- PASO 5: Generando Reporte Final (Cruce Triple y Cálculos)  (Abril_2026) ---
2026-06-18 09:43:51  [etl.exhib_pagadas]  · DEBUG     [stdout] --- PASO 5: Generando Reporte Final (Cruce Triple y Cálculos)  (Abril_2026) ---
2026-06-18 09:43:51  [etl.precios]       · DEBUG     [stdout] --- PASO 5: Generando Reporte Final (Cruce Triple y Cálculos)  (Abril_2026) ---
2026-06-18 09:43:51  [etl.nopresencia]   · DEBUG     [stdout] --- PASO 5: Generando Reporte Final (Cruce Triple y Cálculos)  (Abril_2026) ---
2026-06-18 09:43:51  [etl.sos]           · DEBUG     [stdout] --- PASO 5: Generando Reporte Final (Cruce Triple y Cálculos)  (Abril_2026) ---
2026-06-18 09:43:51  [etl.cif]           · DEBUG     [stdout] --- PASO 5: Generando Reporte Final (Cruce Triple y Cálculos)  (Abril_2026) ---
2026-06-18 09:44:20  [etl.exhib_pagadas]  ⚠ WARNING   [stdout] ⚠️  No se pudo leer el reporte SOS previo (Reindexing only valid with uniquely valued Index objects); se sobrescribe.
2026-06-18 09:44:20  [etl.precios]       ⚠ WARNING   [stdout] ⚠️  No se pudo leer el reporte SOS previo (Reindexing only valid with uniquely valued Index objects); se sobrescribe.
2026-06-18 09:44:20  [etl.sos]           ⚠ WARNING   [stdout] ⚠️  No se pudo leer el reporte SOS previo (Reindexing only valid with uniquely valued Index objects); se sobrescribe.
2026-06-18 09:44:20  [etl.nopresencia]   ⚠ WARNING   [stdout] ⚠️  No se pudo leer el reporte SOS previo (Reindexing only valid with uniquely valued Index objects); se sobrescribe.
2026-06-18 09:44:20  [etl.exhib_gratis]  ⚠ WARNING   [stdout] ⚠️  No se pudo leer el reporte SOS previo (Reindexing only valid with uniquely valued Index objects); se sobrescribe.
2026-06-18 09:44:20  [etl.exhib_pagadas]  ⚠ WARNING   [stdout] ⚠️  No se pudo leer el reporte SOS previo (Reindexing only valid with uniquely valued Index objects); se sobrescribe.
2026-06-18 09:44:20  [etl.precios]       ⚠ WARNING   [stdout] ⚠️  No se pudo leer el reporte SOS previo (Reindexing only valid with uniquely valued Index objects); se sobrescribe.
2026-06-18 09:44:20  [etl.nopresencia]   ⚠ WARNING   [stdout] ⚠️  No se pudo leer el reporte SOS previo (Reindexing only valid with uniquely valued Index objects); se sobrescribe.
2026-06-18 09:44:20  [etl.sos]           ⚠ WARNING   [stdout] ⚠️  No se pudo leer el reporte SOS previo (Reindexing only valid with uniquely valued Index objects); se sobrescribe.
2026-06-18 09:44:20  [etl.cif]           ⚠ WARNING   [stdout] ⚠️  No se pudo leer el reporte SOS previo (Reindexing only valid with uniquely valued Index objects); se sobrescribe.
2026-06-18 09:44:28  [etl.exhib_pagadas]  ✓ INFO      [stdout] ✅ EXITO: Reporte Final SOS (Abril_2026) generado en: C:\Users\Usuario\OneDrive - Universidad de los Andes\Escritorio\PROYECTO_EFICACIA\SALIDA\SOS\Reporte_SOS_Final_Calculado.xlsx
2026-06-18 09:44:28  [etl.precios]       ✓ INFO      [stdout] ✅ EXITO: Reporte Final SOS (Abril_2026) generado en: C:\Users\Usuario\OneDrive - Universidad de los Andes\Escritorio\PROYECTO_EFICACIA\SALIDA\SOS\Reporte_SOS_Final_Calculado.xlsx
2026-06-18 09:44:28  [etl.sos]           ✓ INFO      [stdout] ✅ EXITO: Reporte Final SOS (Abril_2026) generado en: C:\Users\Usuario\OneDrive - Universidad de los Andes\Escritorio\PROYECTO_EFICACIA\SALIDA\SOS\Reporte_SOS_Final_Calculado.xlsx
2026-06-18 09:44:28  [etl.nopresencia]   ✓ INFO      [stdout] ✅ EXITO: Reporte Final SOS (Abril_2026) generado en: C:\Users\Usuario\OneDrive - Universidad de los Andes\Escritorio\PROYECTO_EFICACIA\SALIDA\SOS\Reporte_SOS_Final_Calculado.xlsx
2026-06-18 09:44:28  [etl.exhib_gratis]  ✓ INFO      [stdout] ✅ EXITO: Reporte Final SOS (Abril_2026) generado en: C:\Users\Usuario\OneDrive - Universidad de los Andes\Escritorio\PROYECTO_EFICACIA\SALIDA\SOS\Reporte_SOS_Final_Calculado.xlsx
2026-06-18 09:44:28  [etl.exhib_pagadas]  ✓ INFO      [stdout] ✅ EXITO: Reporte Final SOS (Abril_2026) generado en: C:\Users\Usuario\OneDrive - Universidad de los Andes\Escritorio\PROYECTO_EFICACIA\SALIDA\SOS\Reporte_SOS_Final_Calculado.xlsx
2026-06-18 09:44:28  [etl.precios]       ✓ INFO      [stdout] ✅ EXITO: Reporte Final SOS (Abril_2026) generado en: C:\Users\Usuario\OneDrive - Universidad de los Andes\Escritorio\PROYECTO_EFICACIA\SALIDA\SOS\Reporte_SOS_Final_Calculado.xlsx
2026-06-18 09:44:28  [etl.nopresencia]   ✓ INFO      [stdout] ✅ EXITO: Reporte Final SOS (Abril_2026) generado en: C:\Users\Usuario\OneDrive - Universidad de los Andes\Escritorio\PROYECTO_EFICACIA\SALIDA\SOS\Reporte_SOS_Final_Calculado.xlsx
2026-06-18 09:44:28  [etl.sos]           ✓ INFO      [stdout] ✅ EXITO: Reporte Final SOS (Abril_2026) generado en: C:\Users\Usuario\OneDrive - Universidad de los Andes\Escritorio\PROYECTO_EFICACIA\SALIDA\SOS\Reporte_SOS_Final_Calculado.xlsx
2026-06-18 09:44:28  [etl.cif]           ✓ INFO      [stdout] ✅ EXITO: Reporte Final SOS (Abril_2026) generado en: C:\Users\Usuario\OneDrive - Universidad de los Andes\Escritorio\PROYECTO_EFICACIA\SALIDA\SOS\Reporte_SOS_Final_Calculado.xlsx
2026-06-18 09:44:28  [etl.sos]           ✓ INFO      Cruce triple y cálculo SOS completado
2026-06-18 09:44:28  [etl.exhib_pagadas]  · DEBUG     [stdout] --- PASO 6 (V3): RESUMEN KPI SOS por gestor  (Abril_2026) ---
2026-06-18 09:44:28  [etl.precios]       · DEBUG     [stdout] --- PASO 6 (V3): RESUMEN KPI SOS por gestor  (Abril_2026) ---
2026-06-18 09:44:28  [etl.sos]           · DEBUG     [stdout] --- PASO 6 (V3): RESUMEN KPI SOS por gestor  (Abril_2026) ---
2026-06-18 09:44:28  [etl.nopresencia]   · DEBUG     [stdout] --- PASO 6 (V3): RESUMEN KPI SOS por gestor  (Abril_2026) ---
2026-06-18 09:44:28  [etl.exhib_gratis]  · DEBUG     [stdout] --- PASO 6 (V3): RESUMEN KPI SOS por gestor  (Abril_2026) ---
2026-06-18 09:44:28  [etl.exhib_pagadas]  · DEBUG     [stdout] --- PASO 6 (V3): RESUMEN KPI SOS por gestor  (Abril_2026) ---
2026-06-18 09:44:28  [etl.precios]       · DEBUG     [stdout] --- PASO 6 (V3): RESUMEN KPI SOS por gestor  (Abril_2026) ---
2026-06-18 09:44:28  [etl.nopresencia]   · DEBUG     [stdout] --- PASO 6 (V3): RESUMEN KPI SOS por gestor  (Abril_2026) ---
2026-06-18 09:44:28  [etl.sos]           · DEBUG     [stdout] --- PASO 6 (V3): RESUMEN KPI SOS por gestor  (Abril_2026) ---
2026-06-18 09:44:28  [etl.cif]           · DEBUG     [stdout] --- PASO 6 (V3): RESUMEN KPI SOS por gestor  (Abril_2026) ---
2026-06-18 09:44:29  [etl.exhib_pagadas]  · DEBUG     [stdout] Leyendo: Cumplimiento_Captura_SOS.xlsx (497 filas)
2026-06-18 09:44:29  [etl.precios]       · DEBUG     [stdout] Leyendo: Cumplimiento_Captura_SOS.xlsx (497 filas)
2026-06-18 09:44:29  [etl.sos]           · DEBUG     [stdout] Leyendo: Cumplimiento_Captura_SOS.xlsx (497 filas)
2026-06-18 09:44:29  [etl.nopresencia]   · DEBUG     [stdout] Leyendo: Cumplimiento_Captura_SOS.xlsx (497 filas)
2026-06-18 09:44:29  [etl.exhib_gratis]  · DEBUG     [stdout] Leyendo: Cumplimiento_Captura_SOS.xlsx (497 filas)
2026-06-18 09:44:29  [etl.exhib_pagadas]  · DEBUG     [stdout] Leyendo: Cumplimiento_Captura_SOS.xlsx (497 filas)
2026-06-18 09:44:29  [etl.precios]       · DEBUG     [stdout] Leyendo: Cumplimiento_Captura_SOS.xlsx (497 filas)
2026-06-18 09:44:29  [etl.nopresencia]   · DEBUG     [stdout] Leyendo: Cumplimiento_Captura_SOS.xlsx (497 filas)
2026-06-18 09:44:29  [etl.sos]           · DEBUG     [stdout] Leyendo: Cumplimiento_Captura_SOS.xlsx (497 filas)
2026-06-18 09:44:29  [etl.cif]           · DEBUG     [stdout] Leyendo: Cumplimiento_Captura_SOS.xlsx (497 filas)
2026-06-18 09:44:32  [etl.exhib_pagadas]  ✓ INFO      [stdout] ✅ Mes activo: 121 gestores → SOS_KPIS.xlsx
2026-06-18 09:44:32  [etl.precios]       ✓ INFO      [stdout] ✅ Mes activo: 121 gestores → SOS_KPIS.xlsx
2026-06-18 09:44:32  [etl.sos]           ✓ INFO      [stdout] ✅ Mes activo: 121 gestores → SOS_KPIS.xlsx
2026-06-18 09:44:32  [etl.nopresencia]   ✓ INFO      [stdout] ✅ Mes activo: 121 gestores → SOS_KPIS.xlsx
2026-06-18 09:44:32  [etl.exhib_gratis]  ✓ INFO      [stdout] ✅ Mes activo: 121 gestores → SOS_KPIS.xlsx
2026-06-18 09:44:32  [etl.exhib_pagadas]  ✓ INFO      [stdout] ✅ Mes activo: 121 gestores → SOS_KPIS.xlsx
2026-06-18 09:44:32  [etl.precios]       ✓ INFO      [stdout] ✅ Mes activo: 121 gestores → SOS_KPIS.xlsx
2026-06-18 09:44:32  [etl.nopresencia]   ✓ INFO      [stdout] ✅ Mes activo: 121 gestores → SOS_KPIS.xlsx
2026-06-18 09:44:32  [etl.sos]           ✓ INFO      [stdout] ✅ Mes activo: 121 gestores → SOS_KPIS.xlsx
2026-06-18 09:44:32  [etl.cif]           ✓ INFO      [stdout] ✅ Mes activo: 121 gestores → SOS_KPIS.xlsx
2026-06-18 09:44:32  [etl.exhib_pagadas]  ✓ INFO      [stdout] ✅ Histórico acumulado → SOS_KPIS_HISTORICO.xlsx
2026-06-18 09:44:32  [etl.precios]       ✓ INFO      [stdout] ✅ Histórico acumulado → SOS_KPIS_HISTORICO.xlsx
2026-06-18 09:44:32  [etl.sos]           ✓ INFO      [stdout] ✅ Histórico acumulado → SOS_KPIS_HISTORICO.xlsx
2026-06-18 09:44:32  [etl.nopresencia]   ✓ INFO      [stdout] ✅ Histórico acumulado → SOS_KPIS_HISTORICO.xlsx
2026-06-18 09:44:32  [etl.exhib_gratis]  ✓ INFO      [stdout] ✅ Histórico acumulado → SOS_KPIS_HISTORICO.xlsx
2026-06-18 09:44:32  [etl.exhib_pagadas]  ✓ INFO      [stdout] ✅ Histórico acumulado → SOS_KPIS_HISTORICO.xlsx
2026-06-18 09:44:32  [etl.precios]       ✓ INFO      [stdout] ✅ Histórico acumulado → SOS_KPIS_HISTORICO.xlsx
2026-06-18 09:44:32  [etl.nopresencia]   ✓ INFO      [stdout] ✅ Histórico acumulado → SOS_KPIS_HISTORICO.xlsx
2026-06-18 09:44:32  [etl.sos]           ✓ INFO      [stdout] ✅ Histórico acumulado → SOS_KPIS_HISTORICO.xlsx
2026-06-18 09:44:32  [etl.cif]           ✓ INFO      [stdout] ✅ Histórico acumulado → SOS_KPIS_HISTORICO.xlsx
2026-06-18 09:44:32  [etl.sos]           ✓ INFO      KPI SOS consolidado
2026-06-18 09:44:32  [etl.sos]           ✓ INFO      ETL SOS — completado
2026-06-18 09:44:33  [etl.sos]           ✓ INFO      Duración total: 477.4s
2026-06-18 09:44:33  [etl.orquestador]   ✓ INFO      ETL 'sos' terminó — ✓ OK en 477.4s
2026-06-18 09:45:28  [etl.exhib_pagadas]  ✓ INFO      [stdout] ✅ Paso 4 finalizado: IDs unificados (Ventas > Plan) y justificaciones procesadas.
2026-06-18 09:45:28  [etl.precios]       ✓ INFO      [stdout] ✅ Paso 4 finalizado: IDs unificados (Ventas > Plan) y justificaciones procesadas.
2026-06-18 09:45:28  [etl.sos]           ✓ INFO      [stdout] ✅ Paso 4 finalizado: IDs unificados (Ventas > Plan) y justificaciones procesadas.
2026-06-18 09:45:28  [etl.nopresencia]   ✓ INFO      [stdout] ✅ Paso 4 finalizado: IDs unificados (Ventas > Plan) y justificaciones procesadas.
2026-06-18 09:45:28  [etl.exhib_gratis]  ✓ INFO      [stdout] ✅ Paso 4 finalizado: IDs unificados (Ventas > Plan) y justificaciones procesadas.
2026-06-18 09:45:28  [etl.exhib_pagadas]  ✓ INFO      [stdout] ✅ Paso 4 finalizado: IDs unificados (Ventas > Plan) y justificaciones procesadas.
2026-06-18 09:45:28  [etl.precios]       ✓ INFO      [stdout] ✅ Paso 4 finalizado: IDs unificados (Ventas > Plan) y justificaciones procesadas.
2026-06-18 09:45:28  [etl.nopresencia]   ✓ INFO      [stdout] ✅ Paso 4 finalizado: IDs unificados (Ventas > Plan) y justificaciones procesadas.
2026-06-18 09:45:28  [etl.cif]           ✓ INFO      Paso 5 — Agrupación visitas (unificación gestores)
2026-06-18 09:45:28  [etl.exhib_pagadas]  · DEBUG     [stdout] ========================================
2026-06-18 09:45:28  [etl.precios]       · DEBUG     [stdout] ========================================
2026-06-18 09:45:28  [etl.sos]           · DEBUG     [stdout] ========================================
2026-06-18 09:45:28  [etl.nopresencia]   · DEBUG     [stdout] ========================================
2026-06-18 09:45:28  [etl.exhib_gratis]  · DEBUG     [stdout] ========================================
2026-06-18 09:45:28  [etl.exhib_pagadas]  · DEBUG     [stdout] ========================================
2026-06-18 09:45:28  [etl.precios]       · DEBUG     [stdout] ========================================
2026-06-18 09:45:28  [etl.nopresencia]   · DEBUG     [stdout] ========================================
2026-06-18 09:45:28  [etl.exhib_pagadas]  · DEBUG     [stdout] INICIANDO PASO 5: CONSOLIDACIÓN (CORRECCIÓN DE ID FORMATO .0)
2026-06-18 09:45:28  [etl.precios]       · DEBUG     [stdout] INICIANDO PASO 5: CONSOLIDACIÓN (CORRECCIÓN DE ID FORMATO .0)
2026-06-18 09:45:28  [etl.sos]           · DEBUG     [stdout] INICIANDO PASO 5: CONSOLIDACIÓN (CORRECCIÓN DE ID FORMATO .0)
2026-06-18 09:45:28  [etl.nopresencia]   · DEBUG     [stdout] INICIANDO PASO 5: CONSOLIDACIÓN (CORRECCIÓN DE ID FORMATO .0)
2026-06-18 09:45:28  [etl.exhib_gratis]  · DEBUG     [stdout] INICIANDO PASO 5: CONSOLIDACIÓN (CORRECCIÓN DE ID FORMATO .0)
2026-06-18 09:45:28  [etl.exhib_pagadas]  · DEBUG     [stdout] INICIANDO PASO 5: CONSOLIDACIÓN (CORRECCIÓN DE ID FORMATO .0)
2026-06-18 09:45:28  [etl.precios]       · DEBUG     [stdout] INICIANDO PASO 5: CONSOLIDACIÓN (CORRECCIÓN DE ID FORMATO .0)
2026-06-18 09:45:28  [etl.nopresencia]   · DEBUG     [stdout] INICIANDO PASO 5: CONSOLIDACIÓN (CORRECCIÓN DE ID FORMATO .0)
2026-06-18 09:45:28  [etl.exhib_pagadas]  · DEBUG     [stdout] ========================================
2026-06-18 09:45:28  [etl.precios]       · DEBUG     [stdout] ========================================
2026-06-18 09:45:28  [etl.sos]           · DEBUG     [stdout] ========================================
2026-06-18 09:45:28  [etl.nopresencia]   · DEBUG     [stdout] ========================================
2026-06-18 09:45:28  [etl.exhib_gratis]  · DEBUG     [stdout] ========================================
2026-06-18 09:45:28  [etl.exhib_pagadas]  · DEBUG     [stdout] ========================================
2026-06-18 09:45:28  [etl.precios]       · DEBUG     [stdout] ========================================
2026-06-18 09:45:28  [etl.nopresencia]   · DEBUG     [stdout] ========================================
2026-06-18 09:45:28  [etl.exhib_pagadas]  ✓ INFO      [stdout] ✅ ¡Proceso Limpio! IDs corregidos y apoyos sumados al Gestor.
2026-06-18 09:45:28  [etl.precios]       ✓ INFO      [stdout] ✅ ¡Proceso Limpio! IDs corregidos y apoyos sumados al Gestor.
2026-06-18 09:45:28  [etl.sos]           ✓ INFO      [stdout] ✅ ¡Proceso Limpio! IDs corregidos y apoyos sumados al Gestor.
2026-06-18 09:45:28  [etl.nopresencia]   ✓ INFO      [stdout] ✅ ¡Proceso Limpio! IDs corregidos y apoyos sumados al Gestor.
2026-06-18 09:45:28  [etl.exhib_gratis]  ✓ INFO      [stdout] ✅ ¡Proceso Limpio! IDs corregidos y apoyos sumados al Gestor.
2026-06-18 09:45:28  [etl.exhib_pagadas]  ✓ INFO      [stdout] ✅ ¡Proceso Limpio! IDs corregidos y apoyos sumados al Gestor.
2026-06-18 09:45:28  [etl.precios]       ✓ INFO      [stdout] ✅ ¡Proceso Limpio! IDs corregidos y apoyos sumados al Gestor.
2026-06-18 09:45:28  [etl.nopresencia]   ✓ INFO      [stdout] ✅ ¡Proceso Limpio! IDs corregidos y apoyos sumados al Gestor.
2026-06-18 09:45:28  [etl.cif]           ✓ INFO      Paso 6 — Generación de alertas de tiempos inconsistentes
2026-06-18 09:45:28  [etl.exhib_pagadas]  · DEBUG     [stdout] ========================================
2026-06-18 09:45:28  [etl.precios]       · DEBUG     [stdout] ========================================
2026-06-18 09:45:28  [etl.sos]           · DEBUG     [stdout] ========================================
2026-06-18 09:45:28  [etl.nopresencia]   · DEBUG     [stdout] ========================================
2026-06-18 09:45:28  [etl.exhib_gratis]  · DEBUG     [stdout] ========================================
2026-06-18 09:45:28  [etl.exhib_pagadas]  · DEBUG     [stdout] ========================================
2026-06-18 09:45:28  [etl.precios]       · DEBUG     [stdout] ========================================
2026-06-18 09:45:28  [etl.nopresencia]   · DEBUG     [stdout] ========================================
2026-06-18 09:45:28  [etl.exhib_pagadas]  · DEBUG     [stdout] INICIANDO PASO 6: GENERACIÓN DE ALERTAS (RUTA CIF SALIDA)
2026-06-18 09:45:28  [etl.precios]       · DEBUG     [stdout] INICIANDO PASO 6: GENERACIÓN DE ALERTAS (RUTA CIF SALIDA)
2026-06-18 09:45:28  [etl.sos]           · DEBUG     [stdout] INICIANDO PASO 6: GENERACIÓN DE ALERTAS (RUTA CIF SALIDA)
2026-06-18 09:45:28  [etl.nopresencia]   · DEBUG     [stdout] INICIANDO PASO 6: GENERACIÓN DE ALERTAS (RUTA CIF SALIDA)
2026-06-18 09:45:28  [etl.exhib_gratis]  · DEBUG     [stdout] INICIANDO PASO 6: GENERACIÓN DE ALERTAS (RUTA CIF SALIDA)
2026-06-18 09:45:28  [etl.exhib_pagadas]  · DEBUG     [stdout] INICIANDO PASO 6: GENERACIÓN DE ALERTAS (RUTA CIF SALIDA)
2026-06-18 09:45:28  [etl.precios]       · DEBUG     [stdout] INICIANDO PASO 6: GENERACIÓN DE ALERTAS (RUTA CIF SALIDA)
2026-06-18 09:45:28  [etl.nopresencia]   · DEBUG     [stdout] INICIANDO PASO 6: GENERACIÓN DE ALERTAS (RUTA CIF SALIDA)
2026-06-18 09:45:28  [etl.exhib_pagadas]  · DEBUG     [stdout] ========================================
2026-06-18 09:45:28  [etl.precios]       · DEBUG     [stdout] ========================================
2026-06-18 09:45:28  [etl.sos]           · DEBUG     [stdout] ========================================
2026-06-18 09:45:28  [etl.nopresencia]   · DEBUG     [stdout] ========================================
2026-06-18 09:45:28  [etl.exhib_gratis]  · DEBUG     [stdout] ========================================
2026-06-18 09:45:28  [etl.exhib_pagadas]  · DEBUG     [stdout] ========================================
2026-06-18 09:45:28  [etl.precios]       · DEBUG     [stdout] ========================================
2026-06-18 09:45:28  [etl.nopresencia]   · DEBUG     [stdout] ========================================
2026-06-18 09:45:29  [etl.exhib_pagadas]  ⚠ WARNING   [stdout] ⚠️ AUDITORÍA: Se detectaron 63 registros con tiempos > 9h.
2026-06-18 09:45:29  [etl.precios]       ⚠ WARNING   [stdout] ⚠️ AUDITORÍA: Se detectaron 63 registros con tiempos > 9h.
2026-06-18 09:45:29  [etl.sos]           ⚠ WARNING   [stdout] ⚠️ AUDITORÍA: Se detectaron 63 registros con tiempos > 9h.
2026-06-18 09:45:29  [etl.nopresencia]   ⚠ WARNING   [stdout] ⚠️ AUDITORÍA: Se detectaron 63 registros con tiempos > 9h.
2026-06-18 09:45:29  [etl.exhib_gratis]  ⚠ WARNING   [stdout] ⚠️ AUDITORÍA: Se detectaron 63 registros con tiempos > 9h.
2026-06-18 09:45:29  [etl.exhib_pagadas]  ⚠ WARNING   [stdout] ⚠️ AUDITORÍA: Se detectaron 63 registros con tiempos > 9h.
2026-06-18 09:45:29  [etl.precios]       ⚠ WARNING   [stdout] ⚠️ AUDITORÍA: Se detectaron 63 registros con tiempos > 9h.
2026-06-18 09:45:29  [etl.nopresencia]   ⚠ WARNING   [stdout] ⚠️ AUDITORÍA: Se detectaron 63 registros con tiempos > 9h.
2026-06-18 09:45:29  [etl.exhib_pagadas]  · DEBUG     [stdout] 📁 Archivo de alertas generado en: C:\Users\Usuario\OneDrive - Universidad de los Andes\Escritorio\PROYECTO_EFICACIA\SALIDA\CIF\ALERTAS_TIEMPOS_INCONSISTENTES.csv
2026-06-18 09:45:29  [etl.precios]       · DEBUG     [stdout] 📁 Archivo de alertas generado en: C:\Users\Usuario\OneDrive - Universidad de los Andes\Escritorio\PROYECTO_EFICACIA\SALIDA\CIF\ALERTAS_TIEMPOS_INCONSISTENTES.csv
2026-06-18 09:45:29  [etl.sos]           · DEBUG     [stdout] 📁 Archivo de alertas generado en: C:\Users\Usuario\OneDrive - Universidad de los Andes\Escritorio\PROYECTO_EFICACIA\SALIDA\CIF\ALERTAS_TIEMPOS_INCONSISTENTES.csv
2026-06-18 09:45:29  [etl.nopresencia]   · DEBUG     [stdout] 📁 Archivo de alertas generado en: C:\Users\Usuario\OneDrive - Universidad de los Andes\Escritorio\PROYECTO_EFICACIA\SALIDA\CIF\ALERTAS_TIEMPOS_INCONSISTENTES.csv
2026-06-18 09:45:29  [etl.exhib_gratis]  · DEBUG     [stdout] 📁 Archivo de alertas generado en: C:\Users\Usuario\OneDrive - Universidad de los Andes\Escritorio\PROYECTO_EFICACIA\SALIDA\CIF\ALERTAS_TIEMPOS_INCONSISTENTES.csv
2026-06-18 09:45:29  [etl.exhib_pagadas]  · DEBUG     [stdout] 📁 Archivo de alertas generado en: C:\Users\Usuario\OneDrive - Universidad de los Andes\Escritorio\PROYECTO_EFICACIA\SALIDA\CIF\ALERTAS_TIEMPOS_INCONSISTENTES.csv
2026-06-18 09:45:29  [etl.precios]       · DEBUG     [stdout] 📁 Archivo de alertas generado en: C:\Users\Usuario\OneDrive - Universidad de los Andes\Escritorio\PROYECTO_EFICACIA\SALIDA\CIF\ALERTAS_TIEMPOS_INCONSISTENTES.csv
2026-06-18 09:45:29  [etl.nopresencia]   · DEBUG     [stdout] 📁 Archivo de alertas generado en: C:\Users\Usuario\OneDrive - Universidad de los Andes\Escritorio\PROYECTO_EFICACIA\SALIDA\CIF\ALERTAS_TIEMPOS_INCONSISTENTES.csv
2026-06-18 09:45:29  [etl.exhib_pagadas]  · DEBUG     [stdout] ========================================
2026-06-18 09:45:29  [etl.precios]       · DEBUG     [stdout] ========================================
2026-06-18 09:45:29  [etl.sos]           · DEBUG     [stdout] ========================================
2026-06-18 09:45:29  [etl.nopresencia]   · DEBUG     [stdout] ========================================
2026-06-18 09:45:29  [etl.exhib_gratis]  · DEBUG     [stdout] ========================================
2026-06-18 09:45:29  [etl.exhib_pagadas]  · DEBUG     [stdout] ========================================
2026-06-18 09:45:29  [etl.precios]       · DEBUG     [stdout] ========================================
2026-06-18 09:45:29  [etl.nopresencia]   · DEBUG     [stdout] ========================================
2026-06-18 09:45:29  [etl.cif]           ✓ INFO      Paso 7 — Resultado final Excel
2026-06-18 09:45:29  [etl.exhib_pagadas]  · DEBUG     [stdout] ========================================
2026-06-18 09:45:29  [etl.precios]       · DEBUG     [stdout] ========================================
2026-06-18 09:45:29  [etl.sos]           · DEBUG     [stdout] ========================================
2026-06-18 09:45:29  [etl.nopresencia]   · DEBUG     [stdout] ========================================
2026-06-18 09:45:29  [etl.exhib_gratis]  · DEBUG     [stdout] ========================================
2026-06-18 09:45:29  [etl.exhib_pagadas]  · DEBUG     [stdout] ========================================
2026-06-18 09:45:29  [etl.precios]       · DEBUG     [stdout] ========================================
2026-06-18 09:45:29  [etl.nopresencia]   · DEBUG     [stdout] ========================================
2026-06-18 09:45:29  [etl.exhib_pagadas]  · DEBUG     [stdout] INICIANDO PASO 7: ESTRUCTURACIÓN FINAL  (Abril_2026)
2026-06-18 09:45:29  [etl.precios]       · DEBUG     [stdout] INICIANDO PASO 7: ESTRUCTURACIÓN FINAL  (Abril_2026)
2026-06-18 09:45:29  [etl.sos]           · DEBUG     [stdout] INICIANDO PASO 7: ESTRUCTURACIÓN FINAL  (Abril_2026)
2026-06-18 09:45:29  [etl.nopresencia]   · DEBUG     [stdout] INICIANDO PASO 7: ESTRUCTURACIÓN FINAL  (Abril_2026)
2026-06-18 09:45:29  [etl.exhib_gratis]  · DEBUG     [stdout] INICIANDO PASO 7: ESTRUCTURACIÓN FINAL  (Abril_2026)
2026-06-18 09:45:29  [etl.exhib_pagadas]  · DEBUG     [stdout] INICIANDO PASO 7: ESTRUCTURACIÓN FINAL  (Abril_2026)
2026-06-18 09:45:29  [etl.precios]       · DEBUG     [stdout] INICIANDO PASO 7: ESTRUCTURACIÓN FINAL  (Abril_2026)
2026-06-18 09:45:29  [etl.nopresencia]   · DEBUG     [stdout] INICIANDO PASO 7: ESTRUCTURACIÓN FINAL  (Abril_2026)
2026-06-18 09:45:29  [etl.exhib_pagadas]  · DEBUG     [stdout] ========================================
2026-06-18 09:45:29  [etl.precios]       · DEBUG     [stdout] ========================================
2026-06-18 09:45:29  [etl.sos]           · DEBUG     [stdout] ========================================
2026-06-18 09:45:29  [etl.nopresencia]   · DEBUG     [stdout] ========================================
2026-06-18 09:45:29  [etl.exhib_gratis]  · DEBUG     [stdout] ========================================
2026-06-18 09:45:29  [etl.exhib_pagadas]  · DEBUG     [stdout] ========================================
2026-06-18 09:45:29  [etl.precios]       · DEBUG     [stdout] ========================================
2026-06-18 09:45:29  [etl.nopresencia]   · DEBUG     [stdout] ========================================
2026-06-18 09:45:29  [etl.exhib_pagadas]  · DEBUG     [stdout] 📅 Periodo confirmado: 04/2026
2026-06-18 09:45:29  [etl.precios]       · DEBUG     [stdout] 📅 Periodo confirmado: 04/2026
2026-06-18 09:45:29  [etl.sos]           · DEBUG     [stdout] 📅 Periodo confirmado: 04/2026
2026-06-18 09:45:29  [etl.nopresencia]   · DEBUG     [stdout] 📅 Periodo confirmado: 04/2026
2026-06-18 09:45:29  [etl.exhib_gratis]  · DEBUG     [stdout] 📅 Periodo confirmado: 04/2026
2026-06-18 09:45:29  [etl.exhib_pagadas]  · DEBUG     [stdout] 📅 Periodo confirmado: 04/2026
2026-06-18 09:45:29  [etl.precios]       · DEBUG     [stdout] 📅 Periodo confirmado: 04/2026
2026-06-18 09:45:29  [etl.nopresencia]   · DEBUG     [stdout] 📅 Periodo confirmado: 04/2026
2026-06-18 09:45:30  [etl.exhib_pagadas]  · DEBUG     [stdout] 🔧 H4 fallback: 312 filas del plan rescatadas via CEDULA.
2026-06-18 09:45:30  [etl.precios]       · DEBUG     [stdout] 🔧 H4 fallback: 312 filas del plan rescatadas via CEDULA.
2026-06-18 09:45:30  [etl.sos]           · DEBUG     [stdout] 🔧 H4 fallback: 312 filas del plan rescatadas via CEDULA.
2026-06-18 09:45:30  [etl.nopresencia]   · DEBUG     [stdout] 🔧 H4 fallback: 312 filas del plan rescatadas via CEDULA.
2026-06-18 09:45:30  [etl.exhib_gratis]  · DEBUG     [stdout] 🔧 H4 fallback: 312 filas del plan rescatadas via CEDULA.
2026-06-18 09:45:30  [etl.exhib_pagadas]  · DEBUG     [stdout] 🔧 H4 fallback: 312 filas del plan rescatadas via CEDULA.
2026-06-18 09:45:30  [etl.precios]       · DEBUG     [stdout] 🔧 H4 fallback: 312 filas del plan rescatadas via CEDULA.
2026-06-18 09:45:30  [etl.nopresencia]   · DEBUG     [stdout] 🔧 H4 fallback: 312 filas del plan rescatadas via CEDULA.
2026-06-18 09:45:33  [etl.exhib_pagadas]  ✓ INFO      [stdout] ✅ ¡LISTO! Excel generado para el periodo 4/2026.
2026-06-18 09:45:33  [etl.precios]       ✓ INFO      [stdout] ✅ ¡LISTO! Excel generado para el periodo 4/2026.
2026-06-18 09:45:33  [etl.sos]           ✓ INFO      [stdout] ✅ ¡LISTO! Excel generado para el periodo 4/2026.
2026-06-18 09:45:33  [etl.nopresencia]   ✓ INFO      [stdout] ✅ ¡LISTO! Excel generado para el periodo 4/2026.
2026-06-18 09:45:33  [etl.exhib_gratis]  ✓ INFO      [stdout] ✅ ¡LISTO! Excel generado para el periodo 4/2026.
2026-06-18 09:45:33  [etl.exhib_pagadas]  ✓ INFO      [stdout] ✅ ¡LISTO! Excel generado para el periodo 4/2026.
2026-06-18 09:45:33  [etl.precios]       ✓ INFO      [stdout] ✅ ¡LISTO! Excel generado para el periodo 4/2026.
2026-06-18 09:45:33  [etl.nopresencia]   ✓ INFO      [stdout] ✅ ¡LISTO! Excel generado para el periodo 4/2026.
2026-06-18 09:45:33  [etl.exhib_pagadas]  · DEBUG     [stdout] 📁 C:\Users\Usuario\OneDrive - Universidad de los Andes\Escritorio\PROYECTO_EFICACIA\SALIDA\CIF\CIF.xlsx
2026-06-18 09:45:33  [etl.precios]       · DEBUG     [stdout] 📁 C:\Users\Usuario\OneDrive - Universidad de los Andes\Escritorio\PROYECTO_EFICACIA\SALIDA\CIF\CIF.xlsx
2026-06-18 09:45:33  [etl.sos]           · DEBUG     [stdout] 📁 C:\Users\Usuario\OneDrive - Universidad de los Andes\Escritorio\PROYECTO_EFICACIA\SALIDA\CIF\CIF.xlsx
2026-06-18 09:45:33  [etl.nopresencia]   · DEBUG     [stdout] 📁 C:\Users\Usuario\OneDrive - Universidad de los Andes\Escritorio\PROYECTO_EFICACIA\SALIDA\CIF\CIF.xlsx
2026-06-18 09:45:33  [etl.exhib_gratis]  · DEBUG     [stdout] 📁 C:\Users\Usuario\OneDrive - Universidad de los Andes\Escritorio\PROYECTO_EFICACIA\SALIDA\CIF\CIF.xlsx
2026-06-18 09:45:33  [etl.exhib_pagadas]  · DEBUG     [stdout] 📁 C:\Users\Usuario\OneDrive - Universidad de los Andes\Escritorio\PROYECTO_EFICACIA\SALIDA\CIF\CIF.xlsx
2026-06-18 09:45:33  [etl.precios]       · DEBUG     [stdout] 📁 C:\Users\Usuario\OneDrive - Universidad de los Andes\Escritorio\PROYECTO_EFICACIA\SALIDA\CIF\CIF.xlsx
2026-06-18 09:45:33  [etl.nopresencia]   · DEBUG     [stdout] 📁 C:\Users\Usuario\OneDrive - Universidad de los Andes\Escritorio\PROYECTO_EFICACIA\SALIDA\CIF\CIF.xlsx
2026-06-18 09:45:33  [etl.exhib_pagadas]  · DEBUG     [stdout] 📁 C:\Users\Usuario\OneDrive - Universidad de los Andes\Escritorio\PROYECTO_EFICACIA\SALIDA\CIF\Plan de trabajo.xlsx  (alias legacy)
2026-06-18 09:45:33  [etl.precios]       · DEBUG     [stdout] 📁 C:\Users\Usuario\OneDrive - Universidad de los Andes\Escritorio\PROYECTO_EFICACIA\SALIDA\CIF\Plan de trabajo.xlsx  (alias legacy)
2026-06-18 09:45:33  [etl.sos]           · DEBUG     [stdout] 📁 C:\Users\Usuario\OneDrive - Universidad de los Andes\Escritorio\PROYECTO_EFICACIA\SALIDA\CIF\Plan de trabajo.xlsx  (alias legacy)
2026-06-18 09:45:33  [etl.nopresencia]   · DEBUG     [stdout] 📁 C:\Users\Usuario\OneDrive - Universidad de los Andes\Escritorio\PROYECTO_EFICACIA\SALIDA\CIF\Plan de trabajo.xlsx  (alias legacy)
2026-06-18 09:45:33  [etl.exhib_gratis]  · DEBUG     [stdout] 📁 C:\Users\Usuario\OneDrive - Universidad de los Andes\Escritorio\PROYECTO_EFICACIA\SALIDA\CIF\Plan de trabajo.xlsx  (alias legacy)
2026-06-18 09:45:33  [etl.exhib_pagadas]  · DEBUG     [stdout] 📁 C:\Users\Usuario\OneDrive - Universidad de los Andes\Escritorio\PROYECTO_EFICACIA\SALIDA\CIF\Plan de trabajo.xlsx  (alias legacy)
2026-06-18 09:45:33  [etl.precios]       · DEBUG     [stdout] 📁 C:\Users\Usuario\OneDrive - Universidad de los Andes\Escritorio\PROYECTO_EFICACIA\SALIDA\CIF\Plan de trabajo.xlsx  (alias legacy)
2026-06-18 09:45:33  [etl.nopresencia]   · DEBUG     [stdout] 📁 C:\Users\Usuario\OneDrive - Universidad de los Andes\Escritorio\PROYECTO_EFICACIA\SALIDA\CIF\Plan de trabajo.xlsx  (alias legacy)
2026-06-18 09:45:33  [etl.exhib_pagadas]  · DEBUG     [stdout] ========================================
2026-06-18 09:45:33  [etl.precios]       · DEBUG     [stdout] ========================================
2026-06-18 09:45:33  [etl.sos]           · DEBUG     [stdout] ========================================
2026-06-18 09:45:33  [etl.nopresencia]   · DEBUG     [stdout] ========================================
2026-06-18 09:45:33  [etl.exhib_gratis]  · DEBUG     [stdout] ========================================
2026-06-18 09:45:33  [etl.exhib_pagadas]  · DEBUG     [stdout] ========================================
2026-06-18 09:45:33  [etl.precios]       · DEBUG     [stdout] ========================================
2026-06-18 09:45:33  [etl.nopresencia]   · DEBUG     [stdout] ========================================
2026-06-18 09:45:33  [etl.cif]           ✓ INFO      Paso 8 — KPIs por gestor
2026-06-18 09:45:33  [etl.exhib_pagadas]  · DEBUG     [stdout] ========================================
2026-06-18 09:45:33  [etl.precios]       · DEBUG     [stdout] ========================================
2026-06-18 09:45:33  [etl.sos]           · DEBUG     [stdout] ========================================
2026-06-18 09:45:33  [etl.nopresencia]   · DEBUG     [stdout] ========================================
2026-06-18 09:45:33  [etl.exhib_gratis]  · DEBUG     [stdout] ========================================
2026-06-18 09:45:33  [etl.exhib_pagadas]  · DEBUG     [stdout] ========================================
2026-06-18 09:45:33  [etl.precios]       · DEBUG     [stdout] ========================================
2026-06-18 09:45:33  [etl.nopresencia]   · DEBUG     [stdout] ========================================
2026-06-18 09:45:33  [etl.exhib_pagadas]  · DEBUG     [stdout] INICIANDO PASO 8: RESUMEN KPIS POR GESTOR (V3)  (Abril_2026)
2026-06-18 09:45:33  [etl.precios]       · DEBUG     [stdout] INICIANDO PASO 8: RESUMEN KPIS POR GESTOR (V3)  (Abril_2026)
2026-06-18 09:45:33  [etl.sos]           · DEBUG     [stdout] INICIANDO PASO 8: RESUMEN KPIS POR GESTOR (V3)  (Abril_2026)
2026-06-18 09:45:33  [etl.nopresencia]   · DEBUG     [stdout] INICIANDO PASO 8: RESUMEN KPIS POR GESTOR (V3)  (Abril_2026)
2026-06-18 09:45:33  [etl.exhib_gratis]  · DEBUG     [stdout] INICIANDO PASO 8: RESUMEN KPIS POR GESTOR (V3)  (Abril_2026)
2026-06-18 09:45:33  [etl.exhib_pagadas]  · DEBUG     [stdout] INICIANDO PASO 8: RESUMEN KPIS POR GESTOR (V3)  (Abril_2026)
2026-06-18 09:45:33  [etl.precios]       · DEBUG     [stdout] INICIANDO PASO 8: RESUMEN KPIS POR GESTOR (V3)  (Abril_2026)
2026-06-18 09:45:33  [etl.nopresencia]   · DEBUG     [stdout] INICIANDO PASO 8: RESUMEN KPIS POR GESTOR (V3)  (Abril_2026)
2026-06-18 09:45:33  [etl.exhib_pagadas]  · DEBUG     [stdout] ========================================
2026-06-18 09:45:33  [etl.precios]       · DEBUG     [stdout] ========================================
2026-06-18 09:45:33  [etl.sos]           · DEBUG     [stdout] ========================================
2026-06-18 09:45:33  [etl.nopresencia]   · DEBUG     [stdout] ========================================
2026-06-18 09:45:33  [etl.exhib_gratis]  · DEBUG     [stdout] ========================================
2026-06-18 09:45:33  [etl.exhib_pagadas]  · DEBUG     [stdout] ========================================
2026-06-18 09:45:33  [etl.precios]       · DEBUG     [stdout] ========================================
2026-06-18 09:45:33  [etl.nopresencia]   · DEBUG     [stdout] ========================================
2026-06-18 09:45:33  [etl.exhib_pagadas]  · DEBUG     [stdout] Leyendo: C:\Users\Usuario\OneDrive - Universidad de los Andes\Escritorio\PROYECTO_EFICACIA\SALIDA\CIF\CIF.xlsx
2026-06-18 09:45:33  [etl.precios]       · DEBUG     [stdout] Leyendo: C:\Users\Usuario\OneDrive - Universidad de los Andes\Escritorio\PROYECTO_EFICACIA\SALIDA\CIF\CIF.xlsx
2026-06-18 09:45:33  [etl.sos]           · DEBUG     [stdout] Leyendo: C:\Users\Usuario\OneDrive - Universidad de los Andes\Escritorio\PROYECTO_EFICACIA\SALIDA\CIF\CIF.xlsx
2026-06-18 09:45:33  [etl.nopresencia]   · DEBUG     [stdout] Leyendo: C:\Users\Usuario\OneDrive - Universidad de los Andes\Escritorio\PROYECTO_EFICACIA\SALIDA\CIF\CIF.xlsx
2026-06-18 09:45:33  [etl.exhib_gratis]  · DEBUG     [stdout] Leyendo: C:\Users\Usuario\OneDrive - Universidad de los Andes\Escritorio\PROYECTO_EFICACIA\SALIDA\CIF\CIF.xlsx
2026-06-18 09:45:33  [etl.exhib_pagadas]  · DEBUG     [stdout] Leyendo: C:\Users\Usuario\OneDrive - Universidad de los Andes\Escritorio\PROYECTO_EFICACIA\SALIDA\CIF\CIF.xlsx
2026-06-18 09:45:33  [etl.precios]       · DEBUG     [stdout] Leyendo: C:\Users\Usuario\OneDrive - Universidad de los Andes\Escritorio\PROYECTO_EFICACIA\SALIDA\CIF\CIF.xlsx
2026-06-18 09:45:33  [etl.nopresencia]   · DEBUG     [stdout] Leyendo: C:\Users\Usuario\OneDrive - Universidad de los Andes\Escritorio\PROYECTO_EFICACIA\SALIDA\CIF\CIF.xlsx
2026-06-18 09:45:34  [etl.exhib_pagadas]  ✓ INFO      [stdout] ✅ Mes activo  (04/2026): 152 gestores → KPIS_CIF.xlsx
2026-06-18 09:45:34  [etl.precios]       ✓ INFO      [stdout] ✅ Mes activo  (04/2026): 152 gestores → KPIS_CIF.xlsx
2026-06-18 09:45:34  [etl.sos]           ✓ INFO      [stdout] ✅ Mes activo  (04/2026): 152 gestores → KPIS_CIF.xlsx
2026-06-18 09:45:34  [etl.nopresencia]   ✓ INFO      [stdout] ✅ Mes activo  (04/2026): 152 gestores → KPIS_CIF.xlsx
2026-06-18 09:45:34  [etl.exhib_gratis]  ✓ INFO      [stdout] ✅ Mes activo  (04/2026): 152 gestores → KPIS_CIF.xlsx
2026-06-18 09:45:34  [etl.exhib_pagadas]  ✓ INFO      [stdout] ✅ Mes activo  (04/2026): 152 gestores → KPIS_CIF.xlsx
2026-06-18 09:45:34  [etl.precios]       ✓ INFO      [stdout] ✅ Mes activo  (04/2026): 152 gestores → KPIS_CIF.xlsx
2026-06-18 09:45:34  [etl.nopresencia]   ✓ INFO      [stdout] ✅ Mes activo  (04/2026): 152 gestores → KPIS_CIF.xlsx
2026-06-18 09:45:34  [etl.exhib_pagadas]  ✓ INFO      [stdout] ✅ Histórico: 453 filas totales → KPIS_CIF_HISTORICO.xlsx
2026-06-18 09:45:34  [etl.precios]       ✓ INFO      [stdout] ✅ Histórico: 453 filas totales → KPIS_CIF_HISTORICO.xlsx
2026-06-18 09:45:34  [etl.sos]           ✓ INFO      [stdout] ✅ Histórico: 453 filas totales → KPIS_CIF_HISTORICO.xlsx
2026-06-18 09:45:34  [etl.nopresencia]   ✓ INFO      [stdout] ✅ Histórico: 453 filas totales → KPIS_CIF_HISTORICO.xlsx
2026-06-18 09:45:34  [etl.exhib_gratis]  ✓ INFO      [stdout] ✅ Histórico: 453 filas totales → KPIS_CIF_HISTORICO.xlsx
2026-06-18 09:45:34  [etl.exhib_pagadas]  ✓ INFO      [stdout] ✅ Histórico: 453 filas totales → KPIS_CIF_HISTORICO.xlsx
2026-06-18 09:45:34  [etl.precios]       ✓ INFO      [stdout] ✅ Histórico: 453 filas totales → KPIS_CIF_HISTORICO.xlsx
2026-06-18 09:45:34  [etl.nopresencia]   ✓ INFO      [stdout] ✅ Histórico: 453 filas totales → KPIS_CIF_HISTORICO.xlsx
2026-06-18 09:45:34  [etl.exhib_pagadas]  · DEBUG     [stdout] ========================================
2026-06-18 09:45:34  [etl.precios]       · DEBUG     [stdout] ========================================
2026-06-18 09:45:34  [etl.sos]           · DEBUG     [stdout] ========================================
2026-06-18 09:45:34  [etl.nopresencia]   · DEBUG     [stdout] ========================================
2026-06-18 09:45:34  [etl.exhib_gratis]  · DEBUG     [stdout] ========================================
2026-06-18 09:45:34  [etl.exhib_pagadas]  · DEBUG     [stdout] ========================================
2026-06-18 09:45:34  [etl.precios]       · DEBUG     [stdout] ========================================
2026-06-18 09:45:34  [etl.nopresencia]   · DEBUG     [stdout] ========================================
2026-06-18 09:45:34  [etl.cif]           ✓ INFO      ETL CIF — completado
2026-06-18 09:45:34  [etl.cif]           ✓ INFO      Duración total: 539.5s
2026-06-18 09:45:34  [etl.orquestador]   ✓ INFO      ETL 'cif' terminó — ✓ OK en 539.5s
2026-06-18 09:45:34  [etl.orquestador]   ✓ INFO      ════════════════════════════════════════════════════════
2026-06-18 09:45:34  [etl.orquestador]   ✓ INFO      REPORTE DE EJECUCIÓN
2026-06-18 09:45:34  [etl.orquestador]   ✓ INFO      ════════════════════════════════════════════════════════
2026-06-18 09:45:34  [etl.orquestador]   ✓ INFO        ETL                    Estado           Tiempo
2026-06-18 09:45:34  [etl.orquestador]   ✓ INFO        ────────────────────── ────────────── ────────
2026-06-18 09:45:34  [etl.orquestador]   ✓ INFO        cif                    ✓ OK             539.5s
2026-06-18 09:45:34  [etl.orquestador]   ✓ INFO        nopresencia            ✓ OK             342.8s
2026-06-18 09:45:34  [etl.orquestador]   ✓ INFO        precios                ✓ OK             240.1s
2026-06-18 09:45:34  [etl.orquestador]   ✓ INFO        sos                    ✓ OK             477.4s
2026-06-18 09:45:34  [etl.orquestador]   ✓ INFO        exhib_pagadas          ✓ OK              79.4s
2026-06-18 09:45:34  [etl.orquestador]   ✓ INFO        exhib_gratis           ✓ OK             379.0s
2026-06-18 09:45:34  [etl.orquestador]   ✓ INFO        ventas                 ✓ OK             125.0s
2026-06-18 09:45:34  [etl.orquestador]   ✓ INFO        impactos               ✓ OK               1.7s
2026-06-18 09:45:34  [etl.orquestador]   ✓ INFO        ────────────────────── ────────────── ────────
2026-06-18 09:45:34  [etl.orquestador]   ✓ INFO        shared_loader          ✓ OK               3.1s
2026-06-18 09:45:34  [etl.orquestador]   ✓ INFO        TOTAL (paralelo)                        542.6s
2026-06-18 09:45:34  [etl.orquestador]   ✓ INFO        Sin paralelismo (est.)                 2188.2s
2026-06-18 09:45:34  [etl.orquestador]   ✓ INFO        Ahorro estimado                        1645.6s
2026-06-18 09:45:34  [etl.orquestador]   ✓ INFO      ────────────────────────────────────────────────────────
2026-06-18 09:45:34  [etl.orquestador]   ✓ INFO      Eventos: 0 CRITICAL  |  0 ERROR  |  27 WARNING
2026-06-18 09:45:34  [etl.orquestador]   ✓ INFO      ························································
2026-06-18 09:45:34  [etl.orquestador]   ✓ INFO        WARNING (27)
2026-06-18 09:45:34  [etl.orquestador]   ✓ INFO      ························································
2026-06-18 09:45:34  [etl.orquestador]   ✓ INFO        09:25:40  [shared_loader]     [DIRECTO] Módulo 'precios': el filtro devolvió 0 filas (columna 'PRECIOS' sin valores = 1, o IDs sin coincidencia en el PT)
2026-06-18 09:45:34  [etl.orquestador]   ✓ INFO        09:34:45  [exhib_pagadas]     [stdout] ⚠️  No se pudo leer el reporte SOS previo (Reindexing only valid with uniquely valued Index objects); se sobrescribe.
2026-06-18 09:45:34  [etl.orquestador]   ✓ INFO        09:34:45  [precios]           [stdout] ⚠️  No se pudo leer el reporte SOS previo (Reindexing only valid with uniquely valued Index objects); se sobrescribe.
2026-06-18 09:45:34  [etl.orquestador]   ✓ INFO        09:34:45  [sos]               [stdout] ⚠️  No se pudo leer el reporte SOS previo (Reindexing only valid with uniquely valued Index objects); se sobrescribe.
2026-06-18 09:45:34  [etl.orquestador]   ✓ INFO        09:34:45  [nopresencia]       [stdout] ⚠️  No se pudo leer el reporte SOS previo (Reindexing only valid with uniquely valued Index objects); se sobrescribe.
2026-06-18 09:45:34  [etl.orquestador]   ✓ INFO        09:36:27  [exhib_pagadas]     [stdout] ⚠️ AUDITORÍA: Se detectaron 26 registros con tiempos > 9h.
2026-06-18 09:45:34  [etl.orquestador]   ✓ INFO        09:36:27  [precios]           [stdout] ⚠️ AUDITORÍA: Se detectaron 26 registros con tiempos > 9h.
2026-06-18 09:45:34  [etl.orquestador]   ✓ INFO        09:36:27  [sos]               [stdout] ⚠️ AUDITORÍA: Se detectaron 26 registros con tiempos > 9h.
2026-06-18 09:45:34  [etl.orquestador]   ✓ INFO        09:36:35  [shared_loader]     [DIRECTO] Módulo 'precios': el filtro devolvió 0 filas (columna 'PRECIOS' sin valores = 1, o IDs sin coincidencia en el PT)
2026-06-18 09:45:34  [etl.orquestador]   ✓ INFO        09:44:20  [exhib_pagadas]     [stdout] ⚠️  No se pudo leer el reporte SOS previo (Reindexing only valid with uniquely valued Index objects); se sobrescribe.
2026-06-18 09:45:34  [etl.orquestador]   ✓ INFO        09:44:20  [precios]           [stdout] ⚠️  No se pudo leer el reporte SOS previo (Reindexing only valid with uniquely valued Index objects); se sobrescribe.
2026-06-18 09:45:34  [etl.orquestador]   ✓ INFO        09:44:20  [sos]               [stdout] ⚠️  No se pudo leer el reporte SOS previo (Reindexing only valid with uniquely valued Index objects); se sobrescribe.
2026-06-18 09:45:34  [etl.orquestador]   ✓ INFO        09:44:20  [nopresencia]       [stdout] ⚠️  No se pudo leer el reporte SOS previo (Reindexing only valid with uniquely valued Index objects); se sobrescribe.
2026-06-18 09:45:34  [etl.orquestador]   ✓ INFO        09:44:20  [exhib_gratis]      [stdout] ⚠️  No se pudo leer el reporte SOS previo (Reindexing only valid with uniquely valued Index objects); se sobrescribe.
2026-06-18 09:45:34  [etl.orquestador]   ✓ INFO        09:44:20  [exhib_pagadas]     [stdout] ⚠️  No se pudo leer el reporte SOS previo (Reindexing only valid with uniquely valued Index objects); se sobrescribe.
2026-06-18 09:45:34  [etl.orquestador]   ✓ INFO        09:44:20  [precios]           [stdout] ⚠️  No se pudo leer el reporte SOS previo (Reindexing only valid with uniquely valued Index objects); se sobrescribe.
2026-06-18 09:45:34  [etl.orquestador]   ✓ INFO        09:44:20  [nopresencia]       [stdout] ⚠️  No se pudo leer el reporte SOS previo (Reindexing only valid with uniquely valued Index objects); se sobrescribe.
2026-06-18 09:45:34  [etl.orquestador]   ✓ INFO        09:44:20  [sos]               [stdout] ⚠️  No se pudo leer el reporte SOS previo (Reindexing only valid with uniquely valued Index objects); se sobrescribe.
2026-06-18 09:45:34  [etl.orquestador]   ✓ INFO        09:44:20  [cif]               [stdout] ⚠️  No se pudo leer el reporte SOS previo (Reindexing only valid with uniquely valued Index objects); se sobrescribe.
2026-06-18 09:45:34  [etl.orquestador]   ✓ INFO        09:45:29  [exhib_pagadas]     [stdout] ⚠️ AUDITORÍA: Se detectaron 63 registros con tiempos > 9h.
2026-06-18 09:45:34  [etl.orquestador]   ✓ INFO        09:45:29  [precios]           [stdout] ⚠️ AUDITORÍA: Se detectaron 63 registros con tiempos > 9h.
2026-06-18 09:45:34  [etl.orquestador]   ✓ INFO        09:45:29  [sos]               [stdout] ⚠️ AUDITORÍA: Se detectaron 63 registros con tiempos > 9h.
2026-06-18 09:45:34  [etl.orquestador]   ✓ INFO        09:45:29  [nopresencia]       [stdout] ⚠️ AUDITORÍA: Se detectaron 63 registros con tiempos > 9h.
2026-06-18 09:45:34  [etl.orquestador]   ✓ INFO        09:45:29  [exhib_gratis]      [stdout] ⚠️ AUDITORÍA: Se detectaron 63 registros con tiempos > 9h.
2026-06-18 09:45:34  [etl.orquestador]   ✓ INFO        09:45:29  [exhib_pagadas]     [stdout] ⚠️ AUDITORÍA: Se detectaron 63 registros con tiempos > 9h.
2026-06-18 09:45:34  [etl.orquestador]   ✓ INFO        09:45:29  [precios]           [stdout] ⚠️ AUDITORÍA: Se detectaron 63 registros con tiempos > 9h.
2026-06-18 09:45:34  [etl.orquestador]   ✓ INFO        09:45:29  [nopresencia]       [stdout] ⚠️ AUDITORÍA: Se detectaron 63 registros con tiempos > 9h.
2026-06-18 09:45:34  [etl.orquestador]   ✓ INFO      ════════════════════════════════════════════════════════
2026-06-18 09:45:34  [etl.orquestador]   ✓ INFO      Log completo guardado en: C:\Users\Usuario\OneDrive - Universidad de los Andes\Escritorio\PROYECTO_EFICACIA\SCRIPTS\logs\ejecucion_202603_a_202605_20260618_092537.log
2026-06-18 09:45:34  [etl.orquestador]   ✓ INFO      Fin: 2026-06-18 09:45:34
2026-06-18 09:45:34  [etl.orquestador]   ✓ INFO      ════════════════════════════════════════════════════════
2026-06-18 09:45:34  [etl.orquestador]   ✓ INFO      
2026-06-18 09:45:34  [etl.orquestador]   ✓ INFO      ▶ PERIODO 3/3: Mayo_2026
2026-06-18 09:45:34  [etl.orquestador]   ✓ INFO      ════════════════════════════════════════════════════════
2026-06-18 09:45:34  [etl.orquestador]   ✓ INFO      ORQUESTADOR ETLs — Eficacia
2026-06-18 09:45:34  [etl.orquestador]   ✓ INFO      Inicio: 2026-06-18 09:45:34
2026-06-18 09:45:34  [etl.orquestador]   ✓ INFO      Run ID: 20260618T092537_23a522
2026-06-18 09:45:34  [etl.orquestador]   ✓ INFO      Periodo: Mayo_2026 (05/2026)
2026-06-18 09:45:34  [etl.orquestador]   ✓ INFO      ETLs seleccionados: ['cif', 'nopresencia', 'precios', 'sos', 'exhib_pagadas', 'exhib_gratis', 'ventas', 'impactos']
2026-06-18 09:45:34  [etl.orquestador]   ✓ INFO      Workers paralelos: 6
2026-06-18 09:45:34  [etl.orquestador]   ✓ INFO      Skip si cached: False
2026-06-18 09:45:34  [etl.orquestador]   ✓ INFO      ════════════════════════════════════════════════════════
2026-06-18 09:45:34  [etl.shared_loader]  ✓ INFO      PT Directo detectado: Plan de trabajo Directo Mayo 2026.xlsx
2026-06-18 09:45:34  [etl.shared_loader]  ✓ INFO      PT ISM detectado: Plan de trabajo ISM Mayo 2026.xlsx
2026-06-18 09:45:34  [etl.shared_loader]  ✓ INFO      ━━━━━━━━━━━━━━━━━━━━━━━━━━━━━━━━━━━━━━━━━━━━━━━━━━
2026-06-18 09:45:34  [etl.shared_loader]  ✓ INFO      Iniciando carga compartida del Plan de Trabajo
2026-06-18 09:45:34  [etl.shared_loader]  ✓ INFO      ━━━━━━━━━━━━━━━━━━━━━━━━━━━━━━━━━━━━━━━━━━━━━━━━━━
2026-06-18 09:45:37  [etl.shared_loader]  ✓ INFO      [DIRECTO] 8,755 filas PT  |  3,319 filas módulos cargadas
2026-06-18 09:45:37  [etl.shared_loader]  ✓ INFO      [ISM] 2,445 filas PT  |  859 filas módulos cargadas
2026-06-18 09:45:37  [etl.shared_loader]  ✓ INFO      PT consolidado: 11,200 filas totales
2026-06-18 09:45:37  [etl.shared_loader]  ✓ INFO      Periodo forzado por el caller: Mes 5 | Año 2026
2026-06-18 09:45:37  [etl.shared_loader]  ✓ INFO      Aplicando filtros por módulo
2026-06-18 09:45:37  [etl.shared_loader]  ✓ INFO      [DIRECTO] Módulo 'no_presencia': 5,182 filas retenidas
2026-06-18 09:45:37  [etl.shared_loader]  ✓ INFO      [ISM] Módulo 'no_presencia': 981 filas retenidas
2026-06-18 09:45:37  [etl.shared_loader]  ✓ INFO      [DIRECTO] Módulo 'precios': 3,152 filas retenidas
2026-06-18 09:45:37  [etl.shared_loader]  ✓ INFO      [ISM] Módulo 'precios': 622 filas retenidas
2026-06-18 09:45:37  [etl.shared_loader]  ✓ INFO      [DIRECTO] Módulo 'sos': 3,165 filas retenidas
2026-06-18 09:45:37  [etl.shared_loader]  ✓ INFO      [ISM] Módulo 'sos': 622 filas retenidas
2026-06-18 09:45:37  [etl.shared_loader]  ✓ INFO      Carga compartida completada
2026-06-18 09:45:37  [etl.orquestador]   ✓ INFO      shared_loader completado en 2.9s
2026-06-18 09:45:37  [etl.orquestador]   ✓ INFO      ────────────────────────────────────────────────────────
2026-06-18 09:45:37  [etl.orquestador]   ✓ INFO      FASE 1 — Lanzando 8 ETLs en paralelo (0 skipped)
2026-06-18 09:45:37  [etl.orquestador]   ✓ INFO      ────────────────────────────────────────────────────────
2026-06-18 09:45:37  [etl.exhib_pagadas]  ✓ INFO      ────────────────────────────────────────────────────────
2026-06-18 09:45:37  [etl.exhib_pagadas]  ✓ INFO      ETL Exhibiciones Pagadas — iniciando
2026-06-18 09:45:37  [etl.exhib_pagadas]  · DEBUG     [stdout] 🚀 Iniciando auditoría exhibiciones pagadas  (Mayo_2026)...
2026-06-18 09:45:37  [etl.precios]       · DEBUG     [stdout] 🚀 Iniciando auditoría exhibiciones pagadas  (Mayo_2026)...
2026-06-18 09:45:37  [etl.sos]           · DEBUG     [stdout] 🚀 Iniciando auditoría exhibiciones pagadas  (Mayo_2026)...
2026-06-18 09:45:37  [etl.nopresencia]   · DEBUG     [stdout] 🚀 Iniciando auditoría exhibiciones pagadas  (Mayo_2026)...
2026-06-18 09:45:37  [etl.exhib_gratis]  · DEBUG     [stdout] 🚀 Iniciando auditoría exhibiciones pagadas  (Mayo_2026)...
2026-06-18 09:45:37  [etl.exhib_pagadas]  · DEBUG     [stdout] 🚀 Iniciando auditoría exhibiciones pagadas  (Mayo_2026)...
2026-06-18 09:45:37  [etl.precios]       · DEBUG     [stdout] 🚀 Iniciando auditoría exhibiciones pagadas  (Mayo_2026)...
2026-06-18 09:45:37  [etl.nopresencia]   · DEBUG     [stdout] 🚀 Iniciando auditoría exhibiciones pagadas  (Mayo_2026)...
2026-06-18 09:45:37  [etl.sos]           · DEBUG     [stdout] 🚀 Iniciando auditoría exhibiciones pagadas  (Mayo_2026)...
2026-06-18 09:45:37  [etl.exhib_pagadas]  · DEBUG     [stdout] 🚀 Iniciando auditoría exhibiciones pagadas  (Mayo_2026)...
2026-06-18 09:45:37  [etl.precios]       ✓ INFO      ────────────────────────────────────────────────────────
2026-06-18 09:45:37  [etl.precios]       ✓ INFO      ETL Precios — iniciando
2026-06-18 09:45:38  [etl.sos]           ✓ INFO      ────────────────────────────────────────────────────────
2026-06-18 09:45:38  [etl.sos]           ✓ INFO      ETL SOS — iniciando
2026-06-18 09:45:38  [etl.nopresencia]   ✓ INFO      ────────────────────────────────────────────────────────
2026-06-18 09:45:38  [etl.nopresencia]   ✓ INFO      ETL No Presencia — iniciando
2026-06-18 09:45:40  [etl.precios]       ✓ INFO      PT filtrado persistido: 477 PDVs únicos — periodo MAYO_2026
2026-06-18 09:45:40  [etl.exhib_pagadas]  · DEBUG     [stdout] --- PASO 2: Cruzando Capturas por Categorías (MAYO_2026) ---
2026-06-18 09:45:40  [etl.precios]       · DEBUG     [stdout] --- PASO 2: Cruzando Capturas por Categorías (MAYO_2026) ---
2026-06-18 09:45:40  [etl.sos]           · DEBUG     [stdout] --- PASO 2: Cruzando Capturas por Categorías (MAYO_2026) ---
2026-06-18 09:45:40  [etl.nopresencia]   · DEBUG     [stdout] --- PASO 2: Cruzando Capturas por Categorías (MAYO_2026) ---
2026-06-18 09:45:40  [etl.exhib_gratis]  · DEBUG     [stdout] --- PASO 2: Cruzando Capturas por Categorías (MAYO_2026) ---
2026-06-18 09:45:40  [etl.exhib_pagadas]  · DEBUG     [stdout] --- PASO 2: Cruzando Capturas por Categorías (MAYO_2026) ---
2026-06-18 09:45:40  [etl.precios]       · DEBUG     [stdout] --- PASO 2: Cruzando Capturas por Categorías (MAYO_2026) ---
2026-06-18 09:45:40  [etl.nopresencia]   · DEBUG     [stdout] --- PASO 2: Cruzando Capturas por Categorías (MAYO_2026) ---
2026-06-18 09:45:40  [etl.sos]           · DEBUG     [stdout] --- PASO 2: Cruzando Capturas por Categorías (MAYO_2026) ---
2026-06-18 09:45:40  [etl.exhib_pagadas]  · DEBUG     [stdout] --- PASO 2: Cruzando Capturas por Categorías (MAYO_2026) ---
2026-06-18 09:45:40  [etl.precios]       · DEBUG     [stdout] --- PASO 2: Cruzando Capturas por Categorías (MAYO_2026) ---
2026-06-18 09:45:40  [etl.sos]           · DEBUG     [stdout] --- PASO 2: Cruzando Capturas por Categorías (MAYO_2026) ---
2026-06-18 09:45:40  [etl.nopresencia]   · DEBUG     [stdout] --- PASO 2: Cruzando Capturas por Categorías (MAYO_2026) ---
2026-06-18 09:45:40  [etl.exhib_pagadas]  · DEBUG     [stdout] Encuestas: Respuestas Precios Mayo 2026.xlsx
2026-06-18 09:45:40  [etl.precios]       · DEBUG     [stdout] Encuestas: Respuestas Precios Mayo 2026.xlsx
2026-06-18 09:45:40  [etl.sos]           · DEBUG     [stdout] Encuestas: Respuestas Precios Mayo 2026.xlsx
2026-06-18 09:45:40  [etl.nopresencia]   · DEBUG     [stdout] Encuestas: Respuestas Precios Mayo 2026.xlsx
2026-06-18 09:45:40  [etl.exhib_gratis]  · DEBUG     [stdout] Encuestas: Respuestas Precios Mayo 2026.xlsx
2026-06-18 09:45:40  [etl.exhib_pagadas]  · DEBUG     [stdout] Encuestas: Respuestas Precios Mayo 2026.xlsx
2026-06-18 09:45:40  [etl.precios]       · DEBUG     [stdout] Encuestas: Respuestas Precios Mayo 2026.xlsx
2026-06-18 09:45:40  [etl.nopresencia]   · DEBUG     [stdout] Encuestas: Respuestas Precios Mayo 2026.xlsx
2026-06-18 09:45:40  [etl.sos]           · DEBUG     [stdout] Encuestas: Respuestas Precios Mayo 2026.xlsx
2026-06-18 09:45:40  [etl.exhib_pagadas]  · DEBUG     [stdout] Encuestas: Respuestas Precios Mayo 2026.xlsx
2026-06-18 09:45:40  [etl.precios]       · DEBUG     [stdout] Encuestas: Respuestas Precios Mayo 2026.xlsx
2026-06-18 09:45:40  [etl.sos]           · DEBUG     [stdout] Encuestas: Respuestas Precios Mayo 2026.xlsx
2026-06-18 09:45:40  [etl.nopresencia]   · DEBUG     [stdout] Encuestas: Respuestas Precios Mayo 2026.xlsx
2026-06-18 09:45:40  [etl.cif]           ✓ INFO      ────────────────────────────────────────────────────────
2026-06-18 09:45:40  [etl.cif]           ✓ INFO      ETL CIF — iniciando
2026-06-18 09:45:41  [etl.cif]           ✓ INFO      Paso 1 — PT consolidado: 11,200 filas
2026-06-18 09:45:41  [etl.sos]           ✓ INFO      PT filtrado persistido: 482 PDVs únicos
2026-06-18 09:45:41  [etl.sos]           ✓ INFO      6 archivo(s) de encuesta SOS encontrado(s)
2026-06-18 09:45:41  [etl.exhib_pagadas]  · DEBUG     [stdout] --- PASO 2: Consolidando Encuestas SOS  (Mayo_2026) ---
2026-06-18 09:45:41  [etl.precios]       · DEBUG     [stdout] --- PASO 2: Consolidando Encuestas SOS  (Mayo_2026) ---
2026-06-18 09:45:41  [etl.sos]           · DEBUG     [stdout] --- PASO 2: Consolidando Encuestas SOS  (Mayo_2026) ---
2026-06-18 09:45:41  [etl.nopresencia]   · DEBUG     [stdout] --- PASO 2: Consolidando Encuestas SOS  (Mayo_2026) ---
2026-06-18 09:45:41  [etl.exhib_gratis]  · DEBUG     [stdout] --- PASO 2: Consolidando Encuestas SOS  (Mayo_2026) ---
2026-06-18 09:45:41  [etl.exhib_pagadas]  · DEBUG     [stdout] --- PASO 2: Consolidando Encuestas SOS  (Mayo_2026) ---
2026-06-18 09:45:41  [etl.precios]       · DEBUG     [stdout] --- PASO 2: Consolidando Encuestas SOS  (Mayo_2026) ---
2026-06-18 09:45:41  [etl.nopresencia]   · DEBUG     [stdout] --- PASO 2: Consolidando Encuestas SOS  (Mayo_2026) ---
2026-06-18 09:45:41  [etl.sos]           · DEBUG     [stdout] --- PASO 2: Consolidando Encuestas SOS  (Mayo_2026) ---
2026-06-18 09:45:41  [etl.exhib_pagadas]  · DEBUG     [stdout] --- PASO 2: Consolidando Encuestas SOS  (Mayo_2026) ---
2026-06-18 09:45:41  [etl.precios]       · DEBUG     [stdout] --- PASO 2: Consolidando Encuestas SOS  (Mayo_2026) ---
2026-06-18 09:45:41  [etl.sos]           · DEBUG     [stdout] --- PASO 2: Consolidando Encuestas SOS  (Mayo_2026) ---
2026-06-18 09:45:41  [etl.nopresencia]   · DEBUG     [stdout] --- PASO 2: Consolidando Encuestas SOS  (Mayo_2026) ---
2026-06-18 09:45:41  [etl.cif]           · DEBUG     [stdout] --- PASO 2: Consolidando Encuestas SOS  (Mayo_2026) ---
2026-06-18 09:45:41  [etl.exhib_pagadas]  ✓ INFO      [stdout] ✓ Respuestas SOS Mayo 2026.xlsx
2026-06-18 09:45:41  [etl.precios]       ✓ INFO      [stdout] ✓ Respuestas SOS Mayo 2026.xlsx
2026-06-18 09:45:41  [etl.sos]           ✓ INFO      [stdout] ✓ Respuestas SOS Mayo 2026.xlsx
2026-06-18 09:45:41  [etl.nopresencia]   ✓ INFO      [stdout] ✓ Respuestas SOS Mayo 2026.xlsx
2026-06-18 09:45:41  [etl.exhib_gratis]  ✓ INFO      [stdout] ✓ Respuestas SOS Mayo 2026.xlsx
2026-06-18 09:45:41  [etl.exhib_pagadas]  ✓ INFO      [stdout] ✓ Respuestas SOS Mayo 2026.xlsx
2026-06-18 09:45:41  [etl.precios]       ✓ INFO      [stdout] ✓ Respuestas SOS Mayo 2026.xlsx
2026-06-18 09:45:41  [etl.nopresencia]   ✓ INFO      [stdout] ✓ Respuestas SOS Mayo 2026.xlsx
2026-06-18 09:45:41  [etl.sos]           ✓ INFO      [stdout] ✓ Respuestas SOS Mayo 2026.xlsx
2026-06-18 09:45:41  [etl.exhib_pagadas]  ✓ INFO      [stdout] ✓ Respuestas SOS Mayo 2026.xlsx
2026-06-18 09:45:41  [etl.cif]           ✓ INFO      Paso 2 — Agrupación SQL
2026-06-18 09:45:41  [etl.precios]       ✓ INFO      [stdout] ✓ Respuestas SOS Mayo 2026.xlsx
2026-06-18 09:45:41  [etl.sos]           · DEBUG     [stdout] ========================================
2026-06-18 09:45:41  [etl.exhib_gratis]  ✓ INFO      ────────────────────────────────────────────────────────
2026-06-18 09:45:41  [etl.sos]           ✓ INFO      [stdout] ✓ Respuestas SOS Mayo 2026.xlsx
2026-06-18 09:45:42  [etl.nopresencia]   ✓ INFO      [stdout] ✓ Respuestas SOS Mayo 2026.xlsx
2026-06-18 09:45:42  [etl.exhib_gratis]  ✓ INFO      ETL Exhibiciones Gratis — iniciando
2026-06-18 09:45:42  [etl.cif]           ✓ INFO      [stdout] ✓ Respuestas SOS Mayo 2026.xlsx
2026-06-18 09:45:42  [etl.cif]           · DEBUG     [stdout] ========================================
2026-06-18 09:45:42  [etl.exhib_pagadas]  · DEBUG     [stdout] ========================================── Resolviendo archivos fuente (Mayo_2026) ─
2026-06-18 09:45:42  [etl.exhib_gratis]  · DEBUG     [stdout] ── Resolviendo archivos fuente (Mayo_2026) ─
2026-06-18 09:45:42  [etl.precios]       · DEBUG     [stdout] ========================================── Resolviendo archivos fuente (Mayo_2026) ─
2026-06-18 09:45:42  [etl.sos]           · DEBUG     [stdout] ========================================── Resolviendo archivos fuente (Mayo_2026) ─
2026-06-18 09:45:42  [etl.exhib_pagadas]  ✓ INFO      [stdout] ✓ Respuestas SOS Baby Mayo 2026.xlsx
2026-06-18 09:45:43  [etl.sos]           ✓ INFO      [stdout] ✓ Respuestas SOS Baby Mayo 2026.xlsx
2026-06-18 09:45:43  [etl.nopresencia]   ✓ INFO      [stdout] ========================================── Resolviendo archivos fuente (Mayo_2026) ─  ✓ Respuestas SOS Baby Mayo 2026.xlsx
2026-06-18 09:45:43  [etl.precios]       ✓ INFO      [stdout] ✓ Respuestas SOS Baby Mayo 2026.xlsx
2026-06-18 09:45:43  [etl.exhib_gratis]  ✓ INFO      [stdout] ========================================── Resolviendo archivos fuente (Mayo_2026) ─  ✓ Respuestas SOS Baby Mayo 2026.xlsx
2026-06-18 09:45:43  [etl.exhib_pagadas]  ✓ INFO      [stdout] ========================================── Resolviendo archivos fuente (Mayo_2026) ─  ✓ Respuestas SOS Baby Mayo 2026.xlsx
2026-06-18 09:45:43  [etl.precios]       ✓ INFO      [stdout] ========================================── Resolviendo archivos fuente (Mayo_2026) ─  ✓ Respuestas SOS Baby Mayo 2026.xlsx
2026-06-18 09:45:43  [etl.nopresencia]   ✓ INFO      [stdout] ========================================── Resolviendo archivos fuente (Mayo_2026) ─  ✓ Respuestas SOS Baby Mayo 2026.xlsx
2026-06-18 09:45:43  [etl.sos]           ✓ INFO      [stdout] ========================================── Resolviendo archivos fuente (Mayo_2026) ─  ✓ Respuestas SOS Baby Mayo 2026.xlsx
2026-06-18 09:45:43  [etl.precios]       ✓ INFO      [stdout] ========================================── Resolviendo archivos fuente (Mayo_2026) ─  ✓ Respuestas SOS Baby Mayo 2026.xlsx
2026-06-18 09:45:43  [etl.exhib_pagadas]  ✓ INFO      [stdout] ========================================── Resolviendo archivos fuente (Mayo_2026) ─  ✓ Respuestas SOS Baby Mayo 2026.xlsx
2026-06-18 09:45:43  [etl.sos]           ✓ INFO      [stdout] ── Resolviendo archivos fuente (Mayo_2026) ─  ✓ Respuestas SOS Baby Mayo 2026.xlsx
2026-06-18 09:45:43  [etl.nopresencia]   ✓ INFO      [stdout] ========================================── Resolviendo archivos fuente (Mayo_2026) ─  ✓ Respuestas SOS Baby Mayo 2026.xlsx
2026-06-18 09:45:43  [etl.cif]           ✓ INFO      [stdout] ── Resolviendo archivos fuente (Mayo_2026) ─  ✓ Respuestas SOS Baby Mayo 2026.xlsx
2026-06-18 09:45:43  [etl.exhib_gratis]  ✓ INFO      [stdout] ========================================  ✓ Respuestas SOS Baby Mayo 2026.xlsx
2026-06-18 09:45:44  [etl.exhib_pagadas]  · DEBUG     [stdout] INICIANDO PASO 2: AGRUPACIÓN SQL
2026-06-18 09:45:44  [etl.precios]       · DEBUG     [stdout] INICIANDO PASO 2: AGRUPACIÓN SQL
2026-06-18 09:45:44  [etl.sos]           · DEBUG     [stdout] INICIANDO PASO 2: AGRUPACIÓN SQL
2026-06-18 09:45:44  [etl.nopresencia]   · DEBUG     [stdout] INICIANDO PASO 2: AGRUPACIÓN SQL
2026-06-18 09:45:44  [etl.exhib_gratis]  · DEBUG     [stdout] INICIANDO PASO 2: AGRUPACIÓN SQL
2026-06-18 09:45:44  [etl.exhib_pagadas]  · DEBUG     [stdout] INICIANDO PASO 2: AGRUPACIÓN SQL
2026-06-18 09:45:44  [etl.precios]       · DEBUG     [stdout] INICIANDO PASO 2: AGRUPACIÓN SQL
2026-06-18 09:45:44  [etl.nopresencia]   · DEBUG     [stdout] INICIANDO PASO 2: AGRUPACIÓN SQL
2026-06-18 09:45:44  [etl.sos]           · DEBUG     [stdout] INICIANDO PASO 2: AGRUPACIÓN SQL
2026-06-18 09:45:44  [etl.exhib_pagadas]  · DEBUG     [stdout] INICIANDO PASO 2: AGRUPACIÓN SQL
2026-06-18 09:45:44  [etl.precios]       · DEBUG     [stdout] INICIANDO PASO 2: AGRUPACIÓN SQL
2026-06-18 09:45:44  [etl.sos]           · DEBUG     [stdout] INICIANDO PASO 2: AGRUPACIÓN SQL
2026-06-18 09:45:44  [etl.nopresencia]   · DEBUG     [stdout] INICIANDO PASO 2: AGRUPACIÓN SQL
2026-06-18 09:45:44  [etl.cif]           · DEBUG     [stdout] INICIANDO PASO 2: AGRUPACIÓN SQL
2026-06-18 09:45:44  [etl.exhib_gratis]  · DEBUG     [stdout] INICIANDO PASO 2: AGRUPACIÓN SQL
2026-06-18 09:45:44  [etl.exhib_pagadas]  · DEBUG     [stdout] [informar] 1 archivo(s):
2026-06-18 09:45:44  [etl.exhib_pagadas]  · DEBUG     [stdout] ========================================
2026-06-18 09:45:44  [etl.precios]       · DEBUG     [stdout] [informar] 1 archivo(s):========================================
2026-06-18 09:45:44  [etl.sos]           · DEBUG     [stdout] [informar] 1 archivo(s):========================================
2026-06-18 09:45:44  [etl.nopresencia]   · DEBUG     [stdout] [informar] 1 archivo(s):========================================
2026-06-18 09:45:44  [etl.exhib_gratis]  · DEBUG     [stdout] [informar] 1 archivo(s):========================================
2026-06-18 09:45:44  [etl.precios]       · DEBUG     [stdout] [informar] 1 archivo(s):========================================
2026-06-18 09:45:44  [etl.exhib_pagadas]  · DEBUG     [stdout] [informar] 1 archivo(s):========================================
2026-06-18 09:45:44  [etl.nopresencia]   · DEBUG     [stdout] [informar] 1 archivo(s):========================================
2026-06-18 09:45:44  [etl.exhib_pagadas]  · DEBUG     [stdout] [informar] 1 archivo(s):========================================
2026-06-18 09:45:44  [etl.precios]       · DEBUG     [stdout] [informar] 1 archivo(s):========================================
2026-06-18 09:45:44  [etl.sos]           · DEBUG     [stdout] [informar] 1 archivo(s):========================================
2026-06-18 09:45:44  [etl.nopresencia]   · DEBUG     [stdout] [informar] 1 archivo(s):========================================
2026-06-18 09:45:44  [etl.cif]           · DEBUG     [stdout] [informar] 1 archivo(s):========================================
2026-06-18 09:45:44  [etl.sos]           · DEBUG     [stdout] [informar] 1 archivo(s):========================================
2026-06-18 09:45:44  [etl.exhib_gratis]  · DEBUG     [stdout] [informar] 1 archivo(s):========================================
2026-06-18 09:45:44  [etl.exhib_pagadas]  · DEBUG     [stdout] - Base Exhibiciones Informar Mayo 2026.xlsx
2026-06-18 09:45:44  [etl.precios]       · DEBUG     [stdout] - Base Exhibiciones Informar Mayo 2026.xlsx
2026-06-18 09:45:44  [etl.sos]           · DEBUG     [stdout] - Base Exhibiciones Informar Mayo 2026.xlsx
2026-06-18 09:45:44  [etl.nopresencia]   · DEBUG     [stdout] - Base Exhibiciones Informar Mayo 2026.xlsx
2026-06-18 09:45:44  [etl.exhib_gratis]  · DEBUG     [stdout] - Base Exhibiciones Informar Mayo 2026.xlsx
2026-06-18 09:45:44  [etl.exhib_pagadas]  · DEBUG     [stdout] - Base Exhibiciones Informar Mayo 2026.xlsx
2026-06-18 09:45:44  [etl.precios]       · DEBUG     [stdout] - Base Exhibiciones Informar Mayo 2026.xlsx
2026-06-18 09:45:44  [etl.nopresencia]   · DEBUG     [stdout] - Base Exhibiciones Informar Mayo 2026.xlsx
2026-06-18 09:45:44  [etl.sos]           · DEBUG     [stdout] - Base Exhibiciones Informar Mayo 2026.xlsx
2026-06-18 09:45:44  [etl.exhib_pagadas]  · DEBUG     [stdout] - Base Exhibiciones Informar Mayo 2026.xlsx
2026-06-18 09:45:44  [etl.precios]       · DEBUG     [stdout] - Base Exhibiciones Informar Mayo 2026.xlsx
2026-06-18 09:45:44  [etl.sos]           · DEBUG     [stdout] - Base Exhibiciones Informar Mayo 2026.xlsx
2026-06-18 09:45:44  [etl.nopresencia]   · DEBUG     [stdout] - Base Exhibiciones Informar Mayo 2026.xlsx
2026-06-18 09:45:44  [etl.cif]           · DEBUG     [stdout] - Base Exhibiciones Informar Mayo 2026.xlsx
2026-06-18 09:45:44  [etl.exhib_gratis]  · DEBUG     [stdout] - Base Exhibiciones Informar Mayo 2026.xlsx
2026-06-18 09:45:44  [etl.exhib_pagadas]  · DEBUG     [stdout] [planning] 1 archivo(s):
2026-06-18 09:45:44  [etl.precios]       · DEBUG     [stdout] [planning] 1 archivo(s):
2026-06-18 09:45:44  [etl.sos]           · DEBUG     [stdout] [planning] 1 archivo(s):
2026-06-18 09:45:44  [etl.nopresencia]   · DEBUG     [stdout] [planning] 1 archivo(s):
2026-06-18 09:45:44  [etl.exhib_gratis]  · DEBUG     [stdout] [planning] 1 archivo(s):
2026-06-18 09:45:44  [etl.exhib_pagadas]  · DEBUG     [stdout] [planning] 1 archivo(s):
2026-06-18 09:45:44  [etl.precios]       · DEBUG     [stdout] [planning] 1 archivo(s):
2026-06-18 09:45:44  [etl.nopresencia]   · DEBUG     [stdout] [planning] 1 archivo(s):
2026-06-18 09:45:44  [etl.sos]           · DEBUG     [stdout] [planning] 1 archivo(s):
2026-06-18 09:45:44  [etl.exhib_pagadas]  · DEBUG     [stdout] [planning] 1 archivo(s):
2026-06-18 09:45:45  [etl.precios]       · DEBUG     [stdout] [planning] 1 archivo(s):
2026-06-18 09:45:45  [etl.sos]           · DEBUG     [stdout] [planning] 1 archivo(s):
2026-06-18 09:45:45  [etl.nopresencia]   · DEBUG     [stdout] [planning] 1 archivo(s):
2026-06-18 09:45:45  [etl.cif]           · DEBUG     [stdout] [planning] 1 archivo(s):
2026-06-18 09:45:45  [etl.exhib_gratis]  · DEBUG     [stdout] [planning] 1 archivo(s):
2026-06-18 09:45:45  [etl.exhib_pagadas]  · DEBUG     [stdout] - Base Exhibiciones Planning Mayo 2026.xlsx
2026-06-18 09:45:45  [etl.precios]       · DEBUG     [stdout] - Base Exhibiciones Planning Mayo 2026.xlsx
2026-06-18 09:45:45  [etl.sos]           · DEBUG     [stdout] - Base Exhibiciones Planning Mayo 2026.xlsx
2026-06-18 09:45:45  [etl.nopresencia]   · DEBUG     [stdout] - Base Exhibiciones Planning Mayo 2026.xlsx
2026-06-18 09:45:45  [etl.exhib_gratis]  · DEBUG     [stdout] - Base Exhibiciones Planning Mayo 2026.xlsx
2026-06-18 09:45:45  [etl.exhib_pagadas]  · DEBUG     [stdout] - Base Exhibiciones Planning Mayo 2026.xlsx
2026-06-18 09:45:45  [etl.precios]       · DEBUG     [stdout] - Base Exhibiciones Planning Mayo 2026.xlsx
2026-06-18 09:45:45  [etl.nopresencia]   · DEBUG     [stdout] - Base Exhibiciones Planning Mayo 2026.xlsx
2026-06-18 09:45:45  [etl.sos]           · DEBUG     [stdout] - Base Exhibiciones Planning Mayo 2026.xlsx
2026-06-18 09:45:45  [etl.exhib_pagadas]  · DEBUG     [stdout] - Base Exhibiciones Planning Mayo 2026.xlsx
2026-06-18 09:45:45  [etl.precios]       · DEBUG     [stdout] - Base Exhibiciones Planning Mayo 2026.xlsx
2026-06-18 09:45:45  [etl.sos]           · DEBUG     [stdout] - Base Exhibiciones Planning Mayo 2026.xlsx
2026-06-18 09:45:45  [etl.nopresencia]   · DEBUG     [stdout] - Base Exhibiciones Planning Mayo 2026.xlsx
2026-06-18 09:45:45  [etl.cif]           · DEBUG     [stdout] - Base Exhibiciones Planning Mayo 2026.xlsx
2026-06-18 09:45:45  [etl.exhib_gratis]  · DEBUG     [stdout] - Base Exhibiciones Planning Mayo 2026.xlsx
2026-06-18 09:45:45  [etl.exhib_pagadas]  · DEBUG     [stdout] [visitas] 1 archivo(s):
2026-06-18 09:45:45  [etl.precios]       · DEBUG     [stdout] [visitas] 1 archivo(s):
2026-06-18 09:45:45  [etl.sos]           · DEBUG     [stdout] [visitas] 1 archivo(s):
2026-06-18 09:45:45  [etl.nopresencia]   · DEBUG     [stdout] [visitas] 1 archivo(s):
2026-06-18 09:45:45  [etl.exhib_gratis]  · DEBUG     [stdout] [visitas] 1 archivo(s):
2026-06-18 09:45:45  [etl.exhib_pagadas]  · DEBUG     [stdout] [visitas] 1 archivo(s):
2026-06-18 09:45:45  [etl.precios]       · DEBUG     [stdout] [visitas] 1 archivo(s):
2026-06-18 09:45:45  [etl.nopresencia]   · DEBUG     [stdout] [visitas] 1 archivo(s):
2026-06-18 09:45:45  [etl.sos]           · DEBUG     [stdout] [visitas] 1 archivo(s):
2026-06-18 09:45:45  [etl.exhib_pagadas]  · DEBUG     [stdout] [visitas] 1 archivo(s):
2026-06-18 09:45:45  [etl.precios]       · DEBUG     [stdout] [visitas] 1 archivo(s):
2026-06-18 09:45:45  [etl.sos]           · DEBUG     [stdout] [visitas] 1 archivo(s):
2026-06-18 09:45:45  [etl.nopresencia]   · DEBUG     [stdout] [visitas] 1 archivo(s):
2026-06-18 09:45:45  [etl.cif]           · DEBUG     [stdout] [visitas] 1 archivo(s):
2026-06-18 09:45:45  [etl.exhib_gratis]  · DEBUG     [stdout] [visitas] 1 archivo(s):
2026-06-18 09:45:45  [etl.exhib_pagadas]  · DEBUG     [stdout] - informe-gerencial-visitas_202605.xlsx
2026-06-18 09:45:45  [etl.precios]       · DEBUG     [stdout] - informe-gerencial-visitas_202605.xlsx
2026-06-18 09:45:45  [etl.sos]           · DEBUG     [stdout] - informe-gerencial-visitas_202605.xlsx
2026-06-18 09:45:45  [etl.nopresencia]   · DEBUG     [stdout] - informe-gerencial-visitas_202605.xlsx
2026-06-18 09:45:45  [etl.exhib_gratis]  · DEBUG     [stdout] - informe-gerencial-visitas_202605.xlsx
2026-06-18 09:45:45  [etl.exhib_pagadas]  · DEBUG     [stdout] - informe-gerencial-visitas_202605.xlsx
2026-06-18 09:45:45  [etl.precios]       · DEBUG     [stdout] - informe-gerencial-visitas_202605.xlsx
2026-06-18 09:45:45  [etl.nopresencia]   · DEBUG     [stdout] - informe-gerencial-visitas_202605.xlsx
2026-06-18 09:45:45  [etl.sos]           · DEBUG     [stdout] - informe-gerencial-visitas_202605.xlsx
2026-06-18 09:45:45  [etl.exhib_pagadas]  · DEBUG     [stdout] - informe-gerencial-visitas_202605.xlsx
2026-06-18 09:45:45  [etl.precios]       · DEBUG     [stdout] - informe-gerencial-visitas_202605.xlsx
2026-06-18 09:45:45  [etl.sos]           · DEBUG     [stdout] - informe-gerencial-visitas_202605.xlsx
2026-06-18 09:45:45  [etl.nopresencia]   · DEBUG     [stdout] - informe-gerencial-visitas_202605.xlsx
2026-06-18 09:45:45  [etl.cif]           · DEBUG     [stdout] - informe-gerencial-visitas_202605.xlsx
2026-06-18 09:45:45  [etl.exhib_gratis]  · DEBUG     [stdout] - informe-gerencial-visitas_202605.xlsx
2026-06-18 09:45:45  [etl.exhib_pagadas]  · DEBUG     [stdout] [plan_trabajo] 1 archivo(s):
2026-06-18 09:45:45  [etl.precios]       · DEBUG     [stdout] [plan_trabajo] 1 archivo(s):
2026-06-18 09:45:45  [etl.sos]           · DEBUG     [stdout] [plan_trabajo] 1 archivo(s):
2026-06-18 09:45:45  [etl.nopresencia]   · DEBUG     [stdout] [plan_trabajo] 1 archivo(s):
2026-06-18 09:45:45  [etl.exhib_gratis]  · DEBUG     [stdout] [plan_trabajo] 1 archivo(s):
2026-06-18 09:45:45  [etl.exhib_pagadas]  · DEBUG     [stdout] [plan_trabajo] 1 archivo(s):
2026-06-18 09:45:45  [etl.precios]       · DEBUG     [stdout] [plan_trabajo] 1 archivo(s):
2026-06-18 09:45:45  [etl.nopresencia]   · DEBUG     [stdout] [plan_trabajo] 1 archivo(s):
2026-06-18 09:45:45  [etl.sos]           · DEBUG     [stdout] [plan_trabajo] 1 archivo(s):
2026-06-18 09:45:45  [etl.exhib_pagadas]  · DEBUG     [stdout] [plan_trabajo] 1 archivo(s):
2026-06-18 09:45:45  [etl.precios]       · DEBUG     [stdout] [plan_trabajo] 1 archivo(s):
2026-06-18 09:45:45  [etl.sos]           · DEBUG     [stdout] [plan_trabajo] 1 archivo(s):
2026-06-18 09:45:45  [etl.nopresencia]   · DEBUG     [stdout] [plan_trabajo] 1 archivo(s):
2026-06-18 09:45:45  [etl.cif]           · DEBUG     [stdout] [plan_trabajo] 1 archivo(s):
2026-06-18 09:45:45  [etl.exhib_gratis]  · DEBUG     [stdout] [plan_trabajo] 1 archivo(s):
2026-06-18 09:45:45  [etl.exhib_pagadas]  · DEBUG     [stdout] - Plan de trabajo.xlsx
2026-06-18 09:45:45  [etl.precios]       · DEBUG     [stdout] - Plan de trabajo.xlsx
2026-06-18 09:45:45  [etl.sos]           · DEBUG     [stdout] - Plan de trabajo.xlsx
2026-06-18 09:45:45  [etl.nopresencia]   · DEBUG     [stdout] - Plan de trabajo.xlsx
2026-06-18 09:45:45  [etl.exhib_gratis]  · DEBUG     [stdout] - Plan de trabajo.xlsx
2026-06-18 09:45:45  [etl.exhib_pagadas]  · DEBUG     [stdout] - Plan de trabajo.xlsx
2026-06-18 09:45:45  [etl.precios]       · DEBUG     [stdout] - Plan de trabajo.xlsx
2026-06-18 09:45:45  [etl.nopresencia]   · DEBUG     [stdout] - Plan de trabajo.xlsx
2026-06-18 09:45:45  [etl.sos]           · DEBUG     [stdout] - Plan de trabajo.xlsx
2026-06-18 09:45:45  [etl.exhib_pagadas]  · DEBUG     [stdout] - Plan de trabajo.xlsx
2026-06-18 09:45:45  [etl.precios]       · DEBUG     [stdout] - Plan de trabajo.xlsx
2026-06-18 09:45:45  [etl.sos]           · DEBUG     [stdout] - Plan de trabajo.xlsx
2026-06-18 09:45:45  [etl.nopresencia]   · DEBUG     [stdout] - Plan de trabajo.xlsx
2026-06-18 09:45:45  [etl.cif]           · DEBUG     [stdout] - Plan de trabajo.xlsx
2026-06-18 09:45:45  [etl.exhib_gratis]  · DEBUG     [stdout] - Plan de trabajo.xlsx
2026-06-18 09:45:45  [etl.exhib_pagadas]  · DEBUG     [stdout] ── Cargando archivos fuente ─────────────────────
2026-06-18 09:45:45  [etl.precios]       · DEBUG     [stdout] ── Cargando archivos fuente ─────────────────────
2026-06-18 09:45:45  [etl.sos]           · DEBUG     [stdout] ── Cargando archivos fuente ─────────────────────
2026-06-18 09:45:45  [etl.nopresencia]   · DEBUG     [stdout] ── Cargando archivos fuente ─────────────────────
2026-06-18 09:45:45  [etl.exhib_gratis]  · DEBUG     [stdout] ── Cargando archivos fuente ─────────────────────
2026-06-18 09:45:45  [etl.exhib_pagadas]  · DEBUG     [stdout] ── Cargando archivos fuente ─────────────────────
2026-06-18 09:45:45  [etl.precios]       · DEBUG     [stdout] ── Cargando archivos fuente ─────────────────────
2026-06-18 09:45:45  [etl.nopresencia]   · DEBUG     [stdout] ── Cargando archivos fuente ─────────────────────
2026-06-18 09:45:45  [etl.sos]           · DEBUG     [stdout] ── Cargando archivos fuente ─────────────────────
2026-06-18 09:45:45  [etl.exhib_pagadas]  · DEBUG     [stdout] ── Cargando archivos fuente ─────────────────────
2026-06-18 09:45:45  [etl.precios]       · DEBUG     [stdout] ── Cargando archivos fuente ─────────────────────
2026-06-18 09:45:45  [etl.sos]           · DEBUG     [stdout] ── Cargando archivos fuente ─────────────────────
2026-06-18 09:45:45  [etl.nopresencia]   · DEBUG     [stdout] ── Cargando archivos fuente ─────────────────────
2026-06-18 09:45:45  [etl.cif]           · DEBUG     [stdout] ── Cargando archivos fuente ─────────────────────
2026-06-18 09:45:45  [etl.exhib_gratis]  · DEBUG     [stdout] ── Cargando archivos fuente ─────────────────────
2026-06-18 09:46:03  [etl.nopresencia]   ✓ INFO      PT filtrado persistido: 6,163 filas — periodo MAYO_2026
2026-06-18 09:46:03  [etl.exhib_pagadas]  · DEBUG     [stdout] --- INICIANDO: Bloque No Presencia (Encuestas) ---
2026-06-18 09:46:03  [etl.precios]       · DEBUG     [stdout] --- INICIANDO: Bloque No Presencia (Encuestas) ---
2026-06-18 09:46:04  [etl.sos]           · DEBUG     [stdout] --- INICIANDO: Bloque No Presencia (Encuestas) ---
2026-06-18 09:46:04  [etl.nopresencia]   · DEBUG     [stdout] --- INICIANDO: Bloque No Presencia (Encuestas) ---
2026-06-18 09:46:04  [etl.exhib_gratis]  · DEBUG     [stdout] --- INICIANDO: Bloque No Presencia (Encuestas) ---
2026-06-18 09:46:04  [etl.exhib_pagadas]  · DEBUG     [stdout] --- INICIANDO: Bloque No Presencia (Encuestas) ---
2026-06-18 09:46:04  [etl.precios]       · DEBUG     [stdout] --- INICIANDO: Bloque No Presencia (Encuestas) ---
2026-06-18 09:46:04  [etl.nopresencia]   · DEBUG     [stdout] --- INICIANDO: Bloque No Presencia (Encuestas) ---
2026-06-18 09:46:04  [etl.sos]           · DEBUG     [stdout] --- INICIANDO: Bloque No Presencia (Encuestas) ---
2026-06-18 09:46:04  [etl.exhib_pagadas]  · DEBUG     [stdout] --- INICIANDO: Bloque No Presencia (Encuestas) ---
2026-06-18 09:46:04  [etl.precios]       · DEBUG     [stdout] --- INICIANDO: Bloque No Presencia (Encuestas) ---
2026-06-18 09:46:04  [etl.sos]           · DEBUG     [stdout] --- INICIANDO: Bloque No Presencia (Encuestas) ---
2026-06-18 09:46:04  [etl.nopresencia]   · DEBUG     [stdout] --- INICIANDO: Bloque No Presencia (Encuestas) ---
2026-06-18 09:46:04  [etl.cif]           · DEBUG     [stdout] --- INICIANDO: Bloque No Presencia (Encuestas) ---
2026-06-18 09:46:04  [etl.exhib_gratis]  · DEBUG     [stdout] --- INICIANDO: Bloque No Presencia (Encuestas) ---
2026-06-18 09:46:04  [etl.exhib_pagadas]  · DEBUG     [stdout] Archivo encuestas: Respuestas no presencia Mayo 2026.xlsx
2026-06-18 09:46:04  [etl.precios]       · DEBUG     [stdout] Archivo encuestas: Respuestas no presencia Mayo 2026.xlsx
2026-06-18 09:46:04  [etl.sos]           · DEBUG     [stdout] Archivo encuestas: Respuestas no presencia Mayo 2026.xlsx
2026-06-18 09:46:04  [etl.nopresencia]   · DEBUG     [stdout] Archivo encuestas: Respuestas no presencia Mayo 2026.xlsx
2026-06-18 09:46:04  [etl.exhib_gratis]  · DEBUG     [stdout] Archivo encuestas: Respuestas no presencia Mayo 2026.xlsx
2026-06-18 09:46:04  [etl.exhib_pagadas]  · DEBUG     [stdout] Archivo encuestas: Respuestas no presencia Mayo 2026.xlsx
2026-06-18 09:46:04  [etl.precios]       · DEBUG     [stdout] Archivo encuestas: Respuestas no presencia Mayo 2026.xlsx
2026-06-18 09:46:04  [etl.nopresencia]   · DEBUG     [stdout] Archivo encuestas: Respuestas no presencia Mayo 2026.xlsx
2026-06-18 09:46:04  [etl.sos]           · DEBUG     [stdout] Archivo encuestas: Respuestas no presencia Mayo 2026.xlsx
2026-06-18 09:46:04  [etl.exhib_pagadas]  · DEBUG     [stdout] Archivo encuestas: Respuestas no presencia Mayo 2026.xlsx
2026-06-18 09:46:04  [etl.precios]       · DEBUG     [stdout] Archivo encuestas: Respuestas no presencia Mayo 2026.xlsx
2026-06-18 09:46:04  [etl.sos]           · DEBUG     [stdout] Archivo encuestas: Respuestas no presencia Mayo 2026.xlsx
2026-06-18 09:46:04  [etl.nopresencia]   · DEBUG     [stdout] Archivo encuestas: Respuestas no presencia Mayo 2026.xlsx
2026-06-18 09:46:04  [etl.cif]           · DEBUG     [stdout] Archivo encuestas: Respuestas no presencia Mayo 2026.xlsx
2026-06-18 09:46:04  [etl.exhib_gratis]  · DEBUG     [stdout] Archivo encuestas: Respuestas no presencia Mayo 2026.xlsx
2026-06-18 09:46:04  [etl.exhib_pagadas]  ✓ INFO      [stdout] ✓ Base Exhibiciones Informar Mayo 2026.xlsx — 3,446 filas
2026-06-18 09:46:04  [etl.precios]       ✓ INFO      [stdout] ✓ Base Exhibiciones Informar Mayo 2026.xlsx — 3,446 filas
2026-06-18 09:46:04  [etl.sos]           ✓ INFO      [stdout] ✓ Base Exhibiciones Informar Mayo 2026.xlsx — 3,446 filas
2026-06-18 09:46:04  [etl.nopresencia]   ✓ INFO      [stdout] ✓ Base Exhibiciones Informar Mayo 2026.xlsx — 3,446 filas
2026-06-18 09:46:04  [etl.exhib_gratis]  ✓ INFO      [stdout] ✓ Base Exhibiciones Informar Mayo 2026.xlsx — 3,446 filas
2026-06-18 09:46:04  [etl.exhib_pagadas]  ✓ INFO      [stdout] ✓ Base Exhibiciones Informar Mayo 2026.xlsx — 3,446 filas
2026-06-18 09:46:04  [etl.precios]       ✓ INFO      [stdout] ✓ Base Exhibiciones Informar Mayo 2026.xlsx — 3,446 filas
2026-06-18 09:46:04  [etl.nopresencia]   ✓ INFO      [stdout] ✓ Base Exhibiciones Informar Mayo 2026.xlsx — 3,446 filas
2026-06-18 09:46:04  [etl.sos]           ✓ INFO      [stdout] ✓ Base Exhibiciones Informar Mayo 2026.xlsx — 3,446 filas
2026-06-18 09:46:04  [etl.exhib_pagadas]  ✓ INFO      [stdout] ✓ Base Exhibiciones Informar Mayo 2026.xlsx — 3,446 filas
2026-06-18 09:46:04  [etl.precios]       ✓ INFO      [stdout] ✓ Base Exhibiciones Informar Mayo 2026.xlsx — 3,446 filas
2026-06-18 09:46:04  [etl.sos]           ✓ INFO      [stdout] ✓ Base Exhibiciones Informar Mayo 2026.xlsx — 3,446 filas
2026-06-18 09:46:04  [etl.nopresencia]   ✓ INFO      [stdout] ✓ Base Exhibiciones Informar Mayo 2026.xlsx — 3,446 filas
2026-06-18 09:46:04  [etl.cif]           ✓ INFO      [stdout] ✓ Base Exhibiciones Informar Mayo 2026.xlsx — 3,446 filas
2026-06-18 09:46:04  [etl.exhib_gratis]  ✓ INFO      [stdout] ✓ Base Exhibiciones Informar Mayo 2026.xlsx — 3,446 filas
2026-06-18 09:46:19  [etl.exhib_pagadas]  ✓ INFO      [stdout] ✓ Base Exhibiciones Planning Mayo 2026.xlsx — 3,284 filas
2026-06-18 09:46:19  [etl.precios]       ✓ INFO      [stdout] ✓ Base Exhibiciones Planning Mayo 2026.xlsx — 3,284 filas
2026-06-18 09:46:19  [etl.sos]           ✓ INFO      [stdout] ✓ Base Exhibiciones Planning Mayo 2026.xlsx — 3,284 filas
2026-06-18 09:46:19  [etl.nopresencia]   ✓ INFO      [stdout] ✓ Base Exhibiciones Planning Mayo 2026.xlsx — 3,284 filas
2026-06-18 09:46:19  [etl.exhib_gratis]  ✓ INFO      [stdout] ✓ Base Exhibiciones Planning Mayo 2026.xlsx — 3,284 filas
2026-06-18 09:46:19  [etl.exhib_pagadas]  ✓ INFO      [stdout] ✓ Base Exhibiciones Planning Mayo 2026.xlsx — 3,284 filas
2026-06-18 09:46:19  [etl.precios]       ✓ INFO      [stdout] ✓ Base Exhibiciones Planning Mayo 2026.xlsx — 3,284 filas
2026-06-18 09:46:19  [etl.nopresencia]   ✓ INFO      [stdout] ✓ Base Exhibiciones Planning Mayo 2026.xlsx — 3,284 filas
2026-06-18 09:46:19  [etl.sos]           ✓ INFO      [stdout] ✓ Base Exhibiciones Planning Mayo 2026.xlsx — 3,284 filas
2026-06-18 09:46:19  [etl.exhib_pagadas]  ✓ INFO      [stdout] ✓ Base Exhibiciones Planning Mayo 2026.xlsx — 3,284 filas
2026-06-18 09:46:19  [etl.precios]       ✓ INFO      [stdout] ✓ Base Exhibiciones Planning Mayo 2026.xlsx — 3,284 filas
2026-06-18 09:46:19  [etl.sos]           ✓ INFO      [stdout] ✓ Base Exhibiciones Planning Mayo 2026.xlsx — 3,284 filas
2026-06-18 09:46:19  [etl.nopresencia]   ✓ INFO      [stdout] ✓ Base Exhibiciones Planning Mayo 2026.xlsx — 3,284 filas
2026-06-18 09:46:19  [etl.cif]           ✓ INFO      [stdout] ✓ Base Exhibiciones Planning Mayo 2026.xlsx — 3,284 filas
2026-06-18 09:46:19  [etl.exhib_gratis]  ✓ INFO      [stdout] ✓ Base Exhibiciones Planning Mayo 2026.xlsx — 3,284 filas
2026-06-18 09:46:20  [etl.exhib_pagadas]  ✓ INFO      [stdout] ✅ ¡Hecho! Los registros que no cruzaron ahora tienen 'No' y ejecución en 0.
2026-06-18 09:46:20  [etl.precios]       ✓ INFO      [stdout] ✅ ¡Hecho! Los registros que no cruzaron ahora tienen 'No' y ejecución en 0.
2026-06-18 09:46:20  [etl.sos]           ✓ INFO      [stdout] ✅ ¡Hecho! Los registros que no cruzaron ahora tienen 'No' y ejecución en 0.
2026-06-18 09:46:20  [etl.nopresencia]   ✓ INFO      [stdout] ✅ ¡Hecho! Los registros que no cruzaron ahora tienen 'No' y ejecución en 0.
2026-06-18 09:46:20  [etl.exhib_gratis]  ✓ INFO      [stdout] ✅ ¡Hecho! Los registros que no cruzaron ahora tienen 'No' y ejecución en 0.
2026-06-18 09:46:20  [etl.exhib_pagadas]  ✓ INFO      [stdout] ✅ ¡Hecho! Los registros que no cruzaron ahora tienen 'No' y ejecución en 0.
2026-06-18 09:46:20  [etl.precios]       ✓ INFO      [stdout] ✅ ¡Hecho! Los registros que no cruzaron ahora tienen 'No' y ejecución en 0.
2026-06-18 09:46:20  [etl.nopresencia]   ✓ INFO      [stdout] ✅ ¡Hecho! Los registros que no cruzaron ahora tienen 'No' y ejecución en 0.
2026-06-18 09:46:20  [etl.sos]           ✓ INFO      [stdout] ✅ ¡Hecho! Los registros que no cruzaron ahora tienen 'No' y ejecución en 0.
2026-06-18 09:46:20  [etl.exhib_pagadas]  ✓ INFO      [stdout] ✅ ¡Hecho! Los registros que no cruzaron ahora tienen 'No' y ejecución en 0.
2026-06-18 09:46:20  [etl.precios]       ✓ INFO      [stdout] ✅ ¡Hecho! Los registros que no cruzaron ahora tienen 'No' y ejecución en 0.
2026-06-18 09:46:20  [etl.sos]           ✓ INFO      [stdout] ✅ ¡Hecho! Los registros que no cruzaron ahora tienen 'No' y ejecución en 0.
2026-06-18 09:46:20  [etl.nopresencia]   ✓ INFO      [stdout] ✅ ¡Hecho! Los registros que no cruzaron ahora tienen 'No' y ejecución en 0.
2026-06-18 09:46:20  [etl.cif]           ✓ INFO      [stdout] ✅ ¡Hecho! Los registros que no cruzaron ahora tienen 'No' y ejecución en 0.
2026-06-18 09:46:20  [etl.exhib_gratis]  ✓ INFO      [stdout] ✅ ¡Hecho! Los registros que no cruzaron ahora tienen 'No' y ejecución en 0.
2026-06-18 09:46:20  [etl.exhib_pagadas]  · DEBUG     [stdout] --- KPI (V3): RESUMEN EXHIBICIONES PAGADAS por empleado  (Mayo_2026) ---
2026-06-18 09:46:20  [etl.precios]       · DEBUG     [stdout] --- KPI (V3): RESUMEN EXHIBICIONES PAGADAS por empleado  (Mayo_2026) ---
2026-06-18 09:46:20  [etl.exhib_pagadas]  ✓ INFO      [stdout] ✅ Reporte capturas generado.
2026-06-18 09:46:20  [etl.precios]       ✓ INFO      [stdout] ✅ Reporte capturas generado.
2026-06-18 09:46:20  [etl.nopresencia]   ✓ INFO      [stdout] --- KPI (V3): RESUMEN EXHIBICIONES PAGADAS por empleado  (Mayo_2026) ---✅ Reporte capturas generado.
2026-06-18 09:46:20  [etl.exhib_gratis]  ✓ INFO      [stdout] --- KPI (V3): RESUMEN EXHIBICIONES PAGADAS por empleado  (Mayo_2026) ---✅ Reporte capturas generado.
2026-06-18 09:46:20  [etl.exhib_pagadas]  ✓ INFO      [stdout] --- KPI (V3): RESUMEN EXHIBICIONES PAGADAS por empleado  (Mayo_2026) ---✅ Reporte capturas generado.
2026-06-18 09:46:20  [etl.sos]           ✓ INFO      [stdout] --- KPI (V3): RESUMEN EXHIBICIONES PAGADAS por empleado  (Mayo_2026) ---✅ Reporte capturas generado.
2026-06-18 09:46:20  [etl.precios]       ✓ INFO      [stdout] --- KPI (V3): RESUMEN EXHIBICIONES PAGADAS por empleado  (Mayo_2026) ---✅ Reporte capturas generado.
2026-06-18 09:46:20  [etl.sos]           ✓ INFO      [stdout] --- KPI (V3): RESUMEN EXHIBICIONES PAGADAS por empleado  (Mayo_2026) ---✅ Reporte capturas generado.
2026-06-18 09:46:20  [etl.nopresencia]   ✓ INFO      [stdout] --- KPI (V3): RESUMEN EXHIBICIONES PAGADAS por empleado  (Mayo_2026) ---✅ Reporte capturas generado.
2026-06-18 09:46:20  [etl.exhib_pagadas]  ✓ INFO      [stdout] --- KPI (V3): RESUMEN EXHIBICIONES PAGADAS por empleado  (Mayo_2026) ---✅ Reporte capturas generado.
2026-06-18 09:46:20  [etl.precios]       ✓ INFO      [stdout] --- KPI (V3): RESUMEN EXHIBICIONES PAGADAS por empleado  (Mayo_2026) ---✅ Reporte capturas generado.
2026-06-18 09:46:20  [etl.sos]           ✓ INFO      [stdout] --- KPI (V3): RESUMEN EXHIBICIONES PAGADAS por empleado  (Mayo_2026) ---✅ Reporte capturas generado.
2026-06-18 09:46:20  [etl.cif]           ✓ INFO      [stdout] --- KPI (V3): RESUMEN EXHIBICIONES PAGADAS por empleado  (Mayo_2026) ---✅ Reporte capturas generado.
2026-06-18 09:46:20  [etl.exhib_gratis]  ✓ INFO      [stdout] --- KPI (V3): RESUMEN EXHIBICIONES PAGADAS por empleado  (Mayo_2026) ---✅ Reporte capturas generado.
2026-06-18 09:46:20  [etl.nopresencia]   ✓ INFO      [stdout] --- KPI (V3): RESUMEN EXHIBICIONES PAGADAS por empleado  (Mayo_2026) ---✅ Reporte capturas generado.
2026-06-18 09:46:20  [etl.precios]       ✓ INFO      Reporte de captura de precios generado
2026-06-18 09:46:21  [etl.exhib_pagadas]  · DEBUG     [stdout] --- PASO 3: Generando Análisis Detallado (MAYO_2026) ---
2026-06-18 09:46:21  [etl.precios]       · DEBUG     [stdout] --- PASO 3: Generando Análisis Detallado (MAYO_2026) ---
2026-06-18 09:46:21  [etl.sos]           · DEBUG     [stdout] --- PASO 3: Generando Análisis Detallado (MAYO_2026) ---
2026-06-18 09:46:21  [etl.nopresencia]   · DEBUG     [stdout] --- PASO 3: Generando Análisis Detallado (MAYO_2026) ---
2026-06-18 09:46:21  [etl.exhib_gratis]  · DEBUG     [stdout] --- PASO 3: Generando Análisis Detallado (MAYO_2026) ---
2026-06-18 09:46:21  [etl.exhib_pagadas]  · DEBUG     [stdout] --- PASO 3: Generando Análisis Detallado (MAYO_2026) ---
2026-06-18 09:46:21  [etl.precios]       · DEBUG     [stdout] --- PASO 3: Generando Análisis Detallado (MAYO_2026) ---
2026-06-18 09:46:21  [etl.nopresencia]   · DEBUG     [stdout] --- PASO 3: Generando Análisis Detallado (MAYO_2026) ---
2026-06-18 09:46:21  [etl.sos]           · DEBUG     [stdout] --- PASO 3: Generando Análisis Detallado (MAYO_2026) ---
2026-06-18 09:46:21  [etl.exhib_pagadas]  · DEBUG     [stdout] --- PASO 3: Generando Análisis Detallado (MAYO_2026) ---
2026-06-18 09:46:21  [etl.precios]       · DEBUG     [stdout] --- PASO 3: Generando Análisis Detallado (MAYO_2026) ---
2026-06-18 09:46:21  [etl.sos]           · DEBUG     [stdout] --- PASO 3: Generando Análisis Detallado (MAYO_2026) ---
2026-06-18 09:46:21  [etl.nopresencia]   · DEBUG     [stdout] --- PASO 3: Generando Análisis Detallado (MAYO_2026) ---
2026-06-18 09:46:21  [etl.cif]           · DEBUG     [stdout] --- PASO 3: Generando Análisis Detallado (MAYO_2026) ---
2026-06-18 09:46:21  [etl.exhib_gratis]  · DEBUG     [stdout] --- PASO 3: Generando Análisis Detallado (MAYO_2026) ---
2026-06-18 09:46:23  [etl.exhib_pagadas]  · DEBUG     [stdout] Leyendo: Resultado_exhibiciones_pagadas Mayo 2026.xlsx (2763 filas)
2026-06-18 09:46:23  [etl.precios]       · DEBUG     [stdout] Leyendo: Resultado_exhibiciones_pagadas Mayo 2026.xlsx (2763 filas)
2026-06-18 09:46:23  [etl.sos]           · DEBUG     [stdout] Leyendo: Resultado_exhibiciones_pagadas Mayo 2026.xlsx (2763 filas)
2026-06-18 09:46:23  [etl.nopresencia]   · DEBUG     [stdout] Leyendo: Resultado_exhibiciones_pagadas Mayo 2026.xlsx (2763 filas)
2026-06-18 09:46:23  [etl.exhib_gratis]  · DEBUG     [stdout] Leyendo: Resultado_exhibiciones_pagadas Mayo 2026.xlsx (2763 filas)
2026-06-18 09:46:23  [etl.exhib_pagadas]  · DEBUG     [stdout] Leyendo: Resultado_exhibiciones_pagadas Mayo 2026.xlsx (2763 filas)
2026-06-18 09:46:23  [etl.precios]       · DEBUG     [stdout] Leyendo: Resultado_exhibiciones_pagadas Mayo 2026.xlsx (2763 filas)
2026-06-18 09:46:23  [etl.nopresencia]   · DEBUG     [stdout] Leyendo: Resultado_exhibiciones_pagadas Mayo 2026.xlsx (2763 filas)
2026-06-18 09:46:23  [etl.sos]           · DEBUG     [stdout] Leyendo: Resultado_exhibiciones_pagadas Mayo 2026.xlsx (2763 filas)
2026-06-18 09:46:23  [etl.exhib_pagadas]  · DEBUG     [stdout] Leyendo: Resultado_exhibiciones_pagadas Mayo 2026.xlsx (2763 filas)
2026-06-18 09:46:23  [etl.precios]       · DEBUG     [stdout] Leyendo: Resultado_exhibiciones_pagadas Mayo 2026.xlsx (2763 filas)
2026-06-18 09:46:23  [etl.sos]           · DEBUG     [stdout] Leyendo: Resultado_exhibiciones_pagadas Mayo 2026.xlsx (2763 filas)
2026-06-18 09:46:23  [etl.nopresencia]   · DEBUG     [stdout] Leyendo: Resultado_exhibiciones_pagadas Mayo 2026.xlsx (2763 filas)
2026-06-18 09:46:23  [etl.cif]           · DEBUG     [stdout] Leyendo: Resultado_exhibiciones_pagadas Mayo 2026.xlsx (2763 filas)
2026-06-18 09:46:23  [etl.exhib_gratis]  · DEBUG     [stdout] Leyendo: Resultado_exhibiciones_pagadas Mayo 2026.xlsx (2763 filas)
2026-06-18 09:46:27  [etl.exhib_pagadas]  ✓ INFO      [stdout] ✓ Plan de trabajo.xlsx — 3,764 gestores cargados
2026-06-18 09:46:27  [etl.precios]       ✓ INFO      [stdout] ✓ Plan de trabajo.xlsx — 3,764 gestores cargados
2026-06-18 09:46:27  [etl.sos]           ✓ INFO      [stdout] ✓ Plan de trabajo.xlsx — 3,764 gestores cargados
2026-06-18 09:46:27  [etl.nopresencia]   ✓ INFO      [stdout] ✓ Plan de trabajo.xlsx — 3,764 gestores cargados
2026-06-18 09:46:27  [etl.exhib_gratis]  ✓ INFO      [stdout] ✓ Plan de trabajo.xlsx — 3,764 gestores cargados
2026-06-18 09:46:27  [etl.exhib_pagadas]  ✓ INFO      [stdout] ✓ Plan de trabajo.xlsx — 3,764 gestores cargados
2026-06-18 09:46:27  [etl.precios]       ✓ INFO      [stdout] ✓ Plan de trabajo.xlsx — 3,764 gestores cargados
2026-06-18 09:46:27  [etl.nopresencia]   ✓ INFO      [stdout] ✓ Plan de trabajo.xlsx — 3,764 gestores cargados
2026-06-18 09:46:27  [etl.sos]           ✓ INFO      [stdout] ✓ Plan de trabajo.xlsx — 3,764 gestores cargados
2026-06-18 09:46:27  [etl.exhib_pagadas]  ✓ INFO      [stdout] ✓ Plan de trabajo.xlsx — 3,764 gestores cargados
2026-06-18 09:46:27  [etl.precios]       ✓ INFO      [stdout] ✓ Plan de trabajo.xlsx — 3,764 gestores cargados
2026-06-18 09:46:27  [etl.sos]           ✓ INFO      [stdout] ✓ Plan de trabajo.xlsx — 3,764 gestores cargados
2026-06-18 09:46:27  [etl.nopresencia]   ✓ INFO      [stdout] ✓ Plan de trabajo.xlsx — 3,764 gestores cargados
2026-06-18 09:46:27  [etl.cif]           ✓ INFO      [stdout] ✓ Plan de trabajo.xlsx — 3,764 gestores cargados
2026-06-18 09:46:27  [etl.exhib_gratis]  ✓ INFO      [stdout] ✓ Plan de trabajo.xlsx — 3,764 gestores cargados
2026-06-18 09:46:53  [etl.exhib_pagadas]  ✓ INFO      [stdout] ✅ Mes activo: 132 empleados → EXHIBICIONES_PAGADAS_KPIS.xlsx
2026-06-18 09:46:53  [etl.precios]       ✓ INFO      [stdout] ✅ Mes activo: 132 empleados → EXHIBICIONES_PAGADAS_KPIS.xlsx
2026-06-18 09:46:53  [etl.sos]           ✓ INFO      [stdout] ✅ Mes activo: 132 empleados → EXHIBICIONES_PAGADAS_KPIS.xlsx
2026-06-18 09:46:53  [etl.nopresencia]   ✓ INFO      [stdout] ✅ Mes activo: 132 empleados → EXHIBICIONES_PAGADAS_KPIS.xlsx
2026-06-18 09:46:53  [etl.exhib_gratis]  ✓ INFO      [stdout] ✅ Mes activo: 132 empleados → EXHIBICIONES_PAGADAS_KPIS.xlsx
2026-06-18 09:46:53  [etl.exhib_pagadas]  ✓ INFO      [stdout] ✅ Mes activo: 132 empleados → EXHIBICIONES_PAGADAS_KPIS.xlsx
2026-06-18 09:46:53  [etl.precios]       ✓ INFO      [stdout] ✅ Mes activo: 132 empleados → EXHIBICIONES_PAGADAS_KPIS.xlsx
2026-06-18 09:46:53  [etl.nopresencia]   ✓ INFO      [stdout] ✅ Mes activo: 132 empleados → EXHIBICIONES_PAGADAS_KPIS.xlsx
2026-06-18 09:46:53  [etl.sos]           ✓ INFO      [stdout] ✅ Mes activo: 132 empleados → EXHIBICIONES_PAGADAS_KPIS.xlsx
2026-06-18 09:46:53  [etl.exhib_pagadas]  ✓ INFO      [stdout] ✅ Mes activo: 132 empleados → EXHIBICIONES_PAGADAS_KPIS.xlsx
2026-06-18 09:46:53  [etl.precios]       ✓ INFO      [stdout] ✅ Mes activo: 132 empleados → EXHIBICIONES_PAGADAS_KPIS.xlsx
2026-06-18 09:46:53  [etl.sos]           ✓ INFO      [stdout] ✅ Mes activo: 132 empleados → EXHIBICIONES_PAGADAS_KPIS.xlsx
2026-06-18 09:46:54  [etl.nopresencia]   ✓ INFO      [stdout] ✅ Mes activo: 132 empleados → EXHIBICIONES_PAGADAS_KPIS.xlsx
2026-06-18 09:46:54  [etl.cif]           ✓ INFO      [stdout] ✅ Mes activo: 132 empleados → EXHIBICIONES_PAGADAS_KPIS.xlsx
2026-06-18 09:46:54  [etl.exhib_gratis]  ✓ INFO      [stdout] ✅ Mes activo: 132 empleados → EXHIBICIONES_PAGADAS_KPIS.xlsx
2026-06-18 09:47:01  [etl.exhib_pagadas]  ✓ INFO      [stdout] ✅ Histórico → EXHIBICIONES_PAGADAS_KPIS_HISTORICO.xlsx
2026-06-18 09:47:01  [etl.precios]       ✓ INFO      [stdout] ✅ Histórico → EXHIBICIONES_PAGADAS_KPIS_HISTORICO.xlsx
2026-06-18 09:47:01  [etl.sos]           ✓ INFO      [stdout] ✅ Histórico → EXHIBICIONES_PAGADAS_KPIS_HISTORICO.xlsx
2026-06-18 09:47:01  [etl.nopresencia]   ✓ INFO      [stdout] ✅ Histórico → EXHIBICIONES_PAGADAS_KPIS_HISTORICO.xlsx
2026-06-18 09:47:01  [etl.exhib_gratis]  ✓ INFO      [stdout] ✅ Histórico → EXHIBICIONES_PAGADAS_KPIS_HISTORICO.xlsx
2026-06-18 09:47:02  [etl.exhib_pagadas]  ✓ INFO      [stdout] ✅ Histórico → EXHIBICIONES_PAGADAS_KPIS_HISTORICO.xlsx
2026-06-18 09:47:02  [etl.precios]       ✓ INFO      [stdout] ✅ Histórico → EXHIBICIONES_PAGADAS_KPIS_HISTORICO.xlsx
2026-06-18 09:47:02  [etl.nopresencia]   ✓ INFO      [stdout] ✅ Histórico → EXHIBICIONES_PAGADAS_KPIS_HISTORICO.xlsx
2026-06-18 09:47:02  [etl.sos]           ✓ INFO      [stdout] ✅ Histórico → EXHIBICIONES_PAGADAS_KPIS_HISTORICO.xlsx
2026-06-18 09:47:02  [etl.exhib_pagadas]  ✓ INFO      [stdout] ✅ Histórico → EXHIBICIONES_PAGADAS_KPIS_HISTORICO.xlsx
2026-06-18 09:47:02  [etl.precios]       ✓ INFO      [stdout] ✅ Histórico → EXHIBICIONES_PAGADAS_KPIS_HISTORICO.xlsx
2026-06-18 09:47:02  [etl.sos]           ✓ INFO      [stdout] ✅ Histórico → EXHIBICIONES_PAGADAS_KPIS_HISTORICO.xlsx
2026-06-18 09:47:02  [etl.nopresencia]   ✓ INFO      [stdout] ✅ Histórico → EXHIBICIONES_PAGADAS_KPIS_HISTORICO.xlsx
2026-06-18 09:47:02  [etl.cif]           ✓ INFO      [stdout] ✅ Histórico → EXHIBICIONES_PAGADAS_KPIS_HISTORICO.xlsx
2026-06-18 09:47:02  [etl.exhib_gratis]  ✓ INFO      [stdout] ✅ Histórico → EXHIBICIONES_PAGADAS_KPIS_HISTORICO.xlsx
2026-06-18 09:47:02  [etl.exhib_pagadas]  ✓ INFO      ETL Exhibiciones Pagadas — completado
2026-06-18 09:47:03  [etl.exhib_pagadas]  ✓ INFO      Duración total: 84.9s
2026-06-18 09:47:03  [etl.ventas]        ✓ INFO      ────────────────────────────────────────────────────────
2026-06-18 09:47:03  [etl.orquestador]   ✓ INFO      ETL 'exhib_pagadas' terminó — ✓ OK en 84.9s
2026-06-18 09:47:03  [etl.ventas]        ✓ INFO      ETL Ventas D&P — iniciando
2026-06-18 09:47:04  [etl.exhib_pagadas]  · DEBUG     [stdout] 📍 Origen: C:\Users\Usuario\OneDrive - Universidad de los Andes\Escritorio\PROYECTO_EFICACIA\BASES\D&P\01. Ventas
2026-06-18 09:47:04  [etl.precios]       · DEBUG     [stdout] 📍 Origen: C:\Users\Usuario\OneDrive - Universidad de los Andes\Escritorio\PROYECTO_EFICACIA\BASES\D&P\01. Ventas
2026-06-18 09:47:04  [etl.sos]           · DEBUG     [stdout] 📍 Origen: C:\Users\Usuario\OneDrive - Universidad de los Andes\Escritorio\PROYECTO_EFICACIA\BASES\D&P\01. Ventas
2026-06-18 09:47:04  [etl.nopresencia]   · DEBUG     [stdout] 📍 Origen: C:\Users\Usuario\OneDrive - Universidad de los Andes\Escritorio\PROYECTO_EFICACIA\BASES\D&P\01. Ventas
2026-06-18 09:47:04  [etl.exhib_gratis]  · DEBUG     [stdout] 📍 Origen: C:\Users\Usuario\OneDrive - Universidad de los Andes\Escritorio\PROYECTO_EFICACIA\BASES\D&P\01. Ventas
2026-06-18 09:47:04  [etl.exhib_pagadas]  · DEBUG     [stdout] 📍 Origen: C:\Users\Usuario\OneDrive - Universidad de los Andes\Escritorio\PROYECTO_EFICACIA\BASES\D&P\01. Ventas
2026-06-18 09:47:04  [etl.precios]       · DEBUG     [stdout] 📍 Origen: C:\Users\Usuario\OneDrive - Universidad de los Andes\Escritorio\PROYECTO_EFICACIA\BASES\D&P\01. Ventas
2026-06-18 09:47:04  [etl.nopresencia]   · DEBUG     [stdout] 📍 Origen: C:\Users\Usuario\OneDrive - Universidad de los Andes\Escritorio\PROYECTO_EFICACIA\BASES\D&P\01. Ventas
2026-06-18 09:47:04  [etl.sos]           · DEBUG     [stdout] 📍 Origen: C:\Users\Usuario\OneDrive - Universidad de los Andes\Escritorio\PROYECTO_EFICACIA\BASES\D&P\01. Ventas
2026-06-18 09:47:04  [etl.ventas]        · DEBUG     [stdout] 📍 Origen: C:\Users\Usuario\OneDrive - Universidad de los Andes\Escritorio\PROYECTO_EFICACIA\BASES\D&P\01. Ventas
2026-06-18 09:47:04  [etl.exhib_pagadas]  · DEBUG     [stdout] 📁 Salida: C:\Users\Usuario\OneDrive - Universidad de los Andes\Escritorio\PROYECTO_EFICACIA\SALIDA\D&P\Consolidado_Ventas.csv
2026-06-18 09:47:04  [etl.precios]       · DEBUG     [stdout] 📁 Salida: C:\Users\Usuario\OneDrive - Universidad de los Andes\Escritorio\PROYECTO_EFICACIA\SALIDA\D&P\Consolidado_Ventas.csv
2026-06-18 09:47:04  [etl.sos]           · DEBUG     [stdout] 📁 Salida: C:\Users\Usuario\OneDrive - Universidad de los Andes\Escritorio\PROYECTO_EFICACIA\SALIDA\D&P\Consolidado_Ventas.csv
2026-06-18 09:47:04  [etl.nopresencia]   · DEBUG     [stdout] 📁 Salida: C:\Users\Usuario\OneDrive - Universidad de los Andes\Escritorio\PROYECTO_EFICACIA\SALIDA\D&P\Consolidado_Ventas.csv
2026-06-18 09:47:04  [etl.exhib_gratis]  · DEBUG     [stdout] 📁 Salida: C:\Users\Usuario\OneDrive - Universidad de los Andes\Escritorio\PROYECTO_EFICACIA\SALIDA\D&P\Consolidado_Ventas.csv
2026-06-18 09:47:04  [etl.exhib_pagadas]  · DEBUG     [stdout] 📁 Salida: C:\Users\Usuario\OneDrive - Universidad de los Andes\Escritorio\PROYECTO_EFICACIA\SALIDA\D&P\Consolidado_Ventas.csv
2026-06-18 09:47:04  [etl.precios]       · DEBUG     [stdout] 📁 Salida: C:\Users\Usuario\OneDrive - Universidad de los Andes\Escritorio\PROYECTO_EFICACIA\SALIDA\D&P\Consolidado_Ventas.csv
2026-06-18 09:47:04  [etl.nopresencia]   · DEBUG     [stdout] 📁 Salida: C:\Users\Usuario\OneDrive - Universidad de los Andes\Escritorio\PROYECTO_EFICACIA\SALIDA\D&P\Consolidado_Ventas.csv
2026-06-18 09:47:04  [etl.sos]           · DEBUG     [stdout] 📁 Salida: C:\Users\Usuario\OneDrive - Universidad de los Andes\Escritorio\PROYECTO_EFICACIA\SALIDA\D&P\Consolidado_Ventas.csv
2026-06-18 09:47:04  [etl.ventas]        · DEBUG     [stdout] 📁 Salida: C:\Users\Usuario\OneDrive - Universidad de los Andes\Escritorio\PROYECTO_EFICACIA\SALIDA\D&P\Consolidado_Ventas.csv
2026-06-18 09:47:06  [etl.exhib_pagadas]  ✓ INFO      [stdout] ✅ Archivos encontrados (2024+): 3
2026-06-18 09:47:06  [etl.precios]       ✓ INFO      [stdout] ✅ Archivos encontrados (2024+): 3
2026-06-18 09:47:06  [etl.sos]           ✓ INFO      [stdout] ✅ Archivos encontrados (2024+): 3
2026-06-18 09:47:06  [etl.nopresencia]   ✓ INFO      [stdout] ✅ Archivos encontrados (2024+): 3
2026-06-18 09:47:07  [etl.exhib_gratis]  ✓ INFO      [stdout] ✅ Archivos encontrados (2024+): 3
2026-06-18 09:47:07  [etl.exhib_pagadas]  ✓ INFO      [stdout] ✅ Archivos encontrados (2024+): 3
2026-06-18 09:47:07  [etl.precios]       ✓ INFO      [stdout] ✅ Archivos encontrados (2024+): 3
2026-06-18 09:47:07  [etl.nopresencia]   ✓ INFO      [stdout] ✅ Archivos encontrados (2024+): 3
2026-06-18 09:47:07  [etl.sos]           ✓ INFO      [stdout] ✅ Archivos encontrados (2024+): 3
2026-06-18 09:47:07  [etl.ventas]        ✓ INFO      [stdout] ✅ Archivos encontrados (2024+): 3
2026-06-18 09:47:35  [etl.exhib_pagadas]  · DEBUG     [stdout] Modo upsert — reprocesando: 05. Mayo base ventas.xlsx
2026-06-18 09:47:35  [etl.precios]       · DEBUG     [stdout] Modo upsert — reprocesando: 05. Mayo base ventas.xlsx
2026-06-18 09:47:35  [etl.sos]           · DEBUG     [stdout] Modo upsert — reprocesando: 05. Mayo base ventas.xlsx
2026-06-18 09:47:35  [etl.nopresencia]   · DEBUG     [stdout] Modo upsert — reprocesando: 05. Mayo base ventas.xlsx
2026-06-18 09:47:35  [etl.exhib_gratis]  · DEBUG     [stdout] Modo upsert — reprocesando: 05. Mayo base ventas.xlsx
2026-06-18 09:47:35  [etl.exhib_pagadas]  · DEBUG     [stdout] Modo upsert — reprocesando: 05. Mayo base ventas.xlsx
2026-06-18 09:47:35  [etl.precios]       · DEBUG     [stdout] Modo upsert — reprocesando: 05. Mayo base ventas.xlsx
2026-06-18 09:47:35  [etl.nopresencia]   · DEBUG     [stdout] Modo upsert — reprocesando: 05. Mayo base ventas.xlsx
2026-06-18 09:47:35  [etl.sos]           · DEBUG     [stdout] Modo upsert — reprocesando: 05. Mayo base ventas.xlsx
2026-06-18 09:47:35  [etl.ventas]        · DEBUG     [stdout] Modo upsert — reprocesando: 05. Mayo base ventas.xlsx
2026-06-18 09:47:38  [etl.exhib_pagadas]  · DEBUG     [stdout] → Procesando: 05. Mayo base ventas.xlsx
2026-06-18 09:47:38  [etl.precios]       · DEBUG     [stdout] → Procesando: 05. Mayo base ventas.xlsx
2026-06-18 09:47:38  [etl.sos]           · DEBUG     [stdout] → Procesando: 05. Mayo base ventas.xlsx
2026-06-18 09:47:38  [etl.nopresencia]   · DEBUG     [stdout] → Procesando: 05. Mayo base ventas.xlsx
2026-06-18 09:47:38  [etl.exhib_gratis]  · DEBUG     [stdout] → Procesando: 05. Mayo base ventas.xlsx
2026-06-18 09:47:38  [etl.exhib_pagadas]  · DEBUG     [stdout] → Procesando: 05. Mayo base ventas.xlsx
2026-06-18 09:47:38  [etl.precios]       · DEBUG     [stdout] → Procesando: 05. Mayo base ventas.xlsx
2026-06-18 09:47:38  [etl.nopresencia]   · DEBUG     [stdout] → Procesando: 05. Mayo base ventas.xlsx
2026-06-18 09:47:38  [etl.sos]           · DEBUG     [stdout] → Procesando: 05. Mayo base ventas.xlsx
2026-06-18 09:47:38  [etl.ventas]        · DEBUG     [stdout] → Procesando: 05. Mayo base ventas.xlsx
2026-06-18 09:48:18  [etl.exhib_pagadas]  ✓ INFO      [stdout] ✅ Análisis detallado guardado.
2026-06-18 09:48:18  [etl.precios]       ✓ INFO      [stdout] ✅ Análisis detallado guardado.
2026-06-18 09:48:18  [etl.sos]           ✓ INFO      [stdout] ✅ Análisis detallado guardado.
2026-06-18 09:48:18  [etl.nopresencia]   ✓ INFO      [stdout] ✅ Análisis detallado guardado.
2026-06-18 09:48:18  [etl.exhib_gratis]  ✓ INFO      [stdout] ✅ Análisis detallado guardado.
2026-06-18 09:48:18  [etl.exhib_pagadas]  ✓ INFO      [stdout] ✅ Análisis detallado guardado.
2026-06-18 09:48:18  [etl.precios]       ✓ INFO      [stdout] ✅ Análisis detallado guardado.
2026-06-18 09:48:18  [etl.nopresencia]   ✓ INFO      [stdout] ✅ Análisis detallado guardado.
2026-06-18 09:48:18  [etl.sos]           ✓ INFO      [stdout] ✅ Análisis detallado guardado.
2026-06-18 09:48:18  [etl.ventas]        ✓ INFO      [stdout] ✅ Análisis detallado guardado.
2026-06-18 09:48:18  [etl.precios]       ✓ INFO      Análisis detallado de precios generado
2026-06-18 09:48:18  [etl.exhib_pagadas]  · DEBUG     [stdout] --- PASO KPI (V3): RESUMEN PRECIOS por gestor  (Mayo_2026) ---
2026-06-18 09:48:18  [etl.precios]       · DEBUG     [stdout] --- PASO KPI (V3): RESUMEN PRECIOS por gestor  (Mayo_2026) ---
2026-06-18 09:48:18  [etl.sos]           · DEBUG     [stdout] --- PASO KPI (V3): RESUMEN PRECIOS por gestor  (Mayo_2026) ---
2026-06-18 09:48:18  [etl.nopresencia]   · DEBUG     [stdout] --- PASO KPI (V3): RESUMEN PRECIOS por gestor  (Mayo_2026) ---
2026-06-18 09:48:18  [etl.exhib_gratis]  · DEBUG     [stdout] --- PASO KPI (V3): RESUMEN PRECIOS por gestor  (Mayo_2026) ---
2026-06-18 09:48:18  [etl.exhib_pagadas]  · DEBUG     [stdout] --- PASO KPI (V3): RESUMEN PRECIOS por gestor  (Mayo_2026) ---
2026-06-18 09:48:18  [etl.precios]       · DEBUG     [stdout] --- PASO KPI (V3): RESUMEN PRECIOS por gestor  (Mayo_2026) ---
2026-06-18 09:48:18  [etl.nopresencia]   · DEBUG     [stdout] --- PASO KPI (V3): RESUMEN PRECIOS por gestor  (Mayo_2026) ---
2026-06-18 09:48:18  [etl.sos]           · DEBUG     [stdout] --- PASO KPI (V3): RESUMEN PRECIOS por gestor  (Mayo_2026) ---
2026-06-18 09:48:18  [etl.ventas]        · DEBUG     [stdout] --- PASO KPI (V3): RESUMEN PRECIOS por gestor  (Mayo_2026) ---
2026-06-18 09:48:20  [etl.exhib_pagadas]  · DEBUG     [stdout] Leyendo: REPORTE_CAPTURA_PRECIOS_MAYO_2026.xlsx (477 filas)
2026-06-18 09:48:20  [etl.precios]       · DEBUG     [stdout] Leyendo: REPORTE_CAPTURA_PRECIOS_MAYO_2026.xlsx (477 filas)
2026-06-18 09:48:20  [etl.sos]           · DEBUG     [stdout] Leyendo: REPORTE_CAPTURA_PRECIOS_MAYO_2026.xlsx (477 filas)
2026-06-18 09:48:21  [etl.nopresencia]   · DEBUG     [stdout] Leyendo: REPORTE_CAPTURA_PRECIOS_MAYO_2026.xlsx (477 filas)
2026-06-18 09:48:21  [etl.exhib_gratis]  · DEBUG     [stdout] Leyendo: REPORTE_CAPTURA_PRECIOS_MAYO_2026.xlsx (477 filas)
2026-06-18 09:48:21  [etl.exhib_pagadas]  · DEBUG     [stdout] Leyendo: REPORTE_CAPTURA_PRECIOS_MAYO_2026.xlsx (477 filas)
2026-06-18 09:48:21  [etl.precios]       · DEBUG     [stdout] Leyendo: REPORTE_CAPTURA_PRECIOS_MAYO_2026.xlsx (477 filas)
2026-06-18 09:48:21  [etl.nopresencia]   · DEBUG     [stdout] Leyendo: REPORTE_CAPTURA_PRECIOS_MAYO_2026.xlsx (477 filas)
2026-06-18 09:48:21  [etl.sos]           · DEBUG     [stdout] Leyendo: REPORTE_CAPTURA_PRECIOS_MAYO_2026.xlsx (477 filas)
2026-06-18 09:48:21  [etl.ventas]        · DEBUG     [stdout] Leyendo: REPORTE_CAPTURA_PRECIOS_MAYO_2026.xlsx (477 filas)
2026-06-18 09:48:23  [etl.exhib_pagadas]  ✓ INFO      [stdout] ✅ Mes activo: 72 gestores → PRECIOS_KPIS.xlsx
2026-06-18 09:48:23  [etl.precios]       ✓ INFO      [stdout] ✅ Mes activo: 72 gestores → PRECIOS_KPIS.xlsx
2026-06-18 09:48:23  [etl.sos]           ✓ INFO      [stdout] ✅ Mes activo: 72 gestores → PRECIOS_KPIS.xlsx
2026-06-18 09:48:23  [etl.nopresencia]   ✓ INFO      [stdout] ✅ Mes activo: 72 gestores → PRECIOS_KPIS.xlsx
2026-06-18 09:48:23  [etl.exhib_gratis]  ✓ INFO      [stdout] ✅ Mes activo: 72 gestores → PRECIOS_KPIS.xlsx
2026-06-18 09:48:23  [etl.exhib_pagadas]  ✓ INFO      [stdout] ✅ Mes activo: 72 gestores → PRECIOS_KPIS.xlsx
2026-06-18 09:48:23  [etl.precios]       ✓ INFO      [stdout] ✅ Mes activo: 72 gestores → PRECIOS_KPIS.xlsx
2026-06-18 09:48:23  [etl.nopresencia]   ✓ INFO      [stdout] ✅ Mes activo: 72 gestores → PRECIOS_KPIS.xlsx
2026-06-18 09:48:23  [etl.sos]           ✓ INFO      [stdout] ✅ Mes activo: 72 gestores → PRECIOS_KPIS.xlsx
2026-06-18 09:48:23  [etl.ventas]        ✓ INFO      [stdout] ✅ Mes activo: 72 gestores → PRECIOS_KPIS.xlsx
2026-06-18 09:48:23  [etl.exhib_pagadas]  ✓ INFO      [stdout] ✅ Histórico acumulado → PRECIOS_KPIS_HISTORICO.xlsx
2026-06-18 09:48:23  [etl.precios]       ✓ INFO      [stdout] ✅ Histórico acumulado → PRECIOS_KPIS_HISTORICO.xlsx
2026-06-18 09:48:23  [etl.sos]           ✓ INFO      [stdout] ✅ Histórico acumulado → PRECIOS_KPIS_HISTORICO.xlsx
2026-06-18 09:48:23  [etl.nopresencia]   ✓ INFO      [stdout] ✅ Histórico acumulado → PRECIOS_KPIS_HISTORICO.xlsx
2026-06-18 09:48:23  [etl.exhib_gratis]  ✓ INFO      [stdout] ✅ Histórico acumulado → PRECIOS_KPIS_HISTORICO.xlsx
2026-06-18 09:48:23  [etl.exhib_pagadas]  ✓ INFO      [stdout] ✅ Histórico acumulado → PRECIOS_KPIS_HISTORICO.xlsx
2026-06-18 09:48:23  [etl.precios]       ✓ INFO      [stdout] ✅ Histórico acumulado → PRECIOS_KPIS_HISTORICO.xlsx
2026-06-18 09:48:23  [etl.nopresencia]   ✓ INFO      [stdout] ✅ Histórico acumulado → PRECIOS_KPIS_HISTORICO.xlsx
2026-06-18 09:48:23  [etl.sos]           ✓ INFO      [stdout] ✅ Histórico acumulado → PRECIOS_KPIS_HISTORICO.xlsx
2026-06-18 09:48:23  [etl.ventas]        ✓ INFO      [stdout] ✅ Histórico acumulado → PRECIOS_KPIS_HISTORICO.xlsx
2026-06-18 09:48:23  [etl.precios]       ✓ INFO      KPI precios consolidado
2026-06-18 09:48:23  [etl.precios]       ✓ INFO      ETL Precios — completado
2026-06-18 09:48:24  [etl.precios]       ✓ INFO      Duración total: 166.1s
2026-06-18 09:48:24  [etl.impactos]      ✓ INFO      ────────────────────────────────────────────────────────
2026-06-18 09:48:24  [etl.impactos]      ✓ INFO      ETL Impactos D&P — iniciando
2026-06-18 09:48:24  [etl.exhib_pagadas]  · DEBUG     [stdout] 📍 Origen: C:\Users\Usuario\OneDrive - Universidad de los Andes\Escritorio\PROYECTO_EFICACIA\BASES\D&P\02. Impactos
2026-06-18 09:48:24  [etl.precios]       · DEBUG     [stdout] 📍 Origen: C:\Users\Usuario\OneDrive - Universidad de los Andes\Escritorio\PROYECTO_EFICACIA\BASES\D&P\02. Impactos
2026-06-18 09:48:24  [etl.sos]           · DEBUG     [stdout] 📍 Origen: C:\Users\Usuario\OneDrive - Universidad de los Andes\Escritorio\PROYECTO_EFICACIA\BASES\D&P\02. Impactos
2026-06-18 09:48:24  [etl.nopresencia]   · DEBUG     [stdout] 📍 Origen: C:\Users\Usuario\OneDrive - Universidad de los Andes\Escritorio\PROYECTO_EFICACIA\BASES\D&P\02. Impactos
2026-06-18 09:48:24  [etl.exhib_gratis]  · DEBUG     [stdout] 📍 Origen: C:\Users\Usuario\OneDrive - Universidad de los Andes\Escritorio\PROYECTO_EFICACIA\BASES\D&P\02. Impactos
2026-06-18 09:48:24  [etl.exhib_pagadas]  · DEBUG     [stdout] 📍 Origen: C:\Users\Usuario\OneDrive - Universidad de los Andes\Escritorio\PROYECTO_EFICACIA\BASES\D&P\02. Impactos
2026-06-18 09:48:24  [etl.precios]       · DEBUG     [stdout] 📍 Origen: C:\Users\Usuario\OneDrive - Universidad de los Andes\Escritorio\PROYECTO_EFICACIA\BASES\D&P\02. Impactos
2026-06-18 09:48:24  [etl.nopresencia]   · DEBUG     [stdout] 📍 Origen: C:\Users\Usuario\OneDrive - Universidad de los Andes\Escritorio\PROYECTO_EFICACIA\BASES\D&P\02. Impactos
2026-06-18 09:48:24  [etl.orquestador]   ✓ INFO      ETL 'precios' terminó — ✓ OK en 166.1s
2026-06-18 09:48:24  [etl.sos]           · DEBUG     [stdout] 📍 Origen: C:\Users\Usuario\OneDrive - Universidad de los Andes\Escritorio\PROYECTO_EFICACIA\BASES\D&P\02. Impactos
2026-06-18 09:48:24  [etl.exhib_pagadas]  · DEBUG     [stdout] 📍 Origen: C:\Users\Usuario\OneDrive - Universidad de los Andes\Escritorio\PROYECTO_EFICACIA\BASES\D&P\02. Impactos
2026-06-18 09:48:24  [etl.impactos]      · DEBUG     [stdout] 📍 Origen: C:\Users\Usuario\OneDrive - Universidad de los Andes\Escritorio\PROYECTO_EFICACIA\BASES\D&P\02. Impactos
2026-06-18 09:48:24  [etl.exhib_pagadas]  · DEBUG     [stdout] 📁 Salida: C:\Users\Usuario\OneDrive - Universidad de los Andes\Escritorio\PROYECTO_EFICACIA\SALIDA\D&P\Consolidado_Impactos.csv
2026-06-18 09:48:24  [etl.precios]       · DEBUG     [stdout] 📁 Salida: C:\Users\Usuario\OneDrive - Universidad de los Andes\Escritorio\PROYECTO_EFICACIA\SALIDA\D&P\Consolidado_Impactos.csv
2026-06-18 09:48:24  [etl.sos]           · DEBUG     [stdout] 📁 Salida: C:\Users\Usuario\OneDrive - Universidad de los Andes\Escritorio\PROYECTO_EFICACIA\SALIDA\D&P\Consolidado_Impactos.csv
2026-06-18 09:48:24  [etl.nopresencia]   · DEBUG     [stdout] 📁 Salida: C:\Users\Usuario\OneDrive - Universidad de los Andes\Escritorio\PROYECTO_EFICACIA\SALIDA\D&P\Consolidado_Impactos.csv
2026-06-18 09:48:24  [etl.exhib_gratis]  · DEBUG     [stdout] 📁 Salida: C:\Users\Usuario\OneDrive - Universidad de los Andes\Escritorio\PROYECTO_EFICACIA\SALIDA\D&P\Consolidado_Impactos.csv
2026-06-18 09:48:24  [etl.exhib_pagadas]  · DEBUG     [stdout] 📁 Salida: C:\Users\Usuario\OneDrive - Universidad de los Andes\Escritorio\PROYECTO_EFICACIA\SALIDA\D&P\Consolidado_Impactos.csv
2026-06-18 09:48:24  [etl.precios]       · DEBUG     [stdout] 📁 Salida: C:\Users\Usuario\OneDrive - Universidad de los Andes\Escritorio\PROYECTO_EFICACIA\SALIDA\D&P\Consolidado_Impactos.csv
2026-06-18 09:48:24  [etl.nopresencia]   · DEBUG     [stdout] 📁 Salida: C:\Users\Usuario\OneDrive - Universidad de los Andes\Escritorio\PROYECTO_EFICACIA\SALIDA\D&P\Consolidado_Impactos.csv
2026-06-18 09:48:24  [etl.sos]           · DEBUG     [stdout] 📁 Salida: C:\Users\Usuario\OneDrive - Universidad de los Andes\Escritorio\PROYECTO_EFICACIA\SALIDA\D&P\Consolidado_Impactos.csv
2026-06-18 09:48:24  [etl.exhib_pagadas]  · DEBUG     [stdout] 📁 Salida: C:\Users\Usuario\OneDrive - Universidad de los Andes\Escritorio\PROYECTO_EFICACIA\SALIDA\D&P\Consolidado_Impactos.csv
2026-06-18 09:48:24  [etl.impactos]      · DEBUG     [stdout] 📁 Salida: C:\Users\Usuario\OneDrive - Universidad de los Andes\Escritorio\PROYECTO_EFICACIA\SALIDA\D&P\Consolidado_Impactos.csv
2026-06-18 09:48:24  [etl.exhib_pagadas]  ✓ INFO      [stdout] ✅ Archivos encontrados (2024+): 3
2026-06-18 09:48:24  [etl.precios]       ✓ INFO      [stdout] ✅ Archivos encontrados (2024+): 3
2026-06-18 09:48:24  [etl.sos]           ✓ INFO      [stdout] ✅ Archivos encontrados (2024+): 3
2026-06-18 09:48:24  [etl.nopresencia]   ✓ INFO      [stdout] ✅ Archivos encontrados (2024+): 3
2026-06-18 09:48:24  [etl.exhib_gratis]  ✓ INFO      [stdout] ✅ Archivos encontrados (2024+): 3
2026-06-18 09:48:24  [etl.exhib_pagadas]  ✓ INFO      [stdout] ✅ Archivos encontrados (2024+): 3
2026-06-18 09:48:24  [etl.precios]       ✓ INFO      [stdout] ✅ Archivos encontrados (2024+): 3
2026-06-18 09:48:24  [etl.nopresencia]   ✓ INFO      [stdout] ✅ Archivos encontrados (2024+): 3
2026-06-18 09:48:24  [etl.sos]           ✓ INFO      [stdout] ✅ Archivos encontrados (2024+): 3
2026-06-18 09:48:24  [etl.exhib_pagadas]  ✓ INFO      [stdout] ✅ Archivos encontrados (2024+): 3
2026-06-18 09:48:24  [etl.impactos]      ✓ INFO      [stdout] ✅ Archivos encontrados (2024+): 3
2026-06-18 09:48:26  [etl.exhib_pagadas]  · DEBUG     [stdout] Modo upsert — reprocesando: 05. Mayo base impactos - cuota.xlsx
2026-06-18 09:48:26  [etl.precios]       · DEBUG     [stdout] Modo upsert — reprocesando: 05. Mayo base impactos - cuota.xlsx
2026-06-18 09:48:26  [etl.sos]           · DEBUG     [stdout] Modo upsert — reprocesando: 05. Mayo base impactos - cuota.xlsx
2026-06-18 09:48:26  [etl.nopresencia]   · DEBUG     [stdout] Modo upsert — reprocesando: 05. Mayo base impactos - cuota.xlsx
2026-06-18 09:48:26  [etl.exhib_gratis]  · DEBUG     [stdout] Modo upsert — reprocesando: 05. Mayo base impactos - cuota.xlsx
2026-06-18 09:48:26  [etl.exhib_pagadas]  · DEBUG     [stdout] Modo upsert — reprocesando: 05. Mayo base impactos - cuota.xlsx
2026-06-18 09:48:26  [etl.precios]       · DEBUG     [stdout] Modo upsert — reprocesando: 05. Mayo base impactos - cuota.xlsx
2026-06-18 09:48:26  [etl.nopresencia]   · DEBUG     [stdout] Modo upsert — reprocesando: 05. Mayo base impactos - cuota.xlsx
2026-06-18 09:48:26  [etl.sos]           · DEBUG     [stdout] Modo upsert — reprocesando: 05. Mayo base impactos - cuota.xlsx
2026-06-18 09:48:26  [etl.exhib_pagadas]  · DEBUG     [stdout] Modo upsert — reprocesando: 05. Mayo base impactos - cuota.xlsx
2026-06-18 09:48:26  [etl.impactos]      · DEBUG     [stdout] Modo upsert — reprocesando: 05. Mayo base impactos - cuota.xlsx
2026-06-18 09:48:26  [etl.exhib_pagadas]  · DEBUG     [stdout] → Procesando: 05. Mayo base impactos - cuota.xlsx
2026-06-18 09:48:26  [etl.precios]       · DEBUG     [stdout] → Procesando: 05. Mayo base impactos - cuota.xlsx
2026-06-18 09:48:26  [etl.sos]           · DEBUG     [stdout] → Procesando: 05. Mayo base impactos - cuota.xlsx
2026-06-18 09:48:26  [etl.nopresencia]   · DEBUG     [stdout] → Procesando: 05. Mayo base impactos - cuota.xlsx
2026-06-18 09:48:26  [etl.exhib_gratis]  · DEBUG     [stdout] → Procesando: 05. Mayo base impactos - cuota.xlsx
2026-06-18 09:48:26  [etl.exhib_pagadas]  · DEBUG     [stdout] → Procesando: 05. Mayo base impactos - cuota.xlsx
2026-06-18 09:48:26  [etl.precios]       · DEBUG     [stdout] → Procesando: 05. Mayo base impactos - cuota.xlsx
2026-06-18 09:48:26  [etl.nopresencia]   · DEBUG     [stdout] → Procesando: 05. Mayo base impactos - cuota.xlsx
2026-06-18 09:48:26  [etl.sos]           · DEBUG     [stdout] → Procesando: 05. Mayo base impactos - cuota.xlsx
2026-06-18 09:48:26  [etl.exhib_pagadas]  · DEBUG     [stdout] → Procesando: 05. Mayo base impactos - cuota.xlsx
2026-06-18 09:48:26  [etl.impactos]      · DEBUG     [stdout] → Procesando: 05. Mayo base impactos - cuota.xlsx
2026-06-18 09:48:26  [etl.exhib_pagadas]  ✓ INFO      [stdout] ✅ Consolidado guardado: C:\Users\Usuario\OneDrive - Universidad de los Andes\Escritorio\PROYECTO_EFICACIA\SALIDA\D&P\Consolidado_Impactos.csv  (136 filas)
2026-06-18 09:48:26  [etl.precios]       ✓ INFO      [stdout] ✅ Consolidado guardado: C:\Users\Usuario\OneDrive - Universidad de los Andes\Escritorio\PROYECTO_EFICACIA\SALIDA\D&P\Consolidado_Impactos.csv  (136 filas)
2026-06-18 09:48:26  [etl.sos]           ✓ INFO      [stdout] ✅ Consolidado guardado: C:\Users\Usuario\OneDrive - Universidad de los Andes\Escritorio\PROYECTO_EFICACIA\SALIDA\D&P\Consolidado_Impactos.csv  (136 filas)
2026-06-18 09:48:26  [etl.nopresencia]   ✓ INFO      [stdout] ✅ Consolidado guardado: C:\Users\Usuario\OneDrive - Universidad de los Andes\Escritorio\PROYECTO_EFICACIA\SALIDA\D&P\Consolidado_Impactos.csv  (136 filas)
2026-06-18 09:48:26  [etl.exhib_gratis]  ✓ INFO      [stdout] ✅ Consolidado guardado: C:\Users\Usuario\OneDrive - Universidad de los Andes\Escritorio\PROYECTO_EFICACIA\SALIDA\D&P\Consolidado_Impactos.csv  (136 filas)
2026-06-18 09:48:27  [etl.exhib_pagadas]  ✓ INFO      [stdout] ✅ Consolidado guardado: C:\Users\Usuario\OneDrive - Universidad de los Andes\Escritorio\PROYECTO_EFICACIA\SALIDA\D&P\Consolidado_Impactos.csv  (136 filas)
2026-06-18 09:48:27  [etl.precios]       ✓ INFO      [stdout] ✅ Consolidado guardado: C:\Users\Usuario\OneDrive - Universidad de los Andes\Escritorio\PROYECTO_EFICACIA\SALIDA\D&P\Consolidado_Impactos.csv  (136 filas)
2026-06-18 09:48:27  [etl.nopresencia]   ✓ INFO      [stdout] ✅ Consolidado guardado: C:\Users\Usuario\OneDrive - Universidad de los Andes\Escritorio\PROYECTO_EFICACIA\SALIDA\D&P\Consolidado_Impactos.csv  (136 filas)
2026-06-18 09:48:27  [etl.sos]           ✓ INFO      [stdout] ✅ Consolidado guardado: C:\Users\Usuario\OneDrive - Universidad de los Andes\Escritorio\PROYECTO_EFICACIA\SALIDA\D&P\Consolidado_Impactos.csv  (136 filas)
2026-06-18 09:48:27  [etl.exhib_pagadas]  ✓ INFO      [stdout] ✅ Consolidado guardado: C:\Users\Usuario\OneDrive - Universidad de los Andes\Escritorio\PROYECTO_EFICACIA\SALIDA\D&P\Consolidado_Impactos.csv  (136 filas)
2026-06-18 09:48:27  [etl.impactos]      ✓ INFO      [stdout] ✅ Consolidado guardado: C:\Users\Usuario\OneDrive - Universidad de los Andes\Escritorio\PROYECTO_EFICACIA\SALIDA\D&P\Consolidado_Impactos.csv  (136 filas)
2026-06-18 09:48:27  [etl.impactos]      ✓ INFO      ETL Impactos D&P — completado (136 filas en consolidado)
2026-06-18 09:48:27  [etl.impactos]      ✓ INFO      Duración total: 2.8s
2026-06-18 09:48:27  [etl.orquestador]   ✓ INFO      ETL 'impactos' terminó — ✓ OK en 2.8s
2026-06-18 09:48:29  [etl.exhib_pagadas]  ✓ INFO      [stdout] ✅ ÉXITO: Agrupado guardado en: C:\Users\Usuario\OneDrive - Universidad de los Andes\Escritorio\PROYECTO_EFICACIA\BASES\CIF\PLAN DE TRABAJO\Plan de trabajo consolidado_grupado.csv
2026-06-18 09:48:29  [etl.precios]       ✓ INFO      [stdout] ✅ ÉXITO: Agrupado guardado en: C:\Users\Usuario\OneDrive - Universidad de los Andes\Escritorio\PROYECTO_EFICACIA\BASES\CIF\PLAN DE TRABAJO\Plan de trabajo consolidado_grupado.csv
2026-06-18 09:48:29  [etl.sos]           ✓ INFO      [stdout] ✅ ÉXITO: Agrupado guardado en: C:\Users\Usuario\OneDrive - Universidad de los Andes\Escritorio\PROYECTO_EFICACIA\BASES\CIF\PLAN DE TRABAJO\Plan de trabajo consolidado_grupado.csv
2026-06-18 09:48:29  [etl.nopresencia]   ✓ INFO      [stdout] ✅ ÉXITO: Agrupado guardado en: C:\Users\Usuario\OneDrive - Universidad de los Andes\Escritorio\PROYECTO_EFICACIA\BASES\CIF\PLAN DE TRABAJO\Plan de trabajo consolidado_grupado.csv
2026-06-18 09:48:29  [etl.exhib_gratis]  ✓ INFO      [stdout] ✅ ÉXITO: Agrupado guardado en: C:\Users\Usuario\OneDrive - Universidad de los Andes\Escritorio\PROYECTO_EFICACIA\BASES\CIF\PLAN DE TRABAJO\Plan de trabajo consolidado_grupado.csv
2026-06-18 09:48:29  [etl.exhib_pagadas]  ✓ INFO      [stdout] ✅ ÉXITO: Agrupado guardado en: C:\Users\Usuario\OneDrive - Universidad de los Andes\Escritorio\PROYECTO_EFICACIA\BASES\CIF\PLAN DE TRABAJO\Plan de trabajo consolidado_grupado.csv
2026-06-18 09:48:29  [etl.precios]       ✓ INFO      [stdout] ✅ ÉXITO: Agrupado guardado en: C:\Users\Usuario\OneDrive - Universidad de los Andes\Escritorio\PROYECTO_EFICACIA\BASES\CIF\PLAN DE TRABAJO\Plan de trabajo consolidado_grupado.csv
2026-06-18 09:48:29  [etl.nopresencia]   ✓ INFO      [stdout] ✅ ÉXITO: Agrupado guardado en: C:\Users\Usuario\OneDrive - Universidad de los Andes\Escritorio\PROYECTO_EFICACIA\BASES\CIF\PLAN DE TRABAJO\Plan de trabajo consolidado_grupado.csv
2026-06-18 09:48:29  [etl.sos]           ✓ INFO      [stdout] ✅ ÉXITO: Agrupado guardado en: C:\Users\Usuario\OneDrive - Universidad de los Andes\Escritorio\PROYECTO_EFICACIA\BASES\CIF\PLAN DE TRABAJO\Plan de trabajo consolidado_grupado.csv
2026-06-18 09:48:29  [etl.exhib_pagadas]  ✓ INFO      [stdout] ✅ ÉXITO: Agrupado guardado en: C:\Users\Usuario\OneDrive - Universidad de los Andes\Escritorio\PROYECTO_EFICACIA\BASES\CIF\PLAN DE TRABAJO\Plan de trabajo consolidado_grupado.csv
2026-06-18 09:48:29  [etl.exhib_pagadas]  · DEBUG     [stdout] Resumen agrupado (Primeros 5):
2026-06-18 09:48:29  [etl.precios]       · DEBUG     [stdout] Resumen agrupado (Primeros 5):
2026-06-18 09:48:29  [etl.sos]           · DEBUG     [stdout] Resumen agrupado (Primeros 5):
2026-06-18 09:48:29  [etl.nopresencia]   · DEBUG     [stdout] Resumen agrupado (Primeros 5):
2026-06-18 09:48:29  [etl.exhib_gratis]  · DEBUG     [stdout] Resumen agrupado (Primeros 5):
2026-06-18 09:48:29  [etl.exhib_pagadas]  · DEBUG     [stdout] Resumen agrupado (Primeros 5):
2026-06-18 09:48:29  [etl.precios]       · DEBUG     [stdout] Resumen agrupado (Primeros 5):
2026-06-18 09:48:29  [etl.nopresencia]   · DEBUG     [stdout] Resumen agrupado (Primeros 5):
2026-06-18 09:48:29  [etl.sos]           · DEBUG     [stdout] Resumen agrupado (Primeros 5):
2026-06-18 09:48:29  [etl.exhib_pagadas]  · DEBUG     [stdout] Resumen agrupado (Primeros 5):
2026-06-18 09:48:29  [etl.exhib_pagadas]  · DEBUG     [stdout] ACRONIMO ID_PDV_INVOLVES  TIEMPO_SERVICIO_HORAS
2026-06-18 09:48:29  [etl.exhib_pagadas]  · DEBUG     [stdout] 0    LE001           10032                    NaN
2026-06-18 09:48:29  [etl.exhib_pagadas]  · DEBUG     [stdout] 1    LE001           10033                    NaN
2026-06-18 09:48:29  [etl.exhib_pagadas]  · DEBUG     [stdout] 2    LE001           10035                    NaN
2026-06-18 09:48:29  [etl.exhib_pagadas]  · DEBUG     [stdout] 3    LE001           10036                    NaN
2026-06-18 09:48:29  [etl.precios]       · DEBUG     [stdout] ACRONIMO ID_PDV_INVOLVES  TIEMPO_SERVICIO_HORAS
2026-06-18 09:48:29  [etl.precios]       · DEBUG     [stdout] 0    LE001           10032                    NaN
2026-06-18 09:48:29  [etl.precios]       · DEBUG     [stdout] 1    LE001           10033                    NaN
2026-06-18 09:48:29  [etl.precios]       · DEBUG     [stdout] 2    LE001           10035                    NaN
2026-06-18 09:48:29  [etl.precios]       · DEBUG     [stdout] 3    LE001           10036                    NaN
2026-06-18 09:48:29  [etl.sos]           · DEBUG     [stdout] ACRONIMO ID_PDV_INVOLVES  TIEMPO_SERVICIO_HORAS
2026-06-18 09:48:29  [etl.sos]           · DEBUG     [stdout] 0    LE001           10032                    NaN
2026-06-18 09:48:29  [etl.sos]           · DEBUG     [stdout] 1    LE001           10033                    NaN
2026-06-18 09:48:29  [etl.sos]           · DEBUG     [stdout] 2    LE001           10035                    NaN
2026-06-18 09:48:29  [etl.sos]           · DEBUG     [stdout] 3    LE001           10036                    NaN
2026-06-18 09:48:29  [etl.nopresencia]   · DEBUG     [stdout] ACRONIMO ID_PDV_INVOLVES  TIEMPO_SERVICIO_HORAS
2026-06-18 09:48:29  [etl.nopresencia]   · DEBUG     [stdout] 0    LE001           10032                    NaN
2026-06-18 09:48:29  [etl.nopresencia]   · DEBUG     [stdout] 1    LE001           10033                    NaN
2026-06-18 09:48:29  [etl.nopresencia]   · DEBUG     [stdout] 2    LE001           10035                    NaN
2026-06-18 09:48:29  [etl.nopresencia]   · DEBUG     [stdout] 3    LE001           10036                    NaN
2026-06-18 09:48:29  [etl.exhib_gratis]  · DEBUG     [stdout] ACRONIMO ID_PDV_INVOLVES  TIEMPO_SERVICIO_HORAS
2026-06-18 09:48:29  [etl.exhib_gratis]  · DEBUG     [stdout] 0    LE001           10032                    NaN
2026-06-18 09:48:29  [etl.exhib_gratis]  · DEBUG     [stdout] 1    LE001           10033                    NaN
2026-06-18 09:48:29  [etl.exhib_gratis]  · DEBUG     [stdout] 2    LE001           10035                    NaN
2026-06-18 09:48:29  [etl.exhib_gratis]  · DEBUG     [stdout] 3    LE001           10036                    NaN
2026-06-18 09:48:29  [etl.exhib_pagadas]  · DEBUG     [stdout] ACRONIMO ID_PDV_INVOLVES  TIEMPO_SERVICIO_HORAS
2026-06-18 09:48:29  [etl.exhib_pagadas]  · DEBUG     [stdout] 0    LE001           10032                    NaN
2026-06-18 09:48:29  [etl.exhib_pagadas]  · DEBUG     [stdout] 1    LE001           10033                    NaN
2026-06-18 09:48:29  [etl.exhib_pagadas]  · DEBUG     [stdout] 2    LE001           10035                    NaN
2026-06-18 09:48:29  [etl.exhib_pagadas]  · DEBUG     [stdout] 3    LE001           10036                    NaN
2026-06-18 09:48:29  [etl.precios]       · DEBUG     [stdout] ACRONIMO ID_PDV_INVOLVES  TIEMPO_SERVICIO_HORAS
2026-06-18 09:48:29  [etl.precios]       · DEBUG     [stdout] 0    LE001           10032                    NaN
2026-06-18 09:48:29  [etl.precios]       · DEBUG     [stdout] 1    LE001           10033                    NaN
2026-06-18 09:48:29  [etl.precios]       · DEBUG     [stdout] 2    LE001           10035                    NaN
2026-06-18 09:48:29  [etl.precios]       · DEBUG     [stdout] 3    LE001           10036                    NaN
2026-06-18 09:48:29  [etl.nopresencia]   · DEBUG     [stdout] ACRONIMO ID_PDV_INVOLVES  TIEMPO_SERVICIO_HORAS
2026-06-18 09:48:29  [etl.nopresencia]   · DEBUG     [stdout] 0    LE001           10032                    NaN
2026-06-18 09:48:29  [etl.nopresencia]   · DEBUG     [stdout] 1    LE001           10033                    NaN
2026-06-18 09:48:29  [etl.nopresencia]   · DEBUG     [stdout] 2    LE001           10035                    NaN
2026-06-18 09:48:29  [etl.nopresencia]   · DEBUG     [stdout] 3    LE001           10036                    NaN
2026-06-18 09:48:29  [etl.sos]           · DEBUG     [stdout] ACRONIMO ID_PDV_INVOLVES  TIEMPO_SERVICIO_HORAS
2026-06-18 09:48:29  [etl.sos]           · DEBUG     [stdout] 0    LE001           10032                    NaN
2026-06-18 09:48:29  [etl.sos]           · DEBUG     [stdout] 1    LE001           10033                    NaN
2026-06-18 09:48:29  [etl.sos]           · DEBUG     [stdout] 2    LE001           10035                    NaN
2026-06-18 09:48:29  [etl.sos]           · DEBUG     [stdout] 3    LE001           10036                    NaN
2026-06-18 09:48:29  [etl.exhib_pagadas]  · DEBUG     [stdout] ACRONIMO ID_PDV_INVOLVES  TIEMPO_SERVICIO_HORAS
2026-06-18 09:48:29  [etl.exhib_pagadas]  · DEBUG     [stdout] 0    LE001           10032                    NaN
2026-06-18 09:48:29  [etl.exhib_pagadas]  · DEBUG     [stdout] 1    LE001           10033                    NaN
2026-06-18 09:48:29  [etl.exhib_pagadas]  · DEBUG     [stdout] 2    LE001           10035                    NaN
2026-06-18 09:48:29  [etl.exhib_pagadas]  · DEBUG     [stdout] 3    LE001           10036                    NaN
2026-06-18 09:48:29  [etl.exhib_pagadas]  · DEBUG     [stdout] 4    LE001           10069                    NaN
2026-06-18 09:48:29  [etl.precios]       · DEBUG     [stdout] 4    LE001           10069                    NaN
2026-06-18 09:48:29  [etl.sos]           · DEBUG     [stdout] 4    LE001           10069                    NaN
2026-06-18 09:48:29  [etl.nopresencia]   · DEBUG     [stdout] 4    LE001           10069                    NaN
2026-06-18 09:48:29  [etl.exhib_gratis]  · DEBUG     [stdout] 4    LE001           10069                    NaN
2026-06-18 09:48:30  [etl.exhib_pagadas]  · DEBUG     [stdout] 4    LE001           10069                    NaN
2026-06-18 09:48:30  [etl.precios]       · DEBUG     [stdout] 4    LE001           10069                    NaN
2026-06-18 09:48:30  [etl.nopresencia]   · DEBUG     [stdout] 4    LE001           10069                    NaN
2026-06-18 09:48:30  [etl.sos]           · DEBUG     [stdout] 4    LE001           10069                    NaN
2026-06-18 09:48:30  [etl.exhib_pagadas]  · DEBUG     [stdout] 4    LE001           10069                    NaN
2026-06-18 09:48:30  [etl.cif]           ✓ INFO      Paso 3 — Visitas Involves
2026-06-18 09:48:30  [etl.exhib_pagadas]  · DEBUG     [stdout] ========================================
2026-06-18 09:48:30  [etl.precios]       · DEBUG     [stdout] ========================================
2026-06-18 09:48:30  [etl.sos]           · DEBUG     [stdout] ========================================
2026-06-18 09:48:30  [etl.nopresencia]   · DEBUG     [stdout] ========================================
2026-06-18 09:48:30  [etl.exhib_gratis]  · DEBUG     [stdout] ========================================
2026-06-18 09:48:30  [etl.exhib_pagadas]  · DEBUG     [stdout] ========================================
2026-06-18 09:48:30  [etl.precios]       · DEBUG     [stdout] ========================================
2026-06-18 09:48:30  [etl.nopresencia]   · DEBUG     [stdout] ========================================
2026-06-18 09:48:30  [etl.sos]           · DEBUG     [stdout] ========================================
2026-06-18 09:48:30  [etl.exhib_pagadas]  · DEBUG     [stdout] ========================================
2026-06-18 09:48:30  [etl.exhib_pagadas]  · DEBUG     [stdout] INICIANDO PASO 3: INVOLVES (CRUCE PRIORIZANDO BASE VENTAS)  (Mayo_2026)
2026-06-18 09:48:30  [etl.precios]       · DEBUG     [stdout] INICIANDO PASO 3: INVOLVES (CRUCE PRIORIZANDO BASE VENTAS)  (Mayo_2026)
2026-06-18 09:48:30  [etl.sos]           · DEBUG     [stdout] INICIANDO PASO 3: INVOLVES (CRUCE PRIORIZANDO BASE VENTAS)  (Mayo_2026)
2026-06-18 09:48:30  [etl.nopresencia]   · DEBUG     [stdout] INICIANDO PASO 3: INVOLVES (CRUCE PRIORIZANDO BASE VENTAS)  (Mayo_2026)
2026-06-18 09:48:30  [etl.exhib_gratis]  · DEBUG     [stdout] INICIANDO PASO 3: INVOLVES (CRUCE PRIORIZANDO BASE VENTAS)  (Mayo_2026)
2026-06-18 09:48:30  [etl.exhib_pagadas]  · DEBUG     [stdout] INICIANDO PASO 3: INVOLVES (CRUCE PRIORIZANDO BASE VENTAS)  (Mayo_2026)
2026-06-18 09:48:30  [etl.precios]       · DEBUG     [stdout] INICIANDO PASO 3: INVOLVES (CRUCE PRIORIZANDO BASE VENTAS)  (Mayo_2026)
2026-06-18 09:48:30  [etl.nopresencia]   · DEBUG     [stdout] INICIANDO PASO 3: INVOLVES (CRUCE PRIORIZANDO BASE VENTAS)  (Mayo_2026)
2026-06-18 09:48:30  [etl.sos]           · DEBUG     [stdout] INICIANDO PASO 3: INVOLVES (CRUCE PRIORIZANDO BASE VENTAS)  (Mayo_2026)
2026-06-18 09:48:30  [etl.exhib_pagadas]  · DEBUG     [stdout] INICIANDO PASO 3: INVOLVES (CRUCE PRIORIZANDO BASE VENTAS)  (Mayo_2026)
2026-06-18 09:48:30  [etl.exhib_pagadas]  · DEBUG     [stdout] ========================================
2026-06-18 09:48:30  [etl.precios]       · DEBUG     [stdout] ========================================
2026-06-18 09:48:30  [etl.sos]           · DEBUG     [stdout] ========================================
2026-06-18 09:48:30  [etl.nopresencia]   · DEBUG     [stdout] ========================================
2026-06-18 09:48:30  [etl.exhib_gratis]  · DEBUG     [stdout] ========================================
2026-06-18 09:48:30  [etl.exhib_pagadas]  · DEBUG     [stdout] ========================================
2026-06-18 09:48:30  [etl.precios]       · DEBUG     [stdout] ========================================
2026-06-18 09:48:30  [etl.nopresencia]   · DEBUG     [stdout] ========================================
2026-06-18 09:48:30  [etl.sos]           · DEBUG     [stdout] ========================================
2026-06-18 09:48:30  [etl.exhib_pagadas]  · DEBUG     [stdout] ========================================
2026-06-18 09:48:44  [etl.exhib_pagadas]  ✓ INFO      [stdout] ✅ Consolidado guardado: C:\Users\Usuario\OneDrive - Universidad de los Andes\Escritorio\PROYECTO_EFICACIA\SALIDA\D&P\Consolidado_Ventas.csv  (146,841 filas)
2026-06-18 09:48:44  [etl.precios]       ✓ INFO      [stdout] ✅ Consolidado guardado: C:\Users\Usuario\OneDrive - Universidad de los Andes\Escritorio\PROYECTO_EFICACIA\SALIDA\D&P\Consolidado_Ventas.csv  (146,841 filas)
2026-06-18 09:48:44  [etl.sos]           ✓ INFO      [stdout] ✅ Consolidado guardado: C:\Users\Usuario\OneDrive - Universidad de los Andes\Escritorio\PROYECTO_EFICACIA\SALIDA\D&P\Consolidado_Ventas.csv  (146,841 filas)
2026-06-18 09:48:44  [etl.nopresencia]   ✓ INFO      [stdout] ✅ Consolidado guardado: C:\Users\Usuario\OneDrive - Universidad de los Andes\Escritorio\PROYECTO_EFICACIA\SALIDA\D&P\Consolidado_Ventas.csv  (146,841 filas)
2026-06-18 09:48:44  [etl.exhib_gratis]  ✓ INFO      [stdout] ✅ Consolidado guardado: C:\Users\Usuario\OneDrive - Universidad de los Andes\Escritorio\PROYECTO_EFICACIA\SALIDA\D&P\Consolidado_Ventas.csv  (146,841 filas)
2026-06-18 09:48:44  [etl.exhib_pagadas]  ✓ INFO      [stdout] ✅ Consolidado guardado: C:\Users\Usuario\OneDrive - Universidad de los Andes\Escritorio\PROYECTO_EFICACIA\SALIDA\D&P\Consolidado_Ventas.csv  (146,841 filas)
2026-06-18 09:48:44  [etl.precios]       ✓ INFO      [stdout] ✅ Consolidado guardado: C:\Users\Usuario\OneDrive - Universidad de los Andes\Escritorio\PROYECTO_EFICACIA\SALIDA\D&P\Consolidado_Ventas.csv  (146,841 filas)
2026-06-18 09:48:44  [etl.nopresencia]   ✓ INFO      [stdout] ✅ Consolidado guardado: C:\Users\Usuario\OneDrive - Universidad de los Andes\Escritorio\PROYECTO_EFICACIA\SALIDA\D&P\Consolidado_Ventas.csv  (146,841 filas)
2026-06-18 09:48:44  [etl.sos]           ✓ INFO      [stdout] ✅ Consolidado guardado: C:\Users\Usuario\OneDrive - Universidad de los Andes\Escritorio\PROYECTO_EFICACIA\SALIDA\D&P\Consolidado_Ventas.csv  (146,841 filas)
2026-06-18 09:48:44  [etl.exhib_pagadas]  ✓ INFO      [stdout] ✅ Consolidado guardado: C:\Users\Usuario\OneDrive - Universidad de los Andes\Escritorio\PROYECTO_EFICACIA\SALIDA\D&P\Consolidado_Ventas.csv  (146,841 filas)
2026-06-18 09:48:44  [etl.ventas]        ✓ INFO      ETL Ventas D&P — completado (146,841 filas en consolidado)
2026-06-18 09:48:49  [etl.ventas]        ✓ INFO      Duración total: 100.7s
2026-06-18 09:48:49  [etl.orquestador]   ✓ INFO      ETL 'ventas' terminó — ✓ OK en 100.7s
2026-06-18 09:48:57  [etl.exhib_pagadas]  ✓ INFO      [stdout] ✓ informe-gerencial-visitas_202605.xlsx — 168,566 filas
2026-06-18 09:48:57  [etl.precios]       ✓ INFO      [stdout] ✓ informe-gerencial-visitas_202605.xlsx — 168,566 filas
2026-06-18 09:48:57  [etl.sos]           ✓ INFO      [stdout] ✓ informe-gerencial-visitas_202605.xlsx — 168,566 filas
2026-06-18 09:48:57  [etl.nopresencia]   ✓ INFO      [stdout] ✓ informe-gerencial-visitas_202605.xlsx — 168,566 filas
2026-06-18 09:48:57  [etl.exhib_gratis]  ✓ INFO      [stdout] ✓ informe-gerencial-visitas_202605.xlsx — 168,566 filas
2026-06-18 09:48:57  [etl.exhib_pagadas]  ✓ INFO      [stdout] ✓ informe-gerencial-visitas_202605.xlsx — 168,566 filas
2026-06-18 09:48:57  [etl.precios]       ✓ INFO      [stdout] ✓ informe-gerencial-visitas_202605.xlsx — 168,566 filas
2026-06-18 09:48:57  [etl.nopresencia]   ✓ INFO      [stdout] ✓ informe-gerencial-visitas_202605.xlsx — 168,566 filas
2026-06-18 09:48:57  [etl.sos]           ✓ INFO      [stdout] ✓ informe-gerencial-visitas_202605.xlsx — 168,566 filas
2026-06-18 09:48:57  [etl.exhib_pagadas]  · DEBUG     [stdout] 🔎 Filtro Tipo de check-in: descartadas 156,222 filas 'Sin check-in' (92.7%); quedan 12,344 visitas efectivas.
2026-06-18 09:48:57  [etl.precios]       · DEBUG     [stdout] 🔎 Filtro Tipo de check-in: descartadas 156,222 filas 'Sin check-in' (92.7%); quedan 12,344 visitas efectivas.
2026-06-18 09:48:57  [etl.sos]           · DEBUG     [stdout] 🔎 Filtro Tipo de check-in: descartadas 156,222 filas 'Sin check-in' (92.7%); quedan 12,344 visitas efectivas.
2026-06-18 09:48:57  [etl.nopresencia]   · DEBUG     [stdout] 🔎 Filtro Tipo de check-in: descartadas 156,222 filas 'Sin check-in' (92.7%); quedan 12,344 visitas efectivas.
2026-06-18 09:48:57  [etl.exhib_gratis]  · DEBUG     [stdout] 🔎 Filtro Tipo de check-in: descartadas 156,222 filas 'Sin check-in' (92.7%); quedan 12,344 visitas efectivas.
2026-06-18 09:48:57  [etl.exhib_pagadas]  · DEBUG     [stdout] 🔎 Filtro Tipo de check-in: descartadas 156,222 filas 'Sin check-in' (92.7%); quedan 12,344 visitas efectivas.
2026-06-18 09:48:57  [etl.precios]       · DEBUG     [stdout] 🔎 Filtro Tipo de check-in: descartadas 156,222 filas 'Sin check-in' (92.7%); quedan 12,344 visitas efectivas.
2026-06-18 09:48:57  [etl.nopresencia]   · DEBUG     [stdout] 🔎 Filtro Tipo de check-in: descartadas 156,222 filas 'Sin check-in' (92.7%); quedan 12,344 visitas efectivas.
2026-06-18 09:48:57  [etl.sos]           · DEBUG     [stdout] 🔎 Filtro Tipo de check-in: descartadas 156,222 filas 'Sin check-in' (92.7%); quedan 12,344 visitas efectivas.
2026-06-18 09:48:57  [etl.exhib_pagadas]  · DEBUG     [stdout] Encuestas consolidadas: 6,730 filas
2026-06-18 09:48:57  [etl.precios]       · DEBUG     [stdout] Encuestas consolidadas: 6,730 filas
2026-06-18 09:48:57  [etl.sos]           · DEBUG     [stdout] Encuestas consolidadas: 6,730 filas
2026-06-18 09:48:57  [etl.nopresencia]   · DEBUG     [stdout] Encuestas consolidadas: 6,730 filas
2026-06-18 09:48:57  [etl.exhib_gratis]  · DEBUG     [stdout] Encuestas consolidadas: 6,730 filas
2026-06-18 09:48:57  [etl.exhib_pagadas]  · DEBUG     [stdout] Encuestas consolidadas: 6,730 filas
2026-06-18 09:48:57  [etl.precios]       · DEBUG     [stdout] Encuestas consolidadas: 6,730 filas
2026-06-18 09:48:57  [etl.nopresencia]   · DEBUG     [stdout] Encuestas consolidadas: 6,730 filas
2026-06-18 09:48:57  [etl.sos]           · DEBUG     [stdout] Encuestas consolidadas: 6,730 filas
2026-06-18 09:48:57  [etl.exhib_pagadas]  · DEBUG     [stdout] Plan de trabajo:         3,764 filas
2026-06-18 09:48:57  [etl.precios]       · DEBUG     [stdout] Plan de trabajo:         3,764 filas
2026-06-18 09:48:57  [etl.sos]           · DEBUG     [stdout] Plan de trabajo:         3,764 filas
2026-06-18 09:48:57  [etl.nopresencia]   · DEBUG     [stdout] Plan de trabajo:         3,764 filas
2026-06-18 09:48:57  [etl.exhib_gratis]  · DEBUG     [stdout] Plan de trabajo:         3,764 filas
2026-06-18 09:48:57  [etl.exhib_pagadas]  · DEBUG     [stdout] Plan de trabajo:         3,764 filas
2026-06-18 09:48:57  [etl.precios]       · DEBUG     [stdout] Plan de trabajo:         3,764 filas
2026-06-18 09:48:57  [etl.nopresencia]   · DEBUG     [stdout] Plan de trabajo:         3,764 filas
2026-06-18 09:48:57  [etl.sos]           · DEBUG     [stdout] Plan de trabajo:         3,764 filas
2026-06-18 09:48:57  [etl.exhib_pagadas]  · DEBUG     [stdout] Visitas realizadas:      12,344 filas
2026-06-18 09:48:57  [etl.precios]       · DEBUG     [stdout] Visitas realizadas:      12,344 filas
2026-06-18 09:48:57  [etl.sos]           · DEBUG     [stdout] Visitas realizadas:      12,344 filas
2026-06-18 09:48:57  [etl.nopresencia]   · DEBUG     [stdout] Visitas realizadas:      12,344 filas
2026-06-18 09:48:57  [etl.exhib_gratis]  · DEBUG     [stdout] Visitas realizadas:      12,344 filas
2026-06-18 09:48:57  [etl.exhib_pagadas]  · DEBUG     [stdout] Visitas realizadas:      12,344 filas
2026-06-18 09:48:57  [etl.precios]       · DEBUG     [stdout] Visitas realizadas:      12,344 filas
2026-06-18 09:48:57  [etl.nopresencia]   · DEBUG     [stdout] Visitas realizadas:      12,344 filas
2026-06-18 09:48:57  [etl.sos]           · DEBUG     [stdout] Visitas realizadas:      12,344 filas
2026-06-18 09:48:57  [etl.exhib_pagadas]  · DEBUG     [stdout] ── Módulo 1: Exhibiciones Pagadas ───────────────
2026-06-18 09:48:57  [etl.precios]       · DEBUG     [stdout] ── Módulo 1: Exhibiciones Pagadas ───────────────
2026-06-18 09:48:57  [etl.sos]           · DEBUG     [stdout] ── Módulo 1: Exhibiciones Pagadas ───────────────
2026-06-18 09:48:57  [etl.nopresencia]   · DEBUG     [stdout] ── Módulo 1: Exhibiciones Pagadas ───────────────
2026-06-18 09:48:57  [etl.exhib_gratis]  · DEBUG     [stdout] ── Módulo 1: Exhibiciones Pagadas ───────────────
2026-06-18 09:48:57  [etl.exhib_pagadas]  · DEBUG     [stdout] ── Módulo 1: Exhibiciones Pagadas ───────────────
2026-06-18 09:48:57  [etl.precios]       · DEBUG     [stdout] ── Módulo 1: Exhibiciones Pagadas ───────────────
2026-06-18 09:48:57  [etl.nopresencia]   · DEBUG     [stdout] ── Módulo 1: Exhibiciones Pagadas ───────────────
2026-06-18 09:48:57  [etl.sos]           · DEBUG     [stdout] ── Módulo 1: Exhibiciones Pagadas ───────────────
2026-06-18 09:48:59  [etl.exhib_pagadas]  · DEBUG     [stdout] Implementadas pagadas:          2,321 filas
2026-06-18 09:48:59  [etl.precios]       · DEBUG     [stdout] Implementadas pagadas:          2,321 filas
2026-06-18 09:48:59  [etl.sos]           · DEBUG     [stdout] Implementadas pagadas:          2,321 filas
2026-06-18 09:48:59  [etl.nopresencia]   · DEBUG     [stdout] Implementadas pagadas:          2,321 filas
2026-06-18 09:48:59  [etl.exhib_gratis]  · DEBUG     [stdout] Implementadas pagadas:          2,321 filas
2026-06-18 09:48:59  [etl.exhib_pagadas]  · DEBUG     [stdout] Implementadas pagadas:          2,321 filas
2026-06-18 09:48:59  [etl.precios]       · DEBUG     [stdout] Implementadas pagadas:          2,321 filas
2026-06-18 09:48:59  [etl.nopresencia]   · DEBUG     [stdout] Implementadas pagadas:          2,321 filas
2026-06-18 09:48:59  [etl.sos]           · DEBUG     [stdout] Implementadas pagadas:          2,321 filas
2026-06-18 09:48:59  [etl.exhib_pagadas]  · DEBUG     [stdout] ── Módulo 2: Exhibiciones Gratis y Concurso ─────
2026-06-18 09:48:59  [etl.precios]       · DEBUG     [stdout] ── Módulo 2: Exhibiciones Gratis y Concurso ─────
2026-06-18 09:48:59  [etl.sos]           · DEBUG     [stdout] ── Módulo 2: Exhibiciones Gratis y Concurso ─────
2026-06-18 09:48:59  [etl.nopresencia]   · DEBUG     [stdout] ── Módulo 2: Exhibiciones Gratis y Concurso ─────
2026-06-18 09:48:59  [etl.exhib_gratis]  · DEBUG     [stdout] ── Módulo 2: Exhibiciones Gratis y Concurso ─────
2026-06-18 09:48:59  [etl.exhib_pagadas]  · DEBUG     [stdout] ── Módulo 2: Exhibiciones Gratis y Concurso ─────
2026-06-18 09:48:59  [etl.precios]       · DEBUG     [stdout] ── Módulo 2: Exhibiciones Gratis y Concurso ─────
2026-06-18 09:48:59  [etl.nopresencia]   · DEBUG     [stdout] ── Módulo 2: Exhibiciones Gratis y Concurso ─────
2026-06-18 09:48:59  [etl.sos]           · DEBUG     [stdout] ── Módulo 2: Exhibiciones Gratis y Concurso ─────
2026-06-18 09:49:05  [etl.exhib_pagadas]  · DEBUG     [stdout] Implementadas gratis/concurso: 1,298 filas
2026-06-18 09:49:05  [etl.precios]       · DEBUG     [stdout] Implementadas gratis/concurso: 1,298 filas
2026-06-18 09:49:05  [etl.sos]           · DEBUG     [stdout] Implementadas gratis/concurso: 1,298 filas
2026-06-18 09:49:05  [etl.nopresencia]   · DEBUG     [stdout] Implementadas gratis/concurso: 1,298 filas
2026-06-18 09:49:05  [etl.exhib_gratis]  · DEBUG     [stdout] Implementadas gratis/concurso: 1,298 filas
2026-06-18 09:49:05  [etl.exhib_pagadas]  · DEBUG     [stdout] Implementadas gratis/concurso: 1,298 filas
2026-06-18 09:49:05  [etl.precios]       · DEBUG     [stdout] Implementadas gratis/concurso: 1,298 filas
2026-06-18 09:49:05  [etl.nopresencia]   · DEBUG     [stdout] Implementadas gratis/concurso: 1,298 filas
2026-06-18 09:49:05  [etl.sos]           · DEBUG     [stdout] Implementadas gratis/concurso: 1,298 filas
2026-06-18 09:49:05  [etl.exhib_pagadas]  · DEBUG     [stdout] ── Consolidando output ──────────────────────────
2026-06-18 09:49:05  [etl.precios]       · DEBUG     [stdout] ── Consolidando output ──────────────────────────
2026-06-18 09:49:05  [etl.sos]           · DEBUG     [stdout] ── Consolidando output ──────────────────────────
2026-06-18 09:49:05  [etl.nopresencia]   · DEBUG     [stdout] ── Consolidando output ──────────────────────────
2026-06-18 09:49:05  [etl.exhib_gratis]  · DEBUG     [stdout] ── Consolidando output ──────────────────────────
2026-06-18 09:49:05  [etl.exhib_pagadas]  · DEBUG     [stdout] ── Consolidando output ──────────────────────────
2026-06-18 09:49:05  [etl.precios]       · DEBUG     [stdout] ── Consolidando output ──────────────────────────
2026-06-18 09:49:05  [etl.nopresencia]   · DEBUG     [stdout] ── Consolidando output ──────────────────────────
2026-06-18 09:49:05  [etl.sos]           · DEBUG     [stdout] ── Consolidando output ──────────────────────────
2026-06-18 09:49:07  [etl.exhib_pagadas]  ✓ INFO      [stdout] EXITO: Encuestas creadas en C:\Users\Usuario\OneDrive - Universidad de los Andes\Escritorio\PROYECTO_EFICACIA\SALIDA\NO PRESENCIA\NO_PRESENCIA_PROCESADO_MAYO_2026.xlsx
2026-06-18 09:49:07  [etl.precios]       ✓ INFO      [stdout] EXITO: Encuestas creadas en C:\Users\Usuario\OneDrive - Universidad de los Andes\Escritorio\PROYECTO_EFICACIA\SALIDA\NO PRESENCIA\NO_PRESENCIA_PROCESADO_MAYO_2026.xlsx
2026-06-18 09:49:07  [etl.sos]           ✓ INFO      [stdout] EXITO: Encuestas creadas en C:\Users\Usuario\OneDrive - Universidad de los Andes\Escritorio\PROYECTO_EFICACIA\SALIDA\NO PRESENCIA\NO_PRESENCIA_PROCESADO_MAYO_2026.xlsx
2026-06-18 09:49:07  [etl.nopresencia]   ✓ INFO      [stdout] EXITO: Encuestas creadas en C:\Users\Usuario\OneDrive - Universidad de los Andes\Escritorio\PROYECTO_EFICACIA\SALIDA\NO PRESENCIA\NO_PRESENCIA_PROCESADO_MAYO_2026.xlsx
2026-06-18 09:49:07  [etl.exhib_gratis]  ✓ INFO      [stdout] EXITO: Encuestas creadas en C:\Users\Usuario\OneDrive - Universidad de los Andes\Escritorio\PROYECTO_EFICACIA\SALIDA\NO PRESENCIA\NO_PRESENCIA_PROCESADO_MAYO_2026.xlsx
2026-06-18 09:49:07  [etl.exhib_pagadas]  ✓ INFO      [stdout] EXITO: Encuestas creadas en C:\Users\Usuario\OneDrive - Universidad de los Andes\Escritorio\PROYECTO_EFICACIA\SALIDA\NO PRESENCIA\NO_PRESENCIA_PROCESADO_MAYO_2026.xlsx
2026-06-18 09:49:07  [etl.precios]       ✓ INFO      [stdout] EXITO: Encuestas creadas en C:\Users\Usuario\OneDrive - Universidad de los Andes\Escritorio\PROYECTO_EFICACIA\SALIDA\NO PRESENCIA\NO_PRESENCIA_PROCESADO_MAYO_2026.xlsx
2026-06-18 09:49:07  [etl.nopresencia]   ✓ INFO      [stdout] EXITO: Encuestas creadas en C:\Users\Usuario\OneDrive - Universidad de los Andes\Escritorio\PROYECTO_EFICACIA\SALIDA\NO PRESENCIA\NO_PRESENCIA_PROCESADO_MAYO_2026.xlsx
2026-06-18 09:49:07  [etl.sos]           ✓ INFO      [stdout] EXITO: Encuestas creadas en C:\Users\Usuario\OneDrive - Universidad de los Andes\Escritorio\PROYECTO_EFICACIA\SALIDA\NO PRESENCIA\NO_PRESENCIA_PROCESADO_MAYO_2026.xlsx
2026-06-18 09:49:07  [etl.nopresencia]   ✓ INFO      Encuestas de No Presencia procesadas
2026-06-18 09:49:07  [etl.exhib_pagadas]  · DEBUG     [stdout] --- INICIANDO: Bloque Plan de Trabajo (Semanas) ---
2026-06-18 09:49:07  [etl.precios]       · DEBUG     [stdout] --- INICIANDO: Bloque Plan de Trabajo (Semanas) ---
2026-06-18 09:49:07  [etl.sos]           · DEBUG     [stdout] --- INICIANDO: Bloque Plan de Trabajo (Semanas) ---
2026-06-18 09:49:07  [etl.nopresencia]   · DEBUG     [stdout] --- INICIANDO: Bloque Plan de Trabajo (Semanas) ---
2026-06-18 09:49:07  [etl.exhib_gratis]  · DEBUG     [stdout] --- INICIANDO: Bloque Plan de Trabajo (Semanas) ---
2026-06-18 09:49:07  [etl.exhib_pagadas]  · DEBUG     [stdout] --- INICIANDO: Bloque Plan de Trabajo (Semanas) ---
2026-06-18 09:49:07  [etl.precios]       · DEBUG     [stdout] --- INICIANDO: Bloque Plan de Trabajo (Semanas) ---
2026-06-18 09:49:07  [etl.nopresencia]   · DEBUG     [stdout] --- INICIANDO: Bloque Plan de Trabajo (Semanas) ---
2026-06-18 09:49:07  [etl.sos]           · DEBUG     [stdout] --- INICIANDO: Bloque Plan de Trabajo (Semanas) ---
2026-06-18 09:49:07  [etl.exhib_pagadas]  ✓ INFO      [stdout] ✓ Output escrito en: C:\Users\Usuario\OneDrive - Universidad de los Andes\Escritorio\PROYECTO_EFICACIA\SALIDA\EXHIBICIONES\Resultado exhibiciones gratis.xlsx
2026-06-18 09:49:08  [etl.precios]       ✓ INFO      [stdout] ✓ Output escrito en: C:\Users\Usuario\OneDrive - Universidad de los Andes\Escritorio\PROYECTO_EFICACIA\SALIDA\EXHIBICIONES\Resultado exhibiciones gratis.xlsx
2026-06-18 09:49:08  [etl.sos]           ✓ INFO      [stdout] ✓ Output escrito en: C:\Users\Usuario\OneDrive - Universidad de los Andes\Escritorio\PROYECTO_EFICACIA\SALIDA\EXHIBICIONES\Resultado exhibiciones gratis.xlsx
2026-06-18 09:49:08  [etl.nopresencia]   ✓ INFO      [stdout] ✓ Output escrito en: C:\Users\Usuario\OneDrive - Universidad de los Andes\Escritorio\PROYECTO_EFICACIA\SALIDA\EXHIBICIONES\Resultado exhibiciones gratis.xlsx
2026-06-18 09:49:08  [etl.exhib_gratis]  ✓ INFO      [stdout] ✓ Output escrito en: C:\Users\Usuario\OneDrive - Universidad de los Andes\Escritorio\PROYECTO_EFICACIA\SALIDA\EXHIBICIONES\Resultado exhibiciones gratis.xlsx
2026-06-18 09:49:08  [etl.exhib_pagadas]  ✓ INFO      [stdout] ✓ Output escrito en: C:\Users\Usuario\OneDrive - Universidad de los Andes\Escritorio\PROYECTO_EFICACIA\SALIDA\EXHIBICIONES\Resultado exhibiciones gratis.xlsx
2026-06-18 09:49:08  [etl.precios]       ✓ INFO      [stdout] ✓ Output escrito en: C:\Users\Usuario\OneDrive - Universidad de los Andes\Escritorio\PROYECTO_EFICACIA\SALIDA\EXHIBICIONES\Resultado exhibiciones gratis.xlsx
2026-06-18 09:49:08  [etl.nopresencia]   ✓ INFO      [stdout] ✓ Output escrito en: C:\Users\Usuario\OneDrive - Universidad de los Andes\Escritorio\PROYECTO_EFICACIA\SALIDA\EXHIBICIONES\Resultado exhibiciones gratis.xlsx
2026-06-18 09:49:08  [etl.sos]           ✓ INFO      [stdout] ✓ Output escrito en: C:\Users\Usuario\OneDrive - Universidad de los Andes\Escritorio\PROYECTO_EFICACIA\SALIDA\EXHIBICIONES\Resultado exhibiciones gratis.xlsx
2026-06-18 09:49:08  [etl.exhib_pagadas]  · DEBUG     [stdout] ── Resumen de Exhibiciones ──────────────────────
2026-06-18 09:49:08  [etl.precios]       · DEBUG     [stdout] ── Resumen de Exhibiciones ──────────────────────
2026-06-18 09:49:08  [etl.sos]           · DEBUG     [stdout] ── Resumen de Exhibiciones ──────────────────────
2026-06-18 09:49:08  [etl.nopresencia]   · DEBUG     [stdout] ── Resumen de Exhibiciones ──────────────────────
2026-06-18 09:49:08  [etl.exhib_gratis]  · DEBUG     [stdout] ── Resumen de Exhibiciones ──────────────────────
2026-06-18 09:49:08  [etl.exhib_pagadas]  · DEBUG     [stdout] ── Resumen de Exhibiciones ──────────────────────
2026-06-18 09:49:08  [etl.precios]       · DEBUG     [stdout] ── Resumen de Exhibiciones ──────────────────────
2026-06-18 09:49:08  [etl.nopresencia]   · DEBUG     [stdout] ── Resumen de Exhibiciones ──────────────────────
2026-06-18 09:49:08  [etl.sos]           · DEBUG     [stdout] ── Resumen de Exhibiciones ──────────────────────
2026-06-18 09:49:08  [etl.exhib_pagadas]  · DEBUG     [stdout] Total Exhibiciones:                           4,455
2026-06-18 09:49:08  [etl.precios]       · DEBUG     [stdout] Total Exhibiciones:                           4,455
2026-06-18 09:49:08  [etl.sos]           · DEBUG     [stdout] Total Exhibiciones:                           4,455
2026-06-18 09:49:08  [etl.nopresencia]   · DEBUG     [stdout] Total Exhibiciones:                           4,455
2026-06-18 09:49:08  [etl.exhib_gratis]  · DEBUG     [stdout] Total Exhibiciones:                           4,455
2026-06-18 09:49:08  [etl.exhib_pagadas]  · DEBUG     [stdout] Total Exhibiciones:                           4,455
2026-06-18 09:49:08  [etl.precios]       · DEBUG     [stdout] Total Exhibiciones:                           4,455
2026-06-18 09:49:08  [etl.nopresencia]   · DEBUG     [stdout] Total Exhibiciones:                           4,455
2026-06-18 09:49:08  [etl.sos]           · DEBUG     [stdout] Total Exhibiciones:                           4,455
2026-06-18 09:49:08  [etl.exhib_pagadas]  · DEBUG     [stdout] Total Exhibiciones Gratis:                    1,623
2026-06-18 09:49:08  [etl.precios]       · DEBUG     [stdout] Total Exhibiciones Gratis:                    1,623
2026-06-18 09:49:08  [etl.sos]           · DEBUG     [stdout] Total Exhibiciones Gratis:                    1,623
2026-06-18 09:49:08  [etl.nopresencia]   · DEBUG     [stdout] Total Exhibiciones Gratis:                    1,623
2026-06-18 09:49:08  [etl.exhib_gratis]  · DEBUG     [stdout] Total Exhibiciones Gratis:                    1,623
2026-06-18 09:49:08  [etl.exhib_pagadas]  · DEBUG     [stdout] Total Exhibiciones Gratis:                    1,623
2026-06-18 09:49:08  [etl.precios]       · DEBUG     [stdout] Total Exhibiciones Gratis:                    1,623
2026-06-18 09:49:08  [etl.nopresencia]   · DEBUG     [stdout] Total Exhibiciones Gratis:                    1,623
2026-06-18 09:49:08  [etl.sos]           · DEBUG     [stdout] Total Exhibiciones Gratis:                    1,623
2026-06-18 09:49:08  [etl.exhib_pagadas]  · DEBUG     [stdout] Total Exhibiciones Pagadas:                   2,831
2026-06-18 09:49:08  [etl.precios]       · DEBUG     [stdout] Total Exhibiciones Pagadas:                   2,831
2026-06-18 09:49:08  [etl.sos]           · DEBUG     [stdout] Total Exhibiciones Pagadas:                   2,831
2026-06-18 09:49:08  [etl.nopresencia]   · DEBUG     [stdout] Total Exhibiciones Pagadas:                   2,831
2026-06-18 09:49:08  [etl.exhib_gratis]  · DEBUG     [stdout] Total Exhibiciones Pagadas:                   2,831
2026-06-18 09:49:08  [etl.exhib_pagadas]  · DEBUG     [stdout] Total Exhibiciones Pagadas:                   2,831
2026-06-18 09:49:08  [etl.precios]       · DEBUG     [stdout] Total Exhibiciones Pagadas:                   2,831
2026-06-18 09:49:08  [etl.nopresencia]   · DEBUG     [stdout] Total Exhibiciones Pagadas:                   2,831
2026-06-18 09:49:08  [etl.sos]           · DEBUG     [stdout] Total Exhibiciones Pagadas:                   2,831
2026-06-18 09:49:08  [etl.exhib_pagadas]  · DEBUG     [stdout] Total Exhibiciones Alto Impacto:              2,093
2026-06-18 09:49:08  [etl.precios]       · DEBUG     [stdout] Total Exhibiciones Alto Impacto:              2,093
2026-06-18 09:49:08  [etl.sos]           · DEBUG     [stdout] Total Exhibiciones Alto Impacto:              2,093
2026-06-18 09:49:08  [etl.nopresencia]   · DEBUG     [stdout] Total Exhibiciones Alto Impacto:              2,093
2026-06-18 09:49:08  [etl.exhib_gratis]  · DEBUG     [stdout] Total Exhibiciones Alto Impacto:              2,093
2026-06-18 09:49:08  [etl.exhib_pagadas]  · DEBUG     [stdout] Total Exhibiciones Alto Impacto:              2,093
2026-06-18 09:49:08  [etl.precios]       · DEBUG     [stdout] Total Exhibiciones Alto Impacto:              2,093
2026-06-18 09:49:08  [etl.nopresencia]   · DEBUG     [stdout] Total Exhibiciones Alto Impacto:              2,093
2026-06-18 09:49:08  [etl.sos]           · DEBUG     [stdout] Total Exhibiciones Alto Impacto:              2,093
2026-06-18 09:49:08  [etl.exhib_pagadas]  · DEBUG     [stdout] Total Exhibiciones Medio Impacto:             2,361
2026-06-18 09:49:08  [etl.precios]       · DEBUG     [stdout] Total Exhibiciones Medio Impacto:             2,361
2026-06-18 09:49:08  [etl.sos]           · DEBUG     [stdout] Total Exhibiciones Medio Impacto:             2,361
2026-06-18 09:49:08  [etl.nopresencia]   · DEBUG     [stdout] Total Exhibiciones Medio Impacto:             2,361
2026-06-18 09:49:08  [etl.exhib_gratis]  · DEBUG     [stdout] Total Exhibiciones Medio Impacto:             2,361
2026-06-18 09:49:08  [etl.exhib_pagadas]  · DEBUG     [stdout] Total Exhibiciones Medio Impacto:             2,361
2026-06-18 09:49:08  [etl.precios]       · DEBUG     [stdout] Total Exhibiciones Medio Impacto:             2,361
2026-06-18 09:49:08  [etl.nopresencia]   · DEBUG     [stdout] Total Exhibiciones Medio Impacto:             2,361
2026-06-18 09:49:08  [etl.sos]           · DEBUG     [stdout] Total Exhibiciones Medio Impacto:             2,361
2026-06-18 09:49:08  [etl.exhib_pagadas]  · DEBUG     [stdout] ─────────────────────────────────────────────────
2026-06-18 09:49:08  [etl.precios]       · DEBUG     [stdout] ─────────────────────────────────────────────────
2026-06-18 09:49:08  [etl.sos]           · DEBUG     [stdout] ─────────────────────────────────────────────────
2026-06-18 09:49:08  [etl.nopresencia]   · DEBUG     [stdout] ─────────────────────────────────────────────────
2026-06-18 09:49:08  [etl.exhib_gratis]  · DEBUG     [stdout] ─────────────────────────────────────────────────
2026-06-18 09:49:08  [etl.exhib_pagadas]  · DEBUG     [stdout] ─────────────────────────────────────────────────
2026-06-18 09:49:08  [etl.precios]       · DEBUG     [stdout] ─────────────────────────────────────────────────
2026-06-18 09:49:08  [etl.nopresencia]   · DEBUG     [stdout] ─────────────────────────────────────────────────
2026-06-18 09:49:08  [etl.sos]           · DEBUG     [stdout] ─────────────────────────────────────────────────
2026-06-18 09:49:08  [etl.exhib_pagadas]  · DEBUG     [stdout] --- KPI (V3): RESUMEN EXHIBICIONES GRATIS por empleado  (Mayo_2026) ---
2026-06-18 09:49:08  [etl.precios]       · DEBUG     [stdout] --- KPI (V3): RESUMEN EXHIBICIONES GRATIS por empleado  (Mayo_2026) ---
2026-06-18 09:49:08  [etl.sos]           · DEBUG     [stdout] --- KPI (V3): RESUMEN EXHIBICIONES GRATIS por empleado  (Mayo_2026) ---
2026-06-18 09:49:08  [etl.nopresencia]   · DEBUG     [stdout] --- KPI (V3): RESUMEN EXHIBICIONES GRATIS por empleado  (Mayo_2026) ---
2026-06-18 09:49:08  [etl.exhib_gratis]  · DEBUG     [stdout] --- KPI (V3): RESUMEN EXHIBICIONES GRATIS por empleado  (Mayo_2026) ---
2026-06-18 09:49:08  [etl.exhib_pagadas]  · DEBUG     [stdout] --- KPI (V3): RESUMEN EXHIBICIONES GRATIS por empleado  (Mayo_2026) ---
2026-06-18 09:49:08  [etl.precios]       · DEBUG     [stdout] --- KPI (V3): RESUMEN EXHIBICIONES GRATIS por empleado  (Mayo_2026) ---
2026-06-18 09:49:08  [etl.nopresencia]   · DEBUG     [stdout] --- KPI (V3): RESUMEN EXHIBICIONES GRATIS por empleado  (Mayo_2026) ---
2026-06-18 09:49:08  [etl.sos]           · DEBUG     [stdout] --- KPI (V3): RESUMEN EXHIBICIONES GRATIS por empleado  (Mayo_2026) ---
2026-06-18 09:49:09  [etl.exhib_pagadas]  · DEBUG     [stdout] Leyendo: Resultado exhibiciones gratis.xlsx (3619 filas)
2026-06-18 09:49:09  [etl.precios]       · DEBUG     [stdout] Leyendo: Resultado exhibiciones gratis.xlsx (3619 filas)
2026-06-18 09:49:09  [etl.sos]           · DEBUG     [stdout] Leyendo: Resultado exhibiciones gratis.xlsx (3619 filas)
2026-06-18 09:49:09  [etl.nopresencia]   · DEBUG     [stdout] Leyendo: Resultado exhibiciones gratis.xlsx (3619 filas)
2026-06-18 09:49:09  [etl.exhib_gratis]  · DEBUG     [stdout] Leyendo: Resultado exhibiciones gratis.xlsx (3619 filas)
2026-06-18 09:49:09  [etl.exhib_pagadas]  · DEBUG     [stdout] Leyendo: Resultado exhibiciones gratis.xlsx (3619 filas)
2026-06-18 09:49:09  [etl.precios]       · DEBUG     [stdout] Leyendo: Resultado exhibiciones gratis.xlsx (3619 filas)
2026-06-18 09:49:09  [etl.nopresencia]   · DEBUG     [stdout] Leyendo: Resultado exhibiciones gratis.xlsx (3619 filas)
2026-06-18 09:49:09  [etl.sos]           · DEBUG     [stdout] Leyendo: Resultado exhibiciones gratis.xlsx (3619 filas)
2026-06-18 09:49:10  [etl.exhib_pagadas]  ✓ INFO      [stdout] ✅ Mes activo: 108 empleados → EXHIBICIONES_GRATIS_KPIS.xlsx
2026-06-18 09:49:10  [etl.precios]       ✓ INFO      [stdout] ✅ Mes activo: 108 empleados → EXHIBICIONES_GRATIS_KPIS.xlsx
2026-06-18 09:49:10  [etl.sos]           ✓ INFO      [stdout] ✅ Mes activo: 108 empleados → EXHIBICIONES_GRATIS_KPIS.xlsx
2026-06-18 09:49:10  [etl.nopresencia]   ✓ INFO      [stdout] ✅ Mes activo: 108 empleados → EXHIBICIONES_GRATIS_KPIS.xlsx
2026-06-18 09:49:10  [etl.exhib_gratis]  ✓ INFO      [stdout] ✅ Mes activo: 108 empleados → EXHIBICIONES_GRATIS_KPIS.xlsx
2026-06-18 09:49:10  [etl.exhib_pagadas]  ✓ INFO      [stdout] ✅ Mes activo: 108 empleados → EXHIBICIONES_GRATIS_KPIS.xlsx
2026-06-18 09:49:10  [etl.precios]       ✓ INFO      [stdout] ✅ Mes activo: 108 empleados → EXHIBICIONES_GRATIS_KPIS.xlsx
2026-06-18 09:49:10  [etl.nopresencia]   ✓ INFO      [stdout] ✅ Mes activo: 108 empleados → EXHIBICIONES_GRATIS_KPIS.xlsx
2026-06-18 09:49:10  [etl.sos]           ✓ INFO      [stdout] ✅ Mes activo: 108 empleados → EXHIBICIONES_GRATIS_KPIS.xlsx
2026-06-18 09:49:12  [etl.exhib_pagadas]  ✓ INFO      [stdout] ✅ Histórico → EXHIBICIONES_GRATIS_KPIS_HISTORICO.xlsx
2026-06-18 09:49:12  [etl.precios]       ✓ INFO      [stdout] ✅ Histórico → EXHIBICIONES_GRATIS_KPIS_HISTORICO.xlsx
2026-06-18 09:49:12  [etl.sos]           ✓ INFO      [stdout] ✅ Histórico → EXHIBICIONES_GRATIS_KPIS_HISTORICO.xlsx
2026-06-18 09:49:12  [etl.nopresencia]   ✓ INFO      [stdout] ✅ Histórico → EXHIBICIONES_GRATIS_KPIS_HISTORICO.xlsx
2026-06-18 09:49:12  [etl.exhib_gratis]  ✓ INFO      [stdout] ✅ Histórico → EXHIBICIONES_GRATIS_KPIS_HISTORICO.xlsx
2026-06-18 09:49:12  [etl.exhib_pagadas]  ✓ INFO      [stdout] ✅ Histórico → EXHIBICIONES_GRATIS_KPIS_HISTORICO.xlsx
2026-06-18 09:49:12  [etl.precios]       ✓ INFO      [stdout] ✅ Histórico → EXHIBICIONES_GRATIS_KPIS_HISTORICO.xlsx
2026-06-18 09:49:12  [etl.nopresencia]   ✓ INFO      [stdout] ✅ Histórico → EXHIBICIONES_GRATIS_KPIS_HISTORICO.xlsx
2026-06-18 09:49:12  [etl.sos]           ✓ INFO      [stdout] ✅ Histórico → EXHIBICIONES_GRATIS_KPIS_HISTORICO.xlsx
2026-06-18 09:49:12  [etl.exhib_gratis]  ✓ INFO      ETL Exhibiciones Gratis — completado
2026-06-18 09:49:12  [etl.exhib_gratis]  ✓ INFO      Duración total: 214.8s
2026-06-18 09:49:12  [etl.orquestador]   ✓ INFO      ETL 'exhib_gratis' terminó — ✓ OK en 214.8s
2026-06-18 09:49:15  [etl.exhib_pagadas]  ✓ INFO      [stdout] EXITO: Plan Procesado creado en C:\Users\Usuario\OneDrive - Universidad de los Andes\Escritorio\PROYECTO_EFICACIA\SALIDA\NO PRESENCIA\PLAN_TRABAJO_PROCESADO_MAYO_2026.xlsx
2026-06-18 09:49:15  [etl.precios]       ✓ INFO      [stdout] EXITO: Plan Procesado creado en C:\Users\Usuario\OneDrive - Universidad de los Andes\Escritorio\PROYECTO_EFICACIA\SALIDA\NO PRESENCIA\PLAN_TRABAJO_PROCESADO_MAYO_2026.xlsx
2026-06-18 09:49:15  [etl.sos]           ✓ INFO      [stdout] EXITO: Plan Procesado creado en C:\Users\Usuario\OneDrive - Universidad de los Andes\Escritorio\PROYECTO_EFICACIA\SALIDA\NO PRESENCIA\PLAN_TRABAJO_PROCESADO_MAYO_2026.xlsx
2026-06-18 09:49:15  [etl.nopresencia]   ✓ INFO      [stdout] EXITO: Plan Procesado creado en C:\Users\Usuario\OneDrive - Universidad de los Andes\Escritorio\PROYECTO_EFICACIA\SALIDA\NO PRESENCIA\PLAN_TRABAJO_PROCESADO_MAYO_2026.xlsx
2026-06-18 09:49:15  [etl.exhib_gratis]  ✓ INFO      [stdout] EXITO: Plan Procesado creado en C:\Users\Usuario\OneDrive - Universidad de los Andes\Escritorio\PROYECTO_EFICACIA\SALIDA\NO PRESENCIA\PLAN_TRABAJO_PROCESADO_MAYO_2026.xlsx
2026-06-18 09:49:15  [etl.exhib_pagadas]  ✓ INFO      [stdout] EXITO: Plan Procesado creado en C:\Users\Usuario\OneDrive - Universidad de los Andes\Escritorio\PROYECTO_EFICACIA\SALIDA\NO PRESENCIA\PLAN_TRABAJO_PROCESADO_MAYO_2026.xlsx
2026-06-18 09:49:15  [etl.precios]       ✓ INFO      [stdout] EXITO: Plan Procesado creado en C:\Users\Usuario\OneDrive - Universidad de los Andes\Escritorio\PROYECTO_EFICACIA\SALIDA\NO PRESENCIA\PLAN_TRABAJO_PROCESADO_MAYO_2026.xlsx
2026-06-18 09:49:15  [etl.nopresencia]   ✓ INFO      [stdout] EXITO: Plan Procesado creado en C:\Users\Usuario\OneDrive - Universidad de los Andes\Escritorio\PROYECTO_EFICACIA\SALIDA\NO PRESENCIA\PLAN_TRABAJO_PROCESADO_MAYO_2026.xlsx
2026-06-18 09:49:15  [etl.sos]           ✓ INFO      [stdout] EXITO: Plan Procesado creado en C:\Users\Usuario\OneDrive - Universidad de los Andes\Escritorio\PROYECTO_EFICACIA\SALIDA\NO PRESENCIA\PLAN_TRABAJO_PROCESADO_MAYO_2026.xlsx
2026-06-18 09:49:15  [etl.exhib_pagadas]  ✓ INFO      [stdout] EXITO: Plan Procesado creado en C:\Users\Usuario\OneDrive - Universidad de los Andes\Escritorio\PROYECTO_EFICACIA\SALIDA\NO PRESENCIA\PLAN_TRABAJO_PROCESADO_MAYO_2026.xlsx
2026-06-18 09:49:15  [etl.precios]       ✓ INFO      [stdout] EXITO: Plan Procesado creado en C:\Users\Usuario\OneDrive - Universidad de los Andes\Escritorio\PROYECTO_EFICACIA\SALIDA\NO PRESENCIA\PLAN_TRABAJO_PROCESADO_MAYO_2026.xlsx
2026-06-18 09:49:15  [etl.sos]           ✓ INFO      [stdout] EXITO: Plan Procesado creado en C:\Users\Usuario\OneDrive - Universidad de los Andes\Escritorio\PROYECTO_EFICACIA\SALIDA\NO PRESENCIA\PLAN_TRABAJO_PROCESADO_MAYO_2026.xlsx
2026-06-18 09:49:15  [etl.nopresencia]   ✓ INFO      [stdout] EXITO: Plan Procesado creado en C:\Users\Usuario\OneDrive - Universidad de los Andes\Escritorio\PROYECTO_EFICACIA\SALIDA\NO PRESENCIA\PLAN_TRABAJO_PROCESADO_MAYO_2026.xlsx
2026-06-18 09:49:15  [etl.cif]           ✓ INFO      [stdout] EXITO: Plan Procesado creado en C:\Users\Usuario\OneDrive - Universidad de los Andes\Escritorio\PROYECTO_EFICACIA\SALIDA\NO PRESENCIA\PLAN_TRABAJO_PROCESADO_MAYO_2026.xlsx
2026-06-18 09:49:15  [etl.nopresencia]   ✓ INFO      Plan de Trabajo por semanas procesado
2026-06-18 09:49:15  [etl.exhib_pagadas]  · DEBUG     [stdout] --- GENERANDO MATRIZ COMPARATIVA FINAL ---
2026-06-18 09:49:15  [etl.precios]       · DEBUG     [stdout] --- GENERANDO MATRIZ COMPARATIVA FINAL ---
2026-06-18 09:49:15  [etl.sos]           · DEBUG     [stdout] --- GENERANDO MATRIZ COMPARATIVA FINAL ---
2026-06-18 09:49:15  [etl.nopresencia]   · DEBUG     [stdout] --- GENERANDO MATRIZ COMPARATIVA FINAL ---
2026-06-18 09:49:15  [etl.exhib_gratis]  · DEBUG     [stdout] --- GENERANDO MATRIZ COMPARATIVA FINAL ---
2026-06-18 09:49:15  [etl.exhib_pagadas]  · DEBUG     [stdout] --- GENERANDO MATRIZ COMPARATIVA FINAL ---
2026-06-18 09:49:15  [etl.precios]       · DEBUG     [stdout] --- GENERANDO MATRIZ COMPARATIVA FINAL ---
2026-06-18 09:49:15  [etl.nopresencia]   · DEBUG     [stdout] --- GENERANDO MATRIZ COMPARATIVA FINAL ---
2026-06-18 09:49:15  [etl.sos]           · DEBUG     [stdout] --- GENERANDO MATRIZ COMPARATIVA FINAL ---
2026-06-18 09:49:15  [etl.exhib_pagadas]  · DEBUG     [stdout] --- GENERANDO MATRIZ COMPARATIVA FINAL ---
2026-06-18 09:49:15  [etl.precios]       · DEBUG     [stdout] --- GENERANDO MATRIZ COMPARATIVA FINAL ---
2026-06-18 09:49:15  [etl.sos]           · DEBUG     [stdout] --- GENERANDO MATRIZ COMPARATIVA FINAL ---
2026-06-18 09:49:15  [etl.nopresencia]   · DEBUG     [stdout] --- GENERANDO MATRIZ COMPARATIVA FINAL ---
2026-06-18 09:49:15  [etl.cif]           · DEBUG     [stdout] --- GENERANDO MATRIZ COMPARATIVA FINAL ---
2026-06-18 09:49:27  [etl.exhib_pagadas]  · DEBUG     [stdout] 🏁 FINALIZADO: Reporte generado exitosamente en C:\Users\Usuario\OneDrive - Universidad de los Andes\Escritorio\PROYECTO_EFICACIA\SALIDA\NO PRESENCIA\REPORTE_NO_PRESENCIA_MAYO_2026.xlsx
2026-06-18 09:49:27  [etl.precios]       · DEBUG     [stdout] 🏁 FINALIZADO: Reporte generado exitosamente en C:\Users\Usuario\OneDrive - Universidad de los Andes\Escritorio\PROYECTO_EFICACIA\SALIDA\NO PRESENCIA\REPORTE_NO_PRESENCIA_MAYO_2026.xlsx
2026-06-18 09:49:27  [etl.sos]           · DEBUG     [stdout] 🏁 FINALIZADO: Reporte generado exitosamente en C:\Users\Usuario\OneDrive - Universidad de los Andes\Escritorio\PROYECTO_EFICACIA\SALIDA\NO PRESENCIA\REPORTE_NO_PRESENCIA_MAYO_2026.xlsx
2026-06-18 09:49:27  [etl.nopresencia]   · DEBUG     [stdout] 🏁 FINALIZADO: Reporte generado exitosamente en C:\Users\Usuario\OneDrive - Universidad de los Andes\Escritorio\PROYECTO_EFICACIA\SALIDA\NO PRESENCIA\REPORTE_NO_PRESENCIA_MAYO_2026.xlsx
2026-06-18 09:49:27  [etl.exhib_gratis]  · DEBUG     [stdout] 🏁 FINALIZADO: Reporte generado exitosamente en C:\Users\Usuario\OneDrive - Universidad de los Andes\Escritorio\PROYECTO_EFICACIA\SALIDA\NO PRESENCIA\REPORTE_NO_PRESENCIA_MAYO_2026.xlsx
2026-06-18 09:49:27  [etl.exhib_pagadas]  · DEBUG     [stdout] 🏁 FINALIZADO: Reporte generado exitosamente en C:\Users\Usuario\OneDrive - Universidad de los Andes\Escritorio\PROYECTO_EFICACIA\SALIDA\NO PRESENCIA\REPORTE_NO_PRESENCIA_MAYO_2026.xlsx
2026-06-18 09:49:27  [etl.precios]       · DEBUG     [stdout] 🏁 FINALIZADO: Reporte generado exitosamente en C:\Users\Usuario\OneDrive - Universidad de los Andes\Escritorio\PROYECTO_EFICACIA\SALIDA\NO PRESENCIA\REPORTE_NO_PRESENCIA_MAYO_2026.xlsx
2026-06-18 09:49:27  [etl.nopresencia]   · DEBUG     [stdout] 🏁 FINALIZADO: Reporte generado exitosamente en C:\Users\Usuario\OneDrive - Universidad de los Andes\Escritorio\PROYECTO_EFICACIA\SALIDA\NO PRESENCIA\REPORTE_NO_PRESENCIA_MAYO_2026.xlsx
2026-06-18 09:49:27  [etl.sos]           · DEBUG     [stdout] 🏁 FINALIZADO: Reporte generado exitosamente en C:\Users\Usuario\OneDrive - Universidad de los Andes\Escritorio\PROYECTO_EFICACIA\SALIDA\NO PRESENCIA\REPORTE_NO_PRESENCIA_MAYO_2026.xlsx
2026-06-18 09:49:27  [etl.exhib_pagadas]  · DEBUG     [stdout] 🏁 FINALIZADO: Reporte generado exitosamente en C:\Users\Usuario\OneDrive - Universidad de los Andes\Escritorio\PROYECTO_EFICACIA\SALIDA\NO PRESENCIA\REPORTE_NO_PRESENCIA_MAYO_2026.xlsx
2026-06-18 09:49:27  [etl.precios]       · DEBUG     [stdout] 🏁 FINALIZADO: Reporte generado exitosamente en C:\Users\Usuario\OneDrive - Universidad de los Andes\Escritorio\PROYECTO_EFICACIA\SALIDA\NO PRESENCIA\REPORTE_NO_PRESENCIA_MAYO_2026.xlsx
2026-06-18 09:49:27  [etl.sos]           · DEBUG     [stdout] 🏁 FINALIZADO: Reporte generado exitosamente en C:\Users\Usuario\OneDrive - Universidad de los Andes\Escritorio\PROYECTO_EFICACIA\SALIDA\NO PRESENCIA\REPORTE_NO_PRESENCIA_MAYO_2026.xlsx
2026-06-18 09:49:27  [etl.nopresencia]   · DEBUG     [stdout] 🏁 FINALIZADO: Reporte generado exitosamente en C:\Users\Usuario\OneDrive - Universidad de los Andes\Escritorio\PROYECTO_EFICACIA\SALIDA\NO PRESENCIA\REPORTE_NO_PRESENCIA_MAYO_2026.xlsx
2026-06-18 09:49:27  [etl.cif]           · DEBUG     [stdout] 🏁 FINALIZADO: Reporte generado exitosamente en C:\Users\Usuario\OneDrive - Universidad de los Andes\Escritorio\PROYECTO_EFICACIA\SALIDA\NO PRESENCIA\REPORTE_NO_PRESENCIA_MAYO_2026.xlsx
2026-06-18 09:49:27  [etl.nopresencia]   ✓ INFO      Matriz de seguimiento generada
2026-06-18 09:49:27  [etl.exhib_pagadas]  · DEBUG     [stdout] --- GENERANDO ANÁLISIS DE AGOTADOS (INVOLVES) ---
2026-06-18 09:49:27  [etl.precios]       · DEBUG     [stdout] --- GENERANDO ANÁLISIS DE AGOTADOS (INVOLVES) ---
2026-06-18 09:49:27  [etl.sos]           · DEBUG     [stdout] --- GENERANDO ANÁLISIS DE AGOTADOS (INVOLVES) ---
2026-06-18 09:49:27  [etl.nopresencia]   · DEBUG     [stdout] --- GENERANDO ANÁLISIS DE AGOTADOS (INVOLVES) ---
2026-06-18 09:49:27  [etl.exhib_gratis]  · DEBUG     [stdout] --- GENERANDO ANÁLISIS DE AGOTADOS (INVOLVES) ---
2026-06-18 09:49:27  [etl.exhib_pagadas]  · DEBUG     [stdout] --- GENERANDO ANÁLISIS DE AGOTADOS (INVOLVES) ---
2026-06-18 09:49:27  [etl.precios]       · DEBUG     [stdout] --- GENERANDO ANÁLISIS DE AGOTADOS (INVOLVES) ---
2026-06-18 09:49:27  [etl.nopresencia]   · DEBUG     [stdout] --- GENERANDO ANÁLISIS DE AGOTADOS (INVOLVES) ---
2026-06-18 09:49:27  [etl.sos]           · DEBUG     [stdout] --- GENERANDO ANÁLISIS DE AGOTADOS (INVOLVES) ---
2026-06-18 09:49:27  [etl.exhib_pagadas]  · DEBUG     [stdout] --- GENERANDO ANÁLISIS DE AGOTADOS (INVOLVES) ---
2026-06-18 09:49:27  [etl.precios]       · DEBUG     [stdout] --- GENERANDO ANÁLISIS DE AGOTADOS (INVOLVES) ---
2026-06-18 09:49:27  [etl.sos]           · DEBUG     [stdout] --- GENERANDO ANÁLISIS DE AGOTADOS (INVOLVES) ---
2026-06-18 09:49:27  [etl.nopresencia]   · DEBUG     [stdout] --- GENERANDO ANÁLISIS DE AGOTADOS (INVOLVES) ---
2026-06-18 09:49:27  [etl.cif]           · DEBUG     [stdout] --- GENERANDO ANÁLISIS DE AGOTADOS (INVOLVES) ---
2026-06-18 09:49:42  [etl.exhib_pagadas]  ✓ INFO      [stdout] ✅ ÉXITO: Reporte de Agotados generado en C:\Users\Usuario\OneDrive - Universidad de los Andes\Escritorio\PROYECTO_EFICACIA\SALIDA\NO PRESENCIA\ANALISIS_AGOTADOS_MAYO_2026.xlsx
2026-06-18 09:49:42  [etl.precios]       ✓ INFO      [stdout] ✅ ÉXITO: Reporte de Agotados generado en C:\Users\Usuario\OneDrive - Universidad de los Andes\Escritorio\PROYECTO_EFICACIA\SALIDA\NO PRESENCIA\ANALISIS_AGOTADOS_MAYO_2026.xlsx
2026-06-18 09:49:42  [etl.sos]           ✓ INFO      [stdout] ✅ ÉXITO: Reporte de Agotados generado en C:\Users\Usuario\OneDrive - Universidad de los Andes\Escritorio\PROYECTO_EFICACIA\SALIDA\NO PRESENCIA\ANALISIS_AGOTADOS_MAYO_2026.xlsx
2026-06-18 09:49:42  [etl.nopresencia]   ✓ INFO      [stdout] ✅ ÉXITO: Reporte de Agotados generado en C:\Users\Usuario\OneDrive - Universidad de los Andes\Escritorio\PROYECTO_EFICACIA\SALIDA\NO PRESENCIA\ANALISIS_AGOTADOS_MAYO_2026.xlsx
2026-06-18 09:49:42  [etl.exhib_gratis]  ✓ INFO      [stdout] ✅ ÉXITO: Reporte de Agotados generado en C:\Users\Usuario\OneDrive - Universidad de los Andes\Escritorio\PROYECTO_EFICACIA\SALIDA\NO PRESENCIA\ANALISIS_AGOTADOS_MAYO_2026.xlsx
2026-06-18 09:49:42  [etl.exhib_pagadas]  ✓ INFO      [stdout] ✅ ÉXITO: Reporte de Agotados generado en C:\Users\Usuario\OneDrive - Universidad de los Andes\Escritorio\PROYECTO_EFICACIA\SALIDA\NO PRESENCIA\ANALISIS_AGOTADOS_MAYO_2026.xlsx
2026-06-18 09:49:42  [etl.precios]       ✓ INFO      [stdout] ✅ ÉXITO: Reporte de Agotados generado en C:\Users\Usuario\OneDrive - Universidad de los Andes\Escritorio\PROYECTO_EFICACIA\SALIDA\NO PRESENCIA\ANALISIS_AGOTADOS_MAYO_2026.xlsx
2026-06-18 09:49:42  [etl.nopresencia]   ✓ INFO      [stdout] ✅ ÉXITO: Reporte de Agotados generado en C:\Users\Usuario\OneDrive - Universidad de los Andes\Escritorio\PROYECTO_EFICACIA\SALIDA\NO PRESENCIA\ANALISIS_AGOTADOS_MAYO_2026.xlsx
2026-06-18 09:49:42  [etl.sos]           ✓ INFO      [stdout] ✅ ÉXITO: Reporte de Agotados generado en C:\Users\Usuario\OneDrive - Universidad de los Andes\Escritorio\PROYECTO_EFICACIA\SALIDA\NO PRESENCIA\ANALISIS_AGOTADOS_MAYO_2026.xlsx
2026-06-18 09:49:42  [etl.exhib_pagadas]  ✓ INFO      [stdout] ✅ ÉXITO: Reporte de Agotados generado en C:\Users\Usuario\OneDrive - Universidad de los Andes\Escritorio\PROYECTO_EFICACIA\SALIDA\NO PRESENCIA\ANALISIS_AGOTADOS_MAYO_2026.xlsx
2026-06-18 09:49:42  [etl.precios]       ✓ INFO      [stdout] ✅ ÉXITO: Reporte de Agotados generado en C:\Users\Usuario\OneDrive - Universidad de los Andes\Escritorio\PROYECTO_EFICACIA\SALIDA\NO PRESENCIA\ANALISIS_AGOTADOS_MAYO_2026.xlsx
2026-06-18 09:49:42  [etl.sos]           ✓ INFO      [stdout] ✅ ÉXITO: Reporte de Agotados generado en C:\Users\Usuario\OneDrive - Universidad de los Andes\Escritorio\PROYECTO_EFICACIA\SALIDA\NO PRESENCIA\ANALISIS_AGOTADOS_MAYO_2026.xlsx
2026-06-18 09:49:42  [etl.nopresencia]   ✓ INFO      [stdout] ✅ ÉXITO: Reporte de Agotados generado en C:\Users\Usuario\OneDrive - Universidad de los Andes\Escritorio\PROYECTO_EFICACIA\SALIDA\NO PRESENCIA\ANALISIS_AGOTADOS_MAYO_2026.xlsx
2026-06-18 09:49:42  [etl.cif]           ✓ INFO      [stdout] ✅ ÉXITO: Reporte de Agotados generado en C:\Users\Usuario\OneDrive - Universidad de los Andes\Escritorio\PROYECTO_EFICACIA\SALIDA\NO PRESENCIA\ANALISIS_AGOTADOS_MAYO_2026.xlsx
2026-06-18 09:49:42  [etl.nopresencia]   ✓ INFO      Análisis de agotados generado
2026-06-18 09:49:42  [etl.exhib_pagadas]  · DEBUG     [stdout] --- PASO KPI (V3): RESUMEN NP por gestor  (Mayo_2026) ---
2026-06-18 09:49:42  [etl.precios]       · DEBUG     [stdout] --- PASO KPI (V3): RESUMEN NP por gestor  (Mayo_2026) ---
2026-06-18 09:49:42  [etl.sos]           · DEBUG     [stdout] --- PASO KPI (V3): RESUMEN NP por gestor  (Mayo_2026) ---
2026-06-18 09:49:42  [etl.nopresencia]   · DEBUG     [stdout] --- PASO KPI (V3): RESUMEN NP por gestor  (Mayo_2026) ---
2026-06-18 09:49:42  [etl.exhib_gratis]  · DEBUG     [stdout] --- PASO KPI (V3): RESUMEN NP por gestor  (Mayo_2026) ---
2026-06-18 09:49:42  [etl.exhib_pagadas]  · DEBUG     [stdout] --- PASO KPI (V3): RESUMEN NP por gestor  (Mayo_2026) ---
2026-06-18 09:49:42  [etl.precios]       · DEBUG     [stdout] --- PASO KPI (V3): RESUMEN NP por gestor  (Mayo_2026) ---
2026-06-18 09:49:42  [etl.nopresencia]   · DEBUG     [stdout] --- PASO KPI (V3): RESUMEN NP por gestor  (Mayo_2026) ---
2026-06-18 09:49:42  [etl.sos]           · DEBUG     [stdout] --- PASO KPI (V3): RESUMEN NP por gestor  (Mayo_2026) ---
2026-06-18 09:49:42  [etl.exhib_pagadas]  · DEBUG     [stdout] --- PASO KPI (V3): RESUMEN NP por gestor  (Mayo_2026) ---
2026-06-18 09:49:42  [etl.precios]       · DEBUG     [stdout] --- PASO KPI (V3): RESUMEN NP por gestor  (Mayo_2026) ---
2026-06-18 09:49:42  [etl.sos]           · DEBUG     [stdout] --- PASO KPI (V3): RESUMEN NP por gestor  (Mayo_2026) ---
2026-06-18 09:49:42  [etl.nopresencia]   · DEBUG     [stdout] --- PASO KPI (V3): RESUMEN NP por gestor  (Mayo_2026) ---
2026-06-18 09:49:42  [etl.cif]           · DEBUG     [stdout] --- PASO KPI (V3): RESUMEN NP por gestor  (Mayo_2026) ---
2026-06-18 09:49:42  [etl.exhib_pagadas]  · DEBUG     [stdout] Leyendo: REPORTE_NO_PRESENCIA_MAYO_2026.xlsx (2223 filas)
2026-06-18 09:49:42  [etl.precios]       · DEBUG     [stdout] Leyendo: REPORTE_NO_PRESENCIA_MAYO_2026.xlsx (2223 filas)
2026-06-18 09:49:42  [etl.sos]           · DEBUG     [stdout] Leyendo: REPORTE_NO_PRESENCIA_MAYO_2026.xlsx (2223 filas)
2026-06-18 09:49:42  [etl.nopresencia]   · DEBUG     [stdout] Leyendo: REPORTE_NO_PRESENCIA_MAYO_2026.xlsx (2223 filas)
2026-06-18 09:49:42  [etl.exhib_gratis]  · DEBUG     [stdout] Leyendo: REPORTE_NO_PRESENCIA_MAYO_2026.xlsx (2223 filas)
2026-06-18 09:49:42  [etl.exhib_pagadas]  · DEBUG     [stdout] Leyendo: REPORTE_NO_PRESENCIA_MAYO_2026.xlsx (2223 filas)
2026-06-18 09:49:42  [etl.precios]       · DEBUG     [stdout] Leyendo: REPORTE_NO_PRESENCIA_MAYO_2026.xlsx (2223 filas)
2026-06-18 09:49:42  [etl.nopresencia]   · DEBUG     [stdout] Leyendo: REPORTE_NO_PRESENCIA_MAYO_2026.xlsx (2223 filas)
2026-06-18 09:49:42  [etl.sos]           · DEBUG     [stdout] Leyendo: REPORTE_NO_PRESENCIA_MAYO_2026.xlsx (2223 filas)
2026-06-18 09:49:42  [etl.exhib_pagadas]  · DEBUG     [stdout] Leyendo: REPORTE_NO_PRESENCIA_MAYO_2026.xlsx (2223 filas)
2026-06-18 09:49:42  [etl.precios]       · DEBUG     [stdout] Leyendo: REPORTE_NO_PRESENCIA_MAYO_2026.xlsx (2223 filas)
2026-06-18 09:49:42  [etl.sos]           · DEBUG     [stdout] Leyendo: REPORTE_NO_PRESENCIA_MAYO_2026.xlsx (2223 filas)
2026-06-18 09:49:42  [etl.nopresencia]   · DEBUG     [stdout] Leyendo: REPORTE_NO_PRESENCIA_MAYO_2026.xlsx (2223 filas)
2026-06-18 09:49:42  [etl.cif]           · DEBUG     [stdout] Leyendo: REPORTE_NO_PRESENCIA_MAYO_2026.xlsx (2223 filas)
2026-06-18 09:49:44  [etl.exhib_pagadas]  ✓ INFO      [stdout] ✅ Mes activo: 148 gestores → NO_PRESENCIA_KPIS.xlsx
2026-06-18 09:49:44  [etl.precios]       ✓ INFO      [stdout] ✅ Mes activo: 148 gestores → NO_PRESENCIA_KPIS.xlsx
2026-06-18 09:49:44  [etl.sos]           ✓ INFO      [stdout] ✅ Mes activo: 148 gestores → NO_PRESENCIA_KPIS.xlsx
2026-06-18 09:49:44  [etl.nopresencia]   ✓ INFO      [stdout] ✅ Mes activo: 148 gestores → NO_PRESENCIA_KPIS.xlsx
2026-06-18 09:49:44  [etl.exhib_gratis]  ✓ INFO      [stdout] ✅ Mes activo: 148 gestores → NO_PRESENCIA_KPIS.xlsx
2026-06-18 09:49:44  [etl.exhib_pagadas]  ✓ INFO      [stdout] ✅ Mes activo: 148 gestores → NO_PRESENCIA_KPIS.xlsx
2026-06-18 09:49:44  [etl.precios]       ✓ INFO      [stdout] ✅ Mes activo: 148 gestores → NO_PRESENCIA_KPIS.xlsx
2026-06-18 09:49:44  [etl.nopresencia]   ✓ INFO      [stdout] ✅ Mes activo: 148 gestores → NO_PRESENCIA_KPIS.xlsx
2026-06-18 09:49:44  [etl.sos]           ✓ INFO      [stdout] ✅ Mes activo: 148 gestores → NO_PRESENCIA_KPIS.xlsx
2026-06-18 09:49:44  [etl.exhib_pagadas]  ✓ INFO      [stdout] ✅ Mes activo: 148 gestores → NO_PRESENCIA_KPIS.xlsx
2026-06-18 09:49:44  [etl.precios]       ✓ INFO      [stdout] ✅ Mes activo: 148 gestores → NO_PRESENCIA_KPIS.xlsx
2026-06-18 09:49:44  [etl.sos]           ✓ INFO      [stdout] ✅ Mes activo: 148 gestores → NO_PRESENCIA_KPIS.xlsx
2026-06-18 09:49:44  [etl.nopresencia]   ✓ INFO      [stdout] ✅ Mes activo: 148 gestores → NO_PRESENCIA_KPIS.xlsx
2026-06-18 09:49:44  [etl.cif]           ✓ INFO      [stdout] ✅ Mes activo: 148 gestores → NO_PRESENCIA_KPIS.xlsx
2026-06-18 09:49:44  [etl.exhib_pagadas]  ✓ INFO      [stdout] ✅ Histórico acumulado → NO_PRESENCIA_KPIS_HISTORICO.xlsx
2026-06-18 09:49:44  [etl.precios]       ✓ INFO      [stdout] ✅ Histórico acumulado → NO_PRESENCIA_KPIS_HISTORICO.xlsx
2026-06-18 09:49:44  [etl.sos]           ✓ INFO      [stdout] ✅ Histórico acumulado → NO_PRESENCIA_KPIS_HISTORICO.xlsx
2026-06-18 09:49:44  [etl.nopresencia]   ✓ INFO      [stdout] ✅ Histórico acumulado → NO_PRESENCIA_KPIS_HISTORICO.xlsx
2026-06-18 09:49:44  [etl.exhib_gratis]  ✓ INFO      [stdout] ✅ Histórico acumulado → NO_PRESENCIA_KPIS_HISTORICO.xlsx
2026-06-18 09:49:44  [etl.exhib_pagadas]  ✓ INFO      [stdout] ✅ Histórico acumulado → NO_PRESENCIA_KPIS_HISTORICO.xlsx
2026-06-18 09:49:44  [etl.precios]       ✓ INFO      [stdout] ✅ Histórico acumulado → NO_PRESENCIA_KPIS_HISTORICO.xlsx
2026-06-18 09:49:44  [etl.nopresencia]   ✓ INFO      [stdout] ✅ Histórico acumulado → NO_PRESENCIA_KPIS_HISTORICO.xlsx
2026-06-18 09:49:44  [etl.sos]           ✓ INFO      [stdout] ✅ Histórico acumulado → NO_PRESENCIA_KPIS_HISTORICO.xlsx
2026-06-18 09:49:44  [etl.exhib_pagadas]  ✓ INFO      [stdout] ✅ Histórico acumulado → NO_PRESENCIA_KPIS_HISTORICO.xlsx
2026-06-18 09:49:44  [etl.precios]       ✓ INFO      [stdout] ✅ Histórico acumulado → NO_PRESENCIA_KPIS_HISTORICO.xlsx
2026-06-18 09:49:44  [etl.sos]           ✓ INFO      [stdout] ✅ Histórico acumulado → NO_PRESENCIA_KPIS_HISTORICO.xlsx
2026-06-18 09:49:44  [etl.nopresencia]   ✓ INFO      [stdout] ✅ Histórico acumulado → NO_PRESENCIA_KPIS_HISTORICO.xlsx
2026-06-18 09:49:44  [etl.cif]           ✓ INFO      [stdout] ✅ Histórico acumulado → NO_PRESENCIA_KPIS_HISTORICO.xlsx
2026-06-18 09:49:44  [etl.nopresencia]   ✓ INFO      KPI no presencia consolidado
2026-06-18 09:49:44  [etl.nopresencia]   ✓ INFO      ETL No Presencia — completado
2026-06-18 09:49:44  [etl.nopresencia]   ✓ INFO      Duración total: 246.6s
2026-06-18 09:49:44  [etl.orquestador]   ✓ INFO      ETL 'nopresencia' terminó — ✓ OK en 246.6s
2026-06-18 09:49:50  [etl.exhib_pagadas]  ✓ INFO      [stdout] ✅ Paso 3 finalizado. Condición de Checkout Manual obligatoria aplicada.
2026-06-18 09:49:50  [etl.precios]       ✓ INFO      [stdout] ✅ Paso 3 finalizado. Condición de Checkout Manual obligatoria aplicada.
2026-06-18 09:49:50  [etl.sos]           ✓ INFO      [stdout] ✅ Paso 3 finalizado. Condición de Checkout Manual obligatoria aplicada.
2026-06-18 09:49:50  [etl.nopresencia]   ✓ INFO      [stdout] ✅ Paso 3 finalizado. Condición de Checkout Manual obligatoria aplicada.
2026-06-18 09:49:50  [etl.exhib_gratis]  ✓ INFO      [stdout] ✅ Paso 3 finalizado. Condición de Checkout Manual obligatoria aplicada.
2026-06-18 09:49:50  [etl.exhib_pagadas]  ✓ INFO      [stdout] ✅ Paso 3 finalizado. Condición de Checkout Manual obligatoria aplicada.
2026-06-18 09:49:50  [etl.precios]       ✓ INFO      [stdout] ✅ Paso 3 finalizado. Condición de Checkout Manual obligatoria aplicada.
2026-06-18 09:49:50  [etl.nopresencia]   ✓ INFO      [stdout] ✅ Paso 3 finalizado. Condición de Checkout Manual obligatoria aplicada.
2026-06-18 09:49:50  [etl.sos]           ✓ INFO      [stdout] ✅ Paso 3 finalizado. Condición de Checkout Manual obligatoria aplicada.
2026-06-18 09:49:50  [etl.exhib_pagadas]  ✓ INFO      [stdout] ✅ Paso 3 finalizado. Condición de Checkout Manual obligatoria aplicada.
2026-06-18 09:49:50  [etl.precios]       ✓ INFO      [stdout] ✅ Paso 3 finalizado. Condición de Checkout Manual obligatoria aplicada.
2026-06-18 09:49:50  [etl.sos]           ✓ INFO      [stdout] ✅ Paso 3 finalizado. Condición de Checkout Manual obligatoria aplicada.
2026-06-18 09:49:50  [etl.cif]           ✓ INFO      Paso 4 — Justificaciones
2026-06-18 09:49:50  [etl.exhib_pagadas]  · DEBUG     [stdout] ========================================
2026-06-18 09:49:50  [etl.precios]       · DEBUG     [stdout] ========================================
2026-06-18 09:49:50  [etl.sos]           · DEBUG     [stdout] ========================================
2026-06-18 09:49:50  [etl.nopresencia]   · DEBUG     [stdout] ========================================
2026-06-18 09:49:50  [etl.exhib_gratis]  · DEBUG     [stdout] ========================================
2026-06-18 09:49:50  [etl.exhib_pagadas]  · DEBUG     [stdout] ========================================
2026-06-18 09:49:50  [etl.precios]       · DEBUG     [stdout] ========================================
2026-06-18 09:49:50  [etl.nopresencia]   · DEBUG     [stdout] ========================================
2026-06-18 09:49:50  [etl.sos]           · DEBUG     [stdout] ========================================
2026-06-18 09:49:50  [etl.exhib_pagadas]  · DEBUG     [stdout] ========================================
2026-06-18 09:49:50  [etl.precios]       · DEBUG     [stdout] ========================================
2026-06-18 09:49:50  [etl.sos]           · DEBUG     [stdout] ========================================
2026-06-18 09:49:50  [etl.exhib_pagadas]  · DEBUG     [stdout] INICIANDO PASO 4: JUSTIFICACIONES (CRUCE PRIORIZANDO BASE VENTAS)  (Mayo_2026)
2026-06-18 09:49:50  [etl.precios]       · DEBUG     [stdout] INICIANDO PASO 4: JUSTIFICACIONES (CRUCE PRIORIZANDO BASE VENTAS)  (Mayo_2026)
2026-06-18 09:49:50  [etl.sos]           · DEBUG     [stdout] INICIANDO PASO 4: JUSTIFICACIONES (CRUCE PRIORIZANDO BASE VENTAS)  (Mayo_2026)
2026-06-18 09:49:50  [etl.nopresencia]   · DEBUG     [stdout] INICIANDO PASO 4: JUSTIFICACIONES (CRUCE PRIORIZANDO BASE VENTAS)  (Mayo_2026)
2026-06-18 09:49:50  [etl.exhib_gratis]  · DEBUG     [stdout] INICIANDO PASO 4: JUSTIFICACIONES (CRUCE PRIORIZANDO BASE VENTAS)  (Mayo_2026)
2026-06-18 09:49:50  [etl.exhib_pagadas]  · DEBUG     [stdout] INICIANDO PASO 4: JUSTIFICACIONES (CRUCE PRIORIZANDO BASE VENTAS)  (Mayo_2026)
2026-06-18 09:49:50  [etl.precios]       · DEBUG     [stdout] INICIANDO PASO 4: JUSTIFICACIONES (CRUCE PRIORIZANDO BASE VENTAS)  (Mayo_2026)
2026-06-18 09:49:50  [etl.nopresencia]   · DEBUG     [stdout] INICIANDO PASO 4: JUSTIFICACIONES (CRUCE PRIORIZANDO BASE VENTAS)  (Mayo_2026)
2026-06-18 09:49:50  [etl.sos]           · DEBUG     [stdout] INICIANDO PASO 4: JUSTIFICACIONES (CRUCE PRIORIZANDO BASE VENTAS)  (Mayo_2026)
2026-06-18 09:49:50  [etl.exhib_pagadas]  · DEBUG     [stdout] INICIANDO PASO 4: JUSTIFICACIONES (CRUCE PRIORIZANDO BASE VENTAS)  (Mayo_2026)
2026-06-18 09:49:50  [etl.precios]       · DEBUG     [stdout] INICIANDO PASO 4: JUSTIFICACIONES (CRUCE PRIORIZANDO BASE VENTAS)  (Mayo_2026)
2026-06-18 09:49:50  [etl.sos]           · DEBUG     [stdout] INICIANDO PASO 4: JUSTIFICACIONES (CRUCE PRIORIZANDO BASE VENTAS)  (Mayo_2026)
2026-06-18 09:49:50  [etl.exhib_pagadas]  · DEBUG     [stdout] ========================================
2026-06-18 09:49:50  [etl.precios]       · DEBUG     [stdout] ========================================
2026-06-18 09:49:50  [etl.sos]           · DEBUG     [stdout] ========================================
2026-06-18 09:49:50  [etl.nopresencia]   · DEBUG     [stdout] ========================================
2026-06-18 09:49:50  [etl.exhib_gratis]  · DEBUG     [stdout] ========================================
2026-06-18 09:49:50  [etl.exhib_pagadas]  · DEBUG     [stdout] ========================================
2026-06-18 09:49:50  [etl.precios]       · DEBUG     [stdout] ========================================
2026-06-18 09:49:50  [etl.nopresencia]   · DEBUG     [stdout] ========================================
2026-06-18 09:49:50  [etl.sos]           · DEBUG     [stdout] ========================================
2026-06-18 09:49:50  [etl.exhib_pagadas]  · DEBUG     [stdout] ========================================
2026-06-18 09:49:50  [etl.precios]       · DEBUG     [stdout] ========================================
2026-06-18 09:49:50  [etl.sos]           · DEBUG     [stdout] ========================================
2026-06-18 09:49:51  [etl.exhib_pagadas]  ✓ INFO      [stdout] ✅ EXITO: Encuestas unidas (2 archivo(s)).
2026-06-18 09:49:51  [etl.precios]       ✓ INFO      [stdout] ✅ EXITO: Encuestas unidas (2 archivo(s)).
2026-06-18 09:49:51  [etl.sos]           ✓ INFO      [stdout] ✅ EXITO: Encuestas unidas (2 archivo(s)).
2026-06-18 09:49:51  [etl.nopresencia]   ✓ INFO      [stdout] ✅ EXITO: Encuestas unidas (2 archivo(s)).
2026-06-18 09:49:51  [etl.exhib_gratis]  ✓ INFO      [stdout] ✅ EXITO: Encuestas unidas (2 archivo(s)).
2026-06-18 09:49:51  [etl.exhib_pagadas]  ✓ INFO      [stdout] ✅ EXITO: Encuestas unidas (2 archivo(s)).
2026-06-18 09:49:51  [etl.precios]       ✓ INFO      [stdout] ✅ EXITO: Encuestas unidas (2 archivo(s)).
2026-06-18 09:49:51  [etl.nopresencia]   ✓ INFO      [stdout] ✅ EXITO: Encuestas unidas (2 archivo(s)).
2026-06-18 09:49:51  [etl.sos]           ✓ INFO      [stdout] ✅ EXITO: Encuestas unidas (2 archivo(s)).
2026-06-18 09:49:51  [etl.exhib_pagadas]  ✓ INFO      [stdout] ✅ EXITO: Encuestas unidas (2 archivo(s)).
2026-06-18 09:49:51  [etl.precios]       ✓ INFO      [stdout] ✅ EXITO: Encuestas unidas (2 archivo(s)).
2026-06-18 09:49:51  [etl.sos]           ✓ INFO      [stdout] ✅ EXITO: Encuestas unidas (2 archivo(s)).
2026-06-18 09:49:51  [etl.sos]           ✓ INFO      Encuestas SOS consolidadas
2026-06-18 09:49:51  [etl.exhib_pagadas]  · DEBUG     [stdout] --- PASO 3: Generando Reporte de Cumplimiento  (Mayo_2026) ---
2026-06-18 09:49:51  [etl.precios]       · DEBUG     [stdout] --- PASO 3: Generando Reporte de Cumplimiento  (Mayo_2026) ---
2026-06-18 09:49:51  [etl.sos]           · DEBUG     [stdout] --- PASO 3: Generando Reporte de Cumplimiento  (Mayo_2026) ---
2026-06-18 09:49:51  [etl.nopresencia]   · DEBUG     [stdout] --- PASO 3: Generando Reporte de Cumplimiento  (Mayo_2026) ---
2026-06-18 09:49:51  [etl.exhib_gratis]  · DEBUG     [stdout] --- PASO 3: Generando Reporte de Cumplimiento  (Mayo_2026) ---
2026-06-18 09:49:51  [etl.exhib_pagadas]  · DEBUG     [stdout] --- PASO 3: Generando Reporte de Cumplimiento  (Mayo_2026) ---
2026-06-18 09:49:51  [etl.precios]       · DEBUG     [stdout] --- PASO 3: Generando Reporte de Cumplimiento  (Mayo_2026) ---
2026-06-18 09:49:51  [etl.nopresencia]   · DEBUG     [stdout] --- PASO 3: Generando Reporte de Cumplimiento  (Mayo_2026) ---
2026-06-18 09:49:51  [etl.sos]           · DEBUG     [stdout] --- PASO 3: Generando Reporte de Cumplimiento  (Mayo_2026) ---
2026-06-18 09:49:51  [etl.exhib_pagadas]  · DEBUG     [stdout] --- PASO 3: Generando Reporte de Cumplimiento  (Mayo_2026) ---
2026-06-18 09:49:51  [etl.precios]       · DEBUG     [stdout] --- PASO 3: Generando Reporte de Cumplimiento  (Mayo_2026) ---
2026-06-18 09:49:51  [etl.sos]           · DEBUG     [stdout] --- PASO 3: Generando Reporte de Cumplimiento  (Mayo_2026) ---
2026-06-18 09:50:15  [etl.exhib_pagadas]  ✓ INFO      [stdout] ✅ EXITO: Reporte de capturas generado con Captura Planeada, Fechas y periodo Mayo_2026.
2026-06-18 09:50:15  [etl.precios]       ✓ INFO      [stdout] ✅ EXITO: Reporte de capturas generado con Captura Planeada, Fechas y periodo Mayo_2026.
2026-06-18 09:50:15  [etl.sos]           ✓ INFO      [stdout] ✅ EXITO: Reporte de capturas generado con Captura Planeada, Fechas y periodo Mayo_2026.
2026-06-18 09:50:15  [etl.nopresencia]   ✓ INFO      [stdout] ✅ EXITO: Reporte de capturas generado con Captura Planeada, Fechas y periodo Mayo_2026.
2026-06-18 09:50:15  [etl.exhib_gratis]  ✓ INFO      [stdout] ✅ EXITO: Reporte de capturas generado con Captura Planeada, Fechas y periodo Mayo_2026.
2026-06-18 09:50:15  [etl.exhib_pagadas]  ✓ INFO      [stdout] ✅ EXITO: Reporte de capturas generado con Captura Planeada, Fechas y periodo Mayo_2026.
2026-06-18 09:50:15  [etl.precios]       ✓ INFO      [stdout] ✅ EXITO: Reporte de capturas generado con Captura Planeada, Fechas y periodo Mayo_2026.
2026-06-18 09:50:15  [etl.nopresencia]   ✓ INFO      [stdout] ✅ EXITO: Reporte de capturas generado con Captura Planeada, Fechas y periodo Mayo_2026.
2026-06-18 09:50:15  [etl.sos]           ✓ INFO      [stdout] ✅ EXITO: Reporte de capturas generado con Captura Planeada, Fechas y periodo Mayo_2026.
2026-06-18 09:50:15  [etl.exhib_pagadas]  ✓ INFO      [stdout] ✅ EXITO: Reporte de capturas generado con Captura Planeada, Fechas y periodo Mayo_2026.
2026-06-18 09:50:15  [etl.precios]       ✓ INFO      [stdout] ✅ EXITO: Reporte de capturas generado con Captura Planeada, Fechas y periodo Mayo_2026.
2026-06-18 09:50:15  [etl.sos]           ✓ INFO      [stdout] ✅ EXITO: Reporte de capturas generado con Captura Planeada, Fechas y periodo Mayo_2026.
2026-06-18 09:50:15  [etl.sos]           ✓ INFO      Cumplimiento de captura calculado
2026-06-18 09:50:15  [etl.exhib_pagadas]  · DEBUG     [stdout] --- PASO 4: Normalizando Target  (Mayo_2026) ---
2026-06-18 09:50:15  [etl.precios]       · DEBUG     [stdout] --- PASO 4: Normalizando Target  (Mayo_2026) ---
2026-06-18 09:50:15  [etl.sos]           · DEBUG     [stdout] --- PASO 4: Normalizando Target  (Mayo_2026) ---
2026-06-18 09:50:15  [etl.nopresencia]   · DEBUG     [stdout] --- PASO 4: Normalizando Target  (Mayo_2026) ---
2026-06-18 09:50:15  [etl.exhib_gratis]  · DEBUG     [stdout] --- PASO 4: Normalizando Target  (Mayo_2026) ---
2026-06-18 09:50:15  [etl.exhib_pagadas]  · DEBUG     [stdout] --- PASO 4: Normalizando Target  (Mayo_2026) ---
2026-06-18 09:50:15  [etl.precios]       · DEBUG     [stdout] --- PASO 4: Normalizando Target  (Mayo_2026) ---
2026-06-18 09:50:15  [etl.nopresencia]   · DEBUG     [stdout] --- PASO 4: Normalizando Target  (Mayo_2026) ---
2026-06-18 09:50:15  [etl.sos]           · DEBUG     [stdout] --- PASO 4: Normalizando Target  (Mayo_2026) ---
2026-06-18 09:50:15  [etl.exhib_pagadas]  · DEBUG     [stdout] --- PASO 4: Normalizando Target  (Mayo_2026) ---
2026-06-18 09:50:15  [etl.precios]       · DEBUG     [stdout] --- PASO 4: Normalizando Target  (Mayo_2026) ---
2026-06-18 09:50:15  [etl.sos]           · DEBUG     [stdout] --- PASO 4: Normalizando Target  (Mayo_2026) ---
2026-06-18 09:50:15  [etl.exhib_pagadas]  · DEBUG     [stdout] 📂 Archivo detectado: Colombia-sos-target-202605.xlsx
2026-06-18 09:50:15  [etl.precios]       · DEBUG     [stdout] 📂 Archivo detectado: Colombia-sos-target-202605.xlsx
2026-06-18 09:50:15  [etl.sos]           · DEBUG     [stdout] 📂 Archivo detectado: Colombia-sos-target-202605.xlsx
2026-06-18 09:50:15  [etl.nopresencia]   · DEBUG     [stdout] 📂 Archivo detectado: Colombia-sos-target-202605.xlsx
2026-06-18 09:50:15  [etl.exhib_gratis]  · DEBUG     [stdout] 📂 Archivo detectado: Colombia-sos-target-202605.xlsx
2026-06-18 09:50:15  [etl.exhib_pagadas]  · DEBUG     [stdout] 📂 Archivo detectado: Colombia-sos-target-202605.xlsx
2026-06-18 09:50:15  [etl.precios]       · DEBUG     [stdout] 📂 Archivo detectado: Colombia-sos-target-202605.xlsx
2026-06-18 09:50:15  [etl.nopresencia]   · DEBUG     [stdout] 📂 Archivo detectado: Colombia-sos-target-202605.xlsx
2026-06-18 09:50:15  [etl.sos]           · DEBUG     [stdout] 📂 Archivo detectado: Colombia-sos-target-202605.xlsx
2026-06-18 09:50:15  [etl.exhib_pagadas]  · DEBUG     [stdout] 📂 Archivo detectado: Colombia-sos-target-202605.xlsx
2026-06-18 09:50:15  [etl.precios]       · DEBUG     [stdout] 📂 Archivo detectado: Colombia-sos-target-202605.xlsx
2026-06-18 09:50:15  [etl.sos]           · DEBUG     [stdout] 📂 Archivo detectado: Colombia-sos-target-202605.xlsx
2026-06-18 09:50:41  [etl.exhib_pagadas]  ✓ INFO      [stdout] ✅ EXITO: Target normalizado guardado en: C:\Users\Usuario\OneDrive - Universidad de los Andes\Escritorio\PROYECTO_EFICACIA\BASES\SOS\Colombia_sos_target_Normalizado.xlsx
2026-06-18 09:50:41  [etl.precios]       ✓ INFO      [stdout] ✅ EXITO: Target normalizado guardado en: C:\Users\Usuario\OneDrive - Universidad de los Andes\Escritorio\PROYECTO_EFICACIA\BASES\SOS\Colombia_sos_target_Normalizado.xlsx
2026-06-18 09:50:41  [etl.sos]           ✓ INFO      [stdout] ✅ EXITO: Target normalizado guardado en: C:\Users\Usuario\OneDrive - Universidad de los Andes\Escritorio\PROYECTO_EFICACIA\BASES\SOS\Colombia_sos_target_Normalizado.xlsx
2026-06-18 09:50:41  [etl.nopresencia]   ✓ INFO      [stdout] ✅ EXITO: Target normalizado guardado en: C:\Users\Usuario\OneDrive - Universidad de los Andes\Escritorio\PROYECTO_EFICACIA\BASES\SOS\Colombia_sos_target_Normalizado.xlsx
2026-06-18 09:50:41  [etl.exhib_gratis]  ✓ INFO      [stdout] ✅ EXITO: Target normalizado guardado en: C:\Users\Usuario\OneDrive - Universidad de los Andes\Escritorio\PROYECTO_EFICACIA\BASES\SOS\Colombia_sos_target_Normalizado.xlsx
2026-06-18 09:50:41  [etl.exhib_pagadas]  ✓ INFO      [stdout] ✅ EXITO: Target normalizado guardado en: C:\Users\Usuario\OneDrive - Universidad de los Andes\Escritorio\PROYECTO_EFICACIA\BASES\SOS\Colombia_sos_target_Normalizado.xlsx
2026-06-18 09:50:41  [etl.precios]       ✓ INFO      [stdout] ✅ EXITO: Target normalizado guardado en: C:\Users\Usuario\OneDrive - Universidad de los Andes\Escritorio\PROYECTO_EFICACIA\BASES\SOS\Colombia_sos_target_Normalizado.xlsx
2026-06-18 09:50:41  [etl.nopresencia]   ✓ INFO      [stdout] ✅ EXITO: Target normalizado guardado en: C:\Users\Usuario\OneDrive - Universidad de los Andes\Escritorio\PROYECTO_EFICACIA\BASES\SOS\Colombia_sos_target_Normalizado.xlsx
2026-06-18 09:50:41  [etl.sos]           ✓ INFO      [stdout] ✅ EXITO: Target normalizado guardado en: C:\Users\Usuario\OneDrive - Universidad de los Andes\Escritorio\PROYECTO_EFICACIA\BASES\SOS\Colombia_sos_target_Normalizado.xlsx
2026-06-18 09:50:41  [etl.exhib_pagadas]  ✓ INFO      [stdout] ✅ EXITO: Target normalizado guardado en: C:\Users\Usuario\OneDrive - Universidad de los Andes\Escritorio\PROYECTO_EFICACIA\BASES\SOS\Colombia_sos_target_Normalizado.xlsx
2026-06-18 09:50:41  [etl.precios]       ✓ INFO      [stdout] ✅ EXITO: Target normalizado guardado en: C:\Users\Usuario\OneDrive - Universidad de los Andes\Escritorio\PROYECTO_EFICACIA\BASES\SOS\Colombia_sos_target_Normalizado.xlsx
2026-06-18 09:50:41  [etl.sos]           ✓ INFO      [stdout] ✅ EXITO: Target normalizado guardado en: C:\Users\Usuario\OneDrive - Universidad de los Andes\Escritorio\PROYECTO_EFICACIA\BASES\SOS\Colombia_sos_target_Normalizado.xlsx
2026-06-18 09:50:41  [etl.sos]           ✓ INFO      Target normalizado
2026-06-18 09:50:41  [etl.exhib_pagadas]  · DEBUG     [stdout] --- PASO 5: Generando Reporte Final (Cruce Triple y Cálculos)  (Mayo_2026) ---
2026-06-18 09:50:41  [etl.precios]       · DEBUG     [stdout] --- PASO 5: Generando Reporte Final (Cruce Triple y Cálculos)  (Mayo_2026) ---
2026-06-18 09:50:41  [etl.sos]           · DEBUG     [stdout] --- PASO 5: Generando Reporte Final (Cruce Triple y Cálculos)  (Mayo_2026) ---
2026-06-18 09:50:41  [etl.nopresencia]   · DEBUG     [stdout] --- PASO 5: Generando Reporte Final (Cruce Triple y Cálculos)  (Mayo_2026) ---
2026-06-18 09:50:41  [etl.exhib_gratis]  · DEBUG     [stdout] --- PASO 5: Generando Reporte Final (Cruce Triple y Cálculos)  (Mayo_2026) ---
2026-06-18 09:50:41  [etl.exhib_pagadas]  · DEBUG     [stdout] --- PASO 5: Generando Reporte Final (Cruce Triple y Cálculos)  (Mayo_2026) ---
2026-06-18 09:50:41  [etl.precios]       · DEBUG     [stdout] --- PASO 5: Generando Reporte Final (Cruce Triple y Cálculos)  (Mayo_2026) ---
2026-06-18 09:50:41  [etl.nopresencia]   · DEBUG     [stdout] --- PASO 5: Generando Reporte Final (Cruce Triple y Cálculos)  (Mayo_2026) ---
2026-06-18 09:50:41  [etl.sos]           · DEBUG     [stdout] --- PASO 5: Generando Reporte Final (Cruce Triple y Cálculos)  (Mayo_2026) ---
2026-06-18 09:50:41  [etl.exhib_pagadas]  · DEBUG     [stdout] --- PASO 5: Generando Reporte Final (Cruce Triple y Cálculos)  (Mayo_2026) ---
2026-06-18 09:50:41  [etl.precios]       · DEBUG     [stdout] --- PASO 5: Generando Reporte Final (Cruce Triple y Cálculos)  (Mayo_2026) ---
2026-06-18 09:50:41  [etl.sos]           · DEBUG     [stdout] --- PASO 5: Generando Reporte Final (Cruce Triple y Cálculos)  (Mayo_2026) ---
2026-06-18 09:51:05  [etl.exhib_pagadas]  ⚠ WARNING   [stdout] ⚠️  No se pudo leer el reporte SOS previo (Reindexing only valid with uniquely valued Index objects); se sobrescribe.
2026-06-18 09:51:05  [etl.precios]       ⚠ WARNING   [stdout] ⚠️  No se pudo leer el reporte SOS previo (Reindexing only valid with uniquely valued Index objects); se sobrescribe.
2026-06-18 09:51:05  [etl.sos]           ⚠ WARNING   [stdout] ⚠️  No se pudo leer el reporte SOS previo (Reindexing only valid with uniquely valued Index objects); se sobrescribe.
2026-06-18 09:51:05  [etl.nopresencia]   ⚠ WARNING   [stdout] ⚠️  No se pudo leer el reporte SOS previo (Reindexing only valid with uniquely valued Index objects); se sobrescribe.
2026-06-18 09:51:05  [etl.exhib_gratis]  ⚠ WARNING   [stdout] ⚠️  No se pudo leer el reporte SOS previo (Reindexing only valid with uniquely valued Index objects); se sobrescribe.
2026-06-18 09:51:05  [etl.exhib_pagadas]  ⚠ WARNING   [stdout] ⚠️  No se pudo leer el reporte SOS previo (Reindexing only valid with uniquely valued Index objects); se sobrescribe.
2026-06-18 09:51:05  [etl.precios]       ⚠ WARNING   [stdout] ⚠️  No se pudo leer el reporte SOS previo (Reindexing only valid with uniquely valued Index objects); se sobrescribe.
2026-06-18 09:51:05  [etl.nopresencia]   ⚠ WARNING   [stdout] ⚠️  No se pudo leer el reporte SOS previo (Reindexing only valid with uniquely valued Index objects); se sobrescribe.
2026-06-18 09:51:05  [etl.sos]           ⚠ WARNING   [stdout] ⚠️  No se pudo leer el reporte SOS previo (Reindexing only valid with uniquely valued Index objects); se sobrescribe.
2026-06-18 09:51:05  [etl.exhib_pagadas]  ⚠ WARNING   [stdout] ⚠️  No se pudo leer el reporte SOS previo (Reindexing only valid with uniquely valued Index objects); se sobrescribe.
2026-06-18 09:51:05  [etl.precios]       ⚠ WARNING   [stdout] ⚠️  No se pudo leer el reporte SOS previo (Reindexing only valid with uniquely valued Index objects); se sobrescribe.
2026-06-18 09:51:05  [etl.sos]           ⚠ WARNING   [stdout] ⚠️  No se pudo leer el reporte SOS previo (Reindexing only valid with uniquely valued Index objects); se sobrescribe.
2026-06-18 09:51:10  [etl.exhib_pagadas]  ✓ INFO      [stdout] ✅ EXITO: Reporte Final SOS (Mayo_2026) generado en: C:\Users\Usuario\OneDrive - Universidad de los Andes\Escritorio\PROYECTO_EFICACIA\SALIDA\SOS\Reporte_SOS_Final_Calculado.xlsx
2026-06-18 09:51:10  [etl.precios]       ✓ INFO      [stdout] ✅ EXITO: Reporte Final SOS (Mayo_2026) generado en: C:\Users\Usuario\OneDrive - Universidad de los Andes\Escritorio\PROYECTO_EFICACIA\SALIDA\SOS\Reporte_SOS_Final_Calculado.xlsx
2026-06-18 09:51:10  [etl.sos]           ✓ INFO      [stdout] ✅ EXITO: Reporte Final SOS (Mayo_2026) generado en: C:\Users\Usuario\OneDrive - Universidad de los Andes\Escritorio\PROYECTO_EFICACIA\SALIDA\SOS\Reporte_SOS_Final_Calculado.xlsx
2026-06-18 09:51:10  [etl.nopresencia]   ✓ INFO      [stdout] ✅ EXITO: Reporte Final SOS (Mayo_2026) generado en: C:\Users\Usuario\OneDrive - Universidad de los Andes\Escritorio\PROYECTO_EFICACIA\SALIDA\SOS\Reporte_SOS_Final_Calculado.xlsx
2026-06-18 09:51:10  [etl.exhib_gratis]  ✓ INFO      [stdout] ✅ EXITO: Reporte Final SOS (Mayo_2026) generado en: C:\Users\Usuario\OneDrive - Universidad de los Andes\Escritorio\PROYECTO_EFICACIA\SALIDA\SOS\Reporte_SOS_Final_Calculado.xlsx
2026-06-18 09:51:10  [etl.exhib_pagadas]  ✓ INFO      [stdout] ✅ EXITO: Reporte Final SOS (Mayo_2026) generado en: C:\Users\Usuario\OneDrive - Universidad de los Andes\Escritorio\PROYECTO_EFICACIA\SALIDA\SOS\Reporte_SOS_Final_Calculado.xlsx
2026-06-18 09:51:10  [etl.precios]       ✓ INFO      [stdout] ✅ EXITO: Reporte Final SOS (Mayo_2026) generado en: C:\Users\Usuario\OneDrive - Universidad de los Andes\Escritorio\PROYECTO_EFICACIA\SALIDA\SOS\Reporte_SOS_Final_Calculado.xlsx
2026-06-18 09:51:10  [etl.nopresencia]   ✓ INFO      [stdout] ✅ EXITO: Reporte Final SOS (Mayo_2026) generado en: C:\Users\Usuario\OneDrive - Universidad de los Andes\Escritorio\PROYECTO_EFICACIA\SALIDA\SOS\Reporte_SOS_Final_Calculado.xlsx
2026-06-18 09:51:10  [etl.sos]           ✓ INFO      [stdout] ✅ EXITO: Reporte Final SOS (Mayo_2026) generado en: C:\Users\Usuario\OneDrive - Universidad de los Andes\Escritorio\PROYECTO_EFICACIA\SALIDA\SOS\Reporte_SOS_Final_Calculado.xlsx
2026-06-18 09:51:10  [etl.exhib_pagadas]  ✓ INFO      [stdout] ✅ EXITO: Reporte Final SOS (Mayo_2026) generado en: C:\Users\Usuario\OneDrive - Universidad de los Andes\Escritorio\PROYECTO_EFICACIA\SALIDA\SOS\Reporte_SOS_Final_Calculado.xlsx
2026-06-18 09:51:10  [etl.precios]       ✓ INFO      [stdout] ✅ EXITO: Reporte Final SOS (Mayo_2026) generado en: C:\Users\Usuario\OneDrive - Universidad de los Andes\Escritorio\PROYECTO_EFICACIA\SALIDA\SOS\Reporte_SOS_Final_Calculado.xlsx
2026-06-18 09:51:10  [etl.sos]           ✓ INFO      [stdout] ✅ EXITO: Reporte Final SOS (Mayo_2026) generado en: C:\Users\Usuario\OneDrive - Universidad de los Andes\Escritorio\PROYECTO_EFICACIA\SALIDA\SOS\Reporte_SOS_Final_Calculado.xlsx
2026-06-18 09:51:10  [etl.sos]           ✓ INFO      Cruce triple y cálculo SOS completado
2026-06-18 09:51:10  [etl.exhib_pagadas]  · DEBUG     [stdout] --- PASO 6 (V3): RESUMEN KPI SOS por gestor  (Mayo_2026) ---
2026-06-18 09:51:10  [etl.precios]       · DEBUG     [stdout] --- PASO 6 (V3): RESUMEN KPI SOS por gestor  (Mayo_2026) ---
2026-06-18 09:51:10  [etl.sos]           · DEBUG     [stdout] --- PASO 6 (V3): RESUMEN KPI SOS por gestor  (Mayo_2026) ---
2026-06-18 09:51:10  [etl.nopresencia]   · DEBUG     [stdout] --- PASO 6 (V3): RESUMEN KPI SOS por gestor  (Mayo_2026) ---
2026-06-18 09:51:10  [etl.exhib_gratis]  · DEBUG     [stdout] --- PASO 6 (V3): RESUMEN KPI SOS por gestor  (Mayo_2026) ---
2026-06-18 09:51:10  [etl.exhib_pagadas]  · DEBUG     [stdout] --- PASO 6 (V3): RESUMEN KPI SOS por gestor  (Mayo_2026) ---
2026-06-18 09:51:10  [etl.precios]       · DEBUG     [stdout] --- PASO 6 (V3): RESUMEN KPI SOS por gestor  (Mayo_2026) ---
2026-06-18 09:51:10  [etl.nopresencia]   · DEBUG     [stdout] --- PASO 6 (V3): RESUMEN KPI SOS por gestor  (Mayo_2026) ---
2026-06-18 09:51:10  [etl.sos]           · DEBUG     [stdout] --- PASO 6 (V3): RESUMEN KPI SOS por gestor  (Mayo_2026) ---
2026-06-18 09:51:10  [etl.exhib_pagadas]  · DEBUG     [stdout] --- PASO 6 (V3): RESUMEN KPI SOS por gestor  (Mayo_2026) ---
2026-06-18 09:51:10  [etl.precios]       · DEBUG     [stdout] --- PASO 6 (V3): RESUMEN KPI SOS por gestor  (Mayo_2026) ---
2026-06-18 09:51:10  [etl.sos]           · DEBUG     [stdout] --- PASO 6 (V3): RESUMEN KPI SOS por gestor  (Mayo_2026) ---
2026-06-18 09:51:11  [etl.exhib_pagadas]  · DEBUG     [stdout] Leyendo: Cumplimiento_Captura_SOS.xlsx (482 filas)
2026-06-18 09:51:11  [etl.precios]       · DEBUG     [stdout] Leyendo: Cumplimiento_Captura_SOS.xlsx (482 filas)
2026-06-18 09:51:11  [etl.sos]           · DEBUG     [stdout] Leyendo: Cumplimiento_Captura_SOS.xlsx (482 filas)
2026-06-18 09:51:11  [etl.nopresencia]   · DEBUG     [stdout] Leyendo: Cumplimiento_Captura_SOS.xlsx (482 filas)
2026-06-18 09:51:11  [etl.exhib_gratis]  · DEBUG     [stdout] Leyendo: Cumplimiento_Captura_SOS.xlsx (482 filas)
2026-06-18 09:51:11  [etl.exhib_pagadas]  · DEBUG     [stdout] Leyendo: Cumplimiento_Captura_SOS.xlsx (482 filas)
2026-06-18 09:51:11  [etl.precios]       · DEBUG     [stdout] Leyendo: Cumplimiento_Captura_SOS.xlsx (482 filas)
2026-06-18 09:51:11  [etl.nopresencia]   · DEBUG     [stdout] Leyendo: Cumplimiento_Captura_SOS.xlsx (482 filas)
2026-06-18 09:51:11  [etl.sos]           · DEBUG     [stdout] Leyendo: Cumplimiento_Captura_SOS.xlsx (482 filas)
2026-06-18 09:51:11  [etl.exhib_pagadas]  · DEBUG     [stdout] Leyendo: Cumplimiento_Captura_SOS.xlsx (482 filas)
2026-06-18 09:51:11  [etl.precios]       · DEBUG     [stdout] Leyendo: Cumplimiento_Captura_SOS.xlsx (482 filas)
2026-06-18 09:51:11  [etl.sos]           · DEBUG     [stdout] Leyendo: Cumplimiento_Captura_SOS.xlsx (482 filas)
2026-06-18 09:51:12  [etl.exhib_pagadas]  ✓ INFO      [stdout] ✅ Mes activo: 74 gestores → SOS_KPIS.xlsx
2026-06-18 09:51:12  [etl.precios]       ✓ INFO      [stdout] ✅ Mes activo: 74 gestores → SOS_KPIS.xlsx
2026-06-18 09:51:12  [etl.sos]           ✓ INFO      [stdout] ✅ Mes activo: 74 gestores → SOS_KPIS.xlsx
2026-06-18 09:51:12  [etl.nopresencia]   ✓ INFO      [stdout] ✅ Mes activo: 74 gestores → SOS_KPIS.xlsx
2026-06-18 09:51:12  [etl.exhib_gratis]  ✓ INFO      [stdout] ✅ Mes activo: 74 gestores → SOS_KPIS.xlsx
2026-06-18 09:51:12  [etl.exhib_pagadas]  ✓ INFO      [stdout] ✅ Mes activo: 74 gestores → SOS_KPIS.xlsx
2026-06-18 09:51:12  [etl.precios]       ✓ INFO      [stdout] ✅ Mes activo: 74 gestores → SOS_KPIS.xlsx
2026-06-18 09:51:12  [etl.nopresencia]   ✓ INFO      [stdout] ✅ Mes activo: 74 gestores → SOS_KPIS.xlsx
2026-06-18 09:51:12  [etl.sos]           ✓ INFO      [stdout] ✅ Mes activo: 74 gestores → SOS_KPIS.xlsx
2026-06-18 09:51:12  [etl.exhib_pagadas]  ✓ INFO      [stdout] ✅ Mes activo: 74 gestores → SOS_KPIS.xlsx
2026-06-18 09:51:12  [etl.precios]       ✓ INFO      [stdout] ✅ Mes activo: 74 gestores → SOS_KPIS.xlsx
2026-06-18 09:51:12  [etl.sos]           ✓ INFO      [stdout] ✅ Mes activo: 74 gestores → SOS_KPIS.xlsx
2026-06-18 09:51:12  [etl.exhib_pagadas]  ✓ INFO      [stdout] ✅ Histórico acumulado → SOS_KPIS_HISTORICO.xlsx
2026-06-18 09:51:12  [etl.precios]       ✓ INFO      [stdout] ✅ Histórico acumulado → SOS_KPIS_HISTORICO.xlsx
2026-06-18 09:51:12  [etl.sos]           ✓ INFO      [stdout] ✅ Histórico acumulado → SOS_KPIS_HISTORICO.xlsx
2026-06-18 09:51:12  [etl.nopresencia]   ✓ INFO      [stdout] ✅ Histórico acumulado → SOS_KPIS_HISTORICO.xlsx
2026-06-18 09:51:12  [etl.exhib_gratis]  ✓ INFO      [stdout] ✅ Histórico acumulado → SOS_KPIS_HISTORICO.xlsx
2026-06-18 09:51:12  [etl.exhib_pagadas]  ✓ INFO      [stdout] ✅ Histórico acumulado → SOS_KPIS_HISTORICO.xlsx
2026-06-18 09:51:12  [etl.precios]       ✓ INFO      [stdout] ✅ Histórico acumulado → SOS_KPIS_HISTORICO.xlsx
2026-06-18 09:51:12  [etl.nopresencia]   ✓ INFO      [stdout] ✅ Histórico acumulado → SOS_KPIS_HISTORICO.xlsx
2026-06-18 09:51:12  [etl.sos]           ✓ INFO      [stdout] ✅ Histórico acumulado → SOS_KPIS_HISTORICO.xlsx
2026-06-18 09:51:12  [etl.exhib_pagadas]  ✓ INFO      [stdout] ✅ Histórico acumulado → SOS_KPIS_HISTORICO.xlsx
2026-06-18 09:51:12  [etl.precios]       ✓ INFO      [stdout] ✅ Histórico acumulado → SOS_KPIS_HISTORICO.xlsx
2026-06-18 09:51:12  [etl.sos]           ✓ INFO      [stdout] ✅ Histórico acumulado → SOS_KPIS_HISTORICO.xlsx
2026-06-18 09:51:12  [etl.sos]           ✓ INFO      KPI SOS consolidado
2026-06-18 09:51:12  [etl.sos]           ✓ INFO      ETL SOS — completado
2026-06-18 09:51:13  [etl.sos]           ✓ INFO      Duración total: 335.0s
2026-06-18 09:51:13  [etl.orquestador]   ✓ INFO      ETL 'sos' terminó — ✓ OK en 335.0s
2026-06-18 09:51:13  [etl.exhib_pagadas]  ✓ INFO      [stdout] ✅ Paso 4 finalizado: IDs unificados (Ventas > Plan) y justificaciones procesadas.
2026-06-18 09:51:13  [etl.precios]       ✓ INFO      [stdout] ✅ Paso 4 finalizado: IDs unificados (Ventas > Plan) y justificaciones procesadas.
2026-06-18 09:51:13  [etl.sos]           ✓ INFO      [stdout] ✅ Paso 4 finalizado: IDs unificados (Ventas > Plan) y justificaciones procesadas.
2026-06-18 09:51:13  [etl.nopresencia]   ✓ INFO      [stdout] ✅ Paso 4 finalizado: IDs unificados (Ventas > Plan) y justificaciones procesadas.
2026-06-18 09:51:13  [etl.exhib_gratis]  ✓ INFO      [stdout] ✅ Paso 4 finalizado: IDs unificados (Ventas > Plan) y justificaciones procesadas.
2026-06-18 09:51:13  [etl.exhib_pagadas]  ✓ INFO      [stdout] ✅ Paso 4 finalizado: IDs unificados (Ventas > Plan) y justificaciones procesadas.
2026-06-18 09:51:13  [etl.precios]       ✓ INFO      [stdout] ✅ Paso 4 finalizado: IDs unificados (Ventas > Plan) y justificaciones procesadas.
2026-06-18 09:51:13  [etl.nopresencia]   ✓ INFO      [stdout] ✅ Paso 4 finalizado: IDs unificados (Ventas > Plan) y justificaciones procesadas.
2026-06-18 09:51:13  [etl.sos]           ✓ INFO      [stdout] ✅ Paso 4 finalizado: IDs unificados (Ventas > Plan) y justificaciones procesadas.
2026-06-18 09:51:13  [etl.exhib_pagadas]  ✓ INFO      [stdout] ✅ Paso 4 finalizado: IDs unificados (Ventas > Plan) y justificaciones procesadas.
2026-06-18 09:51:13  [etl.precios]       ✓ INFO      [stdout] ✅ Paso 4 finalizado: IDs unificados (Ventas > Plan) y justificaciones procesadas.
2026-06-18 09:51:13  [etl.cif]           ✓ INFO      Paso 5 — Agrupación visitas (unificación gestores)
2026-06-18 09:51:13  [etl.exhib_pagadas]  · DEBUG     [stdout] ========================================
2026-06-18 09:51:13  [etl.precios]       · DEBUG     [stdout] ========================================
2026-06-18 09:51:13  [etl.sos]           · DEBUG     [stdout] ========================================
2026-06-18 09:51:13  [etl.nopresencia]   · DEBUG     [stdout] ========================================
2026-06-18 09:51:13  [etl.exhib_gratis]  · DEBUG     [stdout] ========================================
2026-06-18 09:51:13  [etl.exhib_pagadas]  · DEBUG     [stdout] ========================================
2026-06-18 09:51:13  [etl.precios]       · DEBUG     [stdout] ========================================
2026-06-18 09:51:13  [etl.nopresencia]   · DEBUG     [stdout] ========================================
2026-06-18 09:51:13  [etl.sos]           · DEBUG     [stdout] ========================================
2026-06-18 09:51:13  [etl.exhib_pagadas]  · DEBUG     [stdout] ========================================
2026-06-18 09:51:13  [etl.precios]       · DEBUG     [stdout] ========================================
2026-06-18 09:51:13  [etl.exhib_pagadas]  · DEBUG     [stdout] INICIANDO PASO 5: CONSOLIDACIÓN (CORRECCIÓN DE ID FORMATO .0)
2026-06-18 09:51:13  [etl.precios]       · DEBUG     [stdout] INICIANDO PASO 5: CONSOLIDACIÓN (CORRECCIÓN DE ID FORMATO .0)
2026-06-18 09:51:13  [etl.sos]           · DEBUG     [stdout] INICIANDO PASO 5: CONSOLIDACIÓN (CORRECCIÓN DE ID FORMATO .0)
2026-06-18 09:51:13  [etl.nopresencia]   · DEBUG     [stdout] INICIANDO PASO 5: CONSOLIDACIÓN (CORRECCIÓN DE ID FORMATO .0)
2026-06-18 09:51:13  [etl.exhib_gratis]  · DEBUG     [stdout] INICIANDO PASO 5: CONSOLIDACIÓN (CORRECCIÓN DE ID FORMATO .0)
2026-06-18 09:51:13  [etl.exhib_pagadas]  · DEBUG     [stdout] INICIANDO PASO 5: CONSOLIDACIÓN (CORRECCIÓN DE ID FORMATO .0)
2026-06-18 09:51:13  [etl.precios]       · DEBUG     [stdout] INICIANDO PASO 5: CONSOLIDACIÓN (CORRECCIÓN DE ID FORMATO .0)
2026-06-18 09:51:13  [etl.nopresencia]   · DEBUG     [stdout] INICIANDO PASO 5: CONSOLIDACIÓN (CORRECCIÓN DE ID FORMATO .0)
2026-06-18 09:51:13  [etl.sos]           · DEBUG     [stdout] INICIANDO PASO 5: CONSOLIDACIÓN (CORRECCIÓN DE ID FORMATO .0)
2026-06-18 09:51:13  [etl.exhib_pagadas]  · DEBUG     [stdout] INICIANDO PASO 5: CONSOLIDACIÓN (CORRECCIÓN DE ID FORMATO .0)
2026-06-18 09:51:13  [etl.precios]       · DEBUG     [stdout] INICIANDO PASO 5: CONSOLIDACIÓN (CORRECCIÓN DE ID FORMATO .0)
2026-06-18 09:51:13  [etl.exhib_pagadas]  · DEBUG     [stdout] ========================================
2026-06-18 09:51:13  [etl.precios]       · DEBUG     [stdout] ========================================
2026-06-18 09:51:13  [etl.sos]           · DEBUG     [stdout] ========================================
2026-06-18 09:51:13  [etl.nopresencia]   · DEBUG     [stdout] ========================================
2026-06-18 09:51:13  [etl.exhib_gratis]  · DEBUG     [stdout] ========================================
2026-06-18 09:51:13  [etl.exhib_pagadas]  · DEBUG     [stdout] ========================================
2026-06-18 09:51:13  [etl.precios]       · DEBUG     [stdout] ========================================
2026-06-18 09:51:13  [etl.nopresencia]   · DEBUG     [stdout] ========================================
2026-06-18 09:51:13  [etl.sos]           · DEBUG     [stdout] ========================================
2026-06-18 09:51:13  [etl.exhib_pagadas]  · DEBUG     [stdout] ========================================
2026-06-18 09:51:13  [etl.precios]       · DEBUG     [stdout] ========================================
2026-06-18 09:51:13  [etl.exhib_pagadas]  ✓ INFO      [stdout] ✅ ¡Proceso Limpio! IDs corregidos y apoyos sumados al Gestor.
2026-06-18 09:51:13  [etl.precios]       ✓ INFO      [stdout] ✅ ¡Proceso Limpio! IDs corregidos y apoyos sumados al Gestor.
2026-06-18 09:51:13  [etl.sos]           ✓ INFO      [stdout] ✅ ¡Proceso Limpio! IDs corregidos y apoyos sumados al Gestor.
2026-06-18 09:51:13  [etl.nopresencia]   ✓ INFO      [stdout] ✅ ¡Proceso Limpio! IDs corregidos y apoyos sumados al Gestor.
2026-06-18 09:51:13  [etl.exhib_gratis]  ✓ INFO      [stdout] ✅ ¡Proceso Limpio! IDs corregidos y apoyos sumados al Gestor.
2026-06-18 09:51:13  [etl.exhib_pagadas]  ✓ INFO      [stdout] ✅ ¡Proceso Limpio! IDs corregidos y apoyos sumados al Gestor.
2026-06-18 09:51:13  [etl.precios]       ✓ INFO      [stdout] ✅ ¡Proceso Limpio! IDs corregidos y apoyos sumados al Gestor.
2026-06-18 09:51:13  [etl.nopresencia]   ✓ INFO      [stdout] ✅ ¡Proceso Limpio! IDs corregidos y apoyos sumados al Gestor.
2026-06-18 09:51:13  [etl.sos]           ✓ INFO      [stdout] ✅ ¡Proceso Limpio! IDs corregidos y apoyos sumados al Gestor.
2026-06-18 09:51:13  [etl.exhib_pagadas]  ✓ INFO      [stdout] ✅ ¡Proceso Limpio! IDs corregidos y apoyos sumados al Gestor.
2026-06-18 09:51:13  [etl.precios]       ✓ INFO      [stdout] ✅ ¡Proceso Limpio! IDs corregidos y apoyos sumados al Gestor.
2026-06-18 09:51:13  [etl.cif]           ✓ INFO      Paso 6 — Generación de alertas de tiempos inconsistentes
2026-06-18 09:51:13  [etl.exhib_pagadas]  · DEBUG     [stdout] ========================================
2026-06-18 09:51:13  [etl.precios]       · DEBUG     [stdout] ========================================
2026-06-18 09:51:13  [etl.sos]           · DEBUG     [stdout] ========================================
2026-06-18 09:51:13  [etl.nopresencia]   · DEBUG     [stdout] ========================================
2026-06-18 09:51:13  [etl.exhib_gratis]  · DEBUG     [stdout] ========================================
2026-06-18 09:51:13  [etl.exhib_pagadas]  · DEBUG     [stdout] ========================================
2026-06-18 09:51:13  [etl.precios]       · DEBUG     [stdout] ========================================
2026-06-18 09:51:13  [etl.nopresencia]   · DEBUG     [stdout] ========================================
2026-06-18 09:51:13  [etl.sos]           · DEBUG     [stdout] ========================================
2026-06-18 09:51:13  [etl.exhib_pagadas]  · DEBUG     [stdout] ========================================
2026-06-18 09:51:13  [etl.precios]       · DEBUG     [stdout] ========================================
2026-06-18 09:51:13  [etl.exhib_pagadas]  · DEBUG     [stdout] INICIANDO PASO 6: GENERACIÓN DE ALERTAS (RUTA CIF SALIDA)
2026-06-18 09:51:13  [etl.precios]       · DEBUG     [stdout] INICIANDO PASO 6: GENERACIÓN DE ALERTAS (RUTA CIF SALIDA)
2026-06-18 09:51:13  [etl.sos]           · DEBUG     [stdout] INICIANDO PASO 6: GENERACIÓN DE ALERTAS (RUTA CIF SALIDA)
2026-06-18 09:51:13  [etl.nopresencia]   · DEBUG     [stdout] INICIANDO PASO 6: GENERACIÓN DE ALERTAS (RUTA CIF SALIDA)
2026-06-18 09:51:13  [etl.exhib_gratis]  · DEBUG     [stdout] INICIANDO PASO 6: GENERACIÓN DE ALERTAS (RUTA CIF SALIDA)
2026-06-18 09:51:13  [etl.exhib_pagadas]  · DEBUG     [stdout] INICIANDO PASO 6: GENERACIÓN DE ALERTAS (RUTA CIF SALIDA)
2026-06-18 09:51:13  [etl.precios]       · DEBUG     [stdout] INICIANDO PASO 6: GENERACIÓN DE ALERTAS (RUTA CIF SALIDA)
2026-06-18 09:51:13  [etl.nopresencia]   · DEBUG     [stdout] INICIANDO PASO 6: GENERACIÓN DE ALERTAS (RUTA CIF SALIDA)
2026-06-18 09:51:13  [etl.sos]           · DEBUG     [stdout] INICIANDO PASO 6: GENERACIÓN DE ALERTAS (RUTA CIF SALIDA)
2026-06-18 09:51:13  [etl.exhib_pagadas]  · DEBUG     [stdout] INICIANDO PASO 6: GENERACIÓN DE ALERTAS (RUTA CIF SALIDA)
2026-06-18 09:51:13  [etl.precios]       · DEBUG     [stdout] INICIANDO PASO 6: GENERACIÓN DE ALERTAS (RUTA CIF SALIDA)
2026-06-18 09:51:13  [etl.exhib_pagadas]  · DEBUG     [stdout] ========================================
2026-06-18 09:51:13  [etl.precios]       · DEBUG     [stdout] ========================================
2026-06-18 09:51:13  [etl.sos]           · DEBUG     [stdout] ========================================
2026-06-18 09:51:13  [etl.nopresencia]   · DEBUG     [stdout] ========================================
2026-06-18 09:51:13  [etl.exhib_gratis]  · DEBUG     [stdout] ========================================
2026-06-18 09:51:13  [etl.exhib_pagadas]  · DEBUG     [stdout] ========================================
2026-06-18 09:51:13  [etl.precios]       · DEBUG     [stdout] ========================================
2026-06-18 09:51:13  [etl.nopresencia]   · DEBUG     [stdout] ========================================
2026-06-18 09:51:13  [etl.sos]           · DEBUG     [stdout] ========================================
2026-06-18 09:51:13  [etl.exhib_pagadas]  · DEBUG     [stdout] ========================================
2026-06-18 09:51:13  [etl.precios]       · DEBUG     [stdout] ========================================
2026-06-18 09:51:13  [etl.exhib_pagadas]  ⚠ WARNING   [stdout] ⚠️ AUDITORÍA: Se detectaron 97 registros con tiempos > 9h.
2026-06-18 09:51:13  [etl.precios]       ⚠ WARNING   [stdout] ⚠️ AUDITORÍA: Se detectaron 97 registros con tiempos > 9h.
2026-06-18 09:51:13  [etl.sos]           ⚠ WARNING   [stdout] ⚠️ AUDITORÍA: Se detectaron 97 registros con tiempos > 9h.
2026-06-18 09:51:13  [etl.nopresencia]   ⚠ WARNING   [stdout] ⚠️ AUDITORÍA: Se detectaron 97 registros con tiempos > 9h.
2026-06-18 09:51:13  [etl.exhib_gratis]  ⚠ WARNING   [stdout] ⚠️ AUDITORÍA: Se detectaron 97 registros con tiempos > 9h.
2026-06-18 09:51:13  [etl.exhib_pagadas]  ⚠ WARNING   [stdout] ⚠️ AUDITORÍA: Se detectaron 97 registros con tiempos > 9h.
2026-06-18 09:51:13  [etl.precios]       ⚠ WARNING   [stdout] ⚠️ AUDITORÍA: Se detectaron 97 registros con tiempos > 9h.
2026-06-18 09:51:13  [etl.nopresencia]   ⚠ WARNING   [stdout] ⚠️ AUDITORÍA: Se detectaron 97 registros con tiempos > 9h.
2026-06-18 09:51:13  [etl.sos]           ⚠ WARNING   [stdout] ⚠️ AUDITORÍA: Se detectaron 97 registros con tiempos > 9h.
2026-06-18 09:51:13  [etl.exhib_pagadas]  ⚠ WARNING   [stdout] ⚠️ AUDITORÍA: Se detectaron 97 registros con tiempos > 9h.
2026-06-18 09:51:13  [etl.precios]       ⚠ WARNING   [stdout] ⚠️ AUDITORÍA: Se detectaron 97 registros con tiempos > 9h.
2026-06-18 09:51:13  [etl.exhib_pagadas]  · DEBUG     [stdout] 📁 Archivo de alertas generado en: C:\Users\Usuario\OneDrive - Universidad de los Andes\Escritorio\PROYECTO_EFICACIA\SALIDA\CIF\ALERTAS_TIEMPOS_INCONSISTENTES.csv
2026-06-18 09:51:13  [etl.precios]       · DEBUG     [stdout] 📁 Archivo de alertas generado en: C:\Users\Usuario\OneDrive - Universidad de los Andes\Escritorio\PROYECTO_EFICACIA\SALIDA\CIF\ALERTAS_TIEMPOS_INCONSISTENTES.csv
2026-06-18 09:51:13  [etl.sos]           · DEBUG     [stdout] 📁 Archivo de alertas generado en: C:\Users\Usuario\OneDrive - Universidad de los Andes\Escritorio\PROYECTO_EFICACIA\SALIDA\CIF\ALERTAS_TIEMPOS_INCONSISTENTES.csv
2026-06-18 09:51:13  [etl.nopresencia]   · DEBUG     [stdout] 📁 Archivo de alertas generado en: C:\Users\Usuario\OneDrive - Universidad de los Andes\Escritorio\PROYECTO_EFICACIA\SALIDA\CIF\ALERTAS_TIEMPOS_INCONSISTENTES.csv
2026-06-18 09:51:13  [etl.exhib_gratis]  · DEBUG     [stdout] 📁 Archivo de alertas generado en: C:\Users\Usuario\OneDrive - Universidad de los Andes\Escritorio\PROYECTO_EFICACIA\SALIDA\CIF\ALERTAS_TIEMPOS_INCONSISTENTES.csv
2026-06-18 09:51:13  [etl.exhib_pagadas]  · DEBUG     [stdout] 📁 Archivo de alertas generado en: C:\Users\Usuario\OneDrive - Universidad de los Andes\Escritorio\PROYECTO_EFICACIA\SALIDA\CIF\ALERTAS_TIEMPOS_INCONSISTENTES.csv
2026-06-18 09:51:13  [etl.precios]       · DEBUG     [stdout] 📁 Archivo de alertas generado en: C:\Users\Usuario\OneDrive - Universidad de los Andes\Escritorio\PROYECTO_EFICACIA\SALIDA\CIF\ALERTAS_TIEMPOS_INCONSISTENTES.csv
2026-06-18 09:51:13  [etl.nopresencia]   · DEBUG     [stdout] 📁 Archivo de alertas generado en: C:\Users\Usuario\OneDrive - Universidad de los Andes\Escritorio\PROYECTO_EFICACIA\SALIDA\CIF\ALERTAS_TIEMPOS_INCONSISTENTES.csv
2026-06-18 09:51:13  [etl.sos]           · DEBUG     [stdout] 📁 Archivo de alertas generado en: C:\Users\Usuario\OneDrive - Universidad de los Andes\Escritorio\PROYECTO_EFICACIA\SALIDA\CIF\ALERTAS_TIEMPOS_INCONSISTENTES.csv
2026-06-18 09:51:13  [etl.exhib_pagadas]  · DEBUG     [stdout] 📁 Archivo de alertas generado en: C:\Users\Usuario\OneDrive - Universidad de los Andes\Escritorio\PROYECTO_EFICACIA\SALIDA\CIF\ALERTAS_TIEMPOS_INCONSISTENTES.csv
2026-06-18 09:51:13  [etl.precios]       · DEBUG     [stdout] 📁 Archivo de alertas generado en: C:\Users\Usuario\OneDrive - Universidad de los Andes\Escritorio\PROYECTO_EFICACIA\SALIDA\CIF\ALERTAS_TIEMPOS_INCONSISTENTES.csv
2026-06-18 09:51:13  [etl.exhib_pagadas]  · DEBUG     [stdout] ========================================
2026-06-18 09:51:13  [etl.precios]       · DEBUG     [stdout] ========================================
2026-06-18 09:51:13  [etl.sos]           · DEBUG     [stdout] ========================================
2026-06-18 09:51:13  [etl.nopresencia]   · DEBUG     [stdout] ========================================
2026-06-18 09:51:13  [etl.exhib_gratis]  · DEBUG     [stdout] ========================================
2026-06-18 09:51:13  [etl.exhib_pagadas]  · DEBUG     [stdout] ========================================
2026-06-18 09:51:13  [etl.precios]       · DEBUG     [stdout] ========================================
2026-06-18 09:51:13  [etl.nopresencia]   · DEBUG     [stdout] ========================================
2026-06-18 09:51:13  [etl.sos]           · DEBUG     [stdout] ========================================
2026-06-18 09:51:13  [etl.exhib_pagadas]  · DEBUG     [stdout] ========================================
2026-06-18 09:51:13  [etl.precios]       · DEBUG     [stdout] ========================================
2026-06-18 09:51:13  [etl.cif]           ✓ INFO      Paso 7 — Resultado final Excel
2026-06-18 09:51:13  [etl.exhib_pagadas]  · DEBUG     [stdout] ========================================
2026-06-18 09:51:13  [etl.precios]       · DEBUG     [stdout] ========================================
2026-06-18 09:51:13  [etl.sos]           · DEBUG     [stdout] ========================================
2026-06-18 09:51:13  [etl.nopresencia]   · DEBUG     [stdout] ========================================
2026-06-18 09:51:13  [etl.exhib_gratis]  · DEBUG     [stdout] ========================================
2026-06-18 09:51:13  [etl.exhib_pagadas]  · DEBUG     [stdout] ========================================
2026-06-18 09:51:13  [etl.precios]       · DEBUG     [stdout] ========================================
2026-06-18 09:51:13  [etl.nopresencia]   · DEBUG     [stdout] ========================================
2026-06-18 09:51:13  [etl.sos]           · DEBUG     [stdout] ========================================
2026-06-18 09:51:13  [etl.exhib_pagadas]  · DEBUG     [stdout] ========================================
2026-06-18 09:51:13  [etl.precios]       · DEBUG     [stdout] ========================================
2026-06-18 09:51:13  [etl.exhib_pagadas]  · DEBUG     [stdout] INICIANDO PASO 7: ESTRUCTURACIÓN FINAL  (Mayo_2026)
2026-06-18 09:51:13  [etl.precios]       · DEBUG     [stdout] INICIANDO PASO 7: ESTRUCTURACIÓN FINAL  (Mayo_2026)
2026-06-18 09:51:13  [etl.sos]           · DEBUG     [stdout] INICIANDO PASO 7: ESTRUCTURACIÓN FINAL  (Mayo_2026)
2026-06-18 09:51:13  [etl.nopresencia]   · DEBUG     [stdout] INICIANDO PASO 7: ESTRUCTURACIÓN FINAL  (Mayo_2026)
2026-06-18 09:51:13  [etl.exhib_gratis]  · DEBUG     [stdout] INICIANDO PASO 7: ESTRUCTURACIÓN FINAL  (Mayo_2026)
2026-06-18 09:51:13  [etl.exhib_pagadas]  · DEBUG     [stdout] INICIANDO PASO 7: ESTRUCTURACIÓN FINAL  (Mayo_2026)
2026-06-18 09:51:13  [etl.precios]       · DEBUG     [stdout] INICIANDO PASO 7: ESTRUCTURACIÓN FINAL  (Mayo_2026)
2026-06-18 09:51:13  [etl.nopresencia]   · DEBUG     [stdout] INICIANDO PASO 7: ESTRUCTURACIÓN FINAL  (Mayo_2026)
2026-06-18 09:51:13  [etl.sos]           · DEBUG     [stdout] INICIANDO PASO 7: ESTRUCTURACIÓN FINAL  (Mayo_2026)
2026-06-18 09:51:13  [etl.exhib_pagadas]  · DEBUG     [stdout] INICIANDO PASO 7: ESTRUCTURACIÓN FINAL  (Mayo_2026)
2026-06-18 09:51:13  [etl.precios]       · DEBUG     [stdout] INICIANDO PASO 7: ESTRUCTURACIÓN FINAL  (Mayo_2026)
2026-06-18 09:51:13  [etl.exhib_pagadas]  · DEBUG     [stdout] ========================================
2026-06-18 09:51:13  [etl.precios]       · DEBUG     [stdout] ========================================
2026-06-18 09:51:13  [etl.sos]           · DEBUG     [stdout] ========================================
2026-06-18 09:51:13  [etl.nopresencia]   · DEBUG     [stdout] ========================================
2026-06-18 09:51:13  [etl.exhib_gratis]  · DEBUG     [stdout] ========================================
2026-06-18 09:51:13  [etl.exhib_pagadas]  · DEBUG     [stdout] ========================================
2026-06-18 09:51:13  [etl.precios]       · DEBUG     [stdout] ========================================
2026-06-18 09:51:13  [etl.nopresencia]   · DEBUG     [stdout] ========================================
2026-06-18 09:51:13  [etl.sos]           · DEBUG     [stdout] ========================================
2026-06-18 09:51:13  [etl.exhib_pagadas]  · DEBUG     [stdout] ========================================
2026-06-18 09:51:13  [etl.precios]       · DEBUG     [stdout] ========================================
2026-06-18 09:51:13  [etl.exhib_pagadas]  · DEBUG     [stdout] 📅 Periodo confirmado: 05/2026
2026-06-18 09:51:13  [etl.precios]       · DEBUG     [stdout] 📅 Periodo confirmado: 05/2026
2026-06-18 09:51:13  [etl.sos]           · DEBUG     [stdout] 📅 Periodo confirmado: 05/2026
2026-06-18 09:51:13  [etl.nopresencia]   · DEBUG     [stdout] 📅 Periodo confirmado: 05/2026
2026-06-18 09:51:13  [etl.exhib_gratis]  · DEBUG     [stdout] 📅 Periodo confirmado: 05/2026
2026-06-18 09:51:13  [etl.exhib_pagadas]  · DEBUG     [stdout] 📅 Periodo confirmado: 05/2026
2026-06-18 09:51:13  [etl.precios]       · DEBUG     [stdout] 📅 Periodo confirmado: 05/2026
2026-06-18 09:51:13  [etl.nopresencia]   · DEBUG     [stdout] 📅 Periodo confirmado: 05/2026
2026-06-18 09:51:13  [etl.sos]           · DEBUG     [stdout] 📅 Periodo confirmado: 05/2026
2026-06-18 09:51:13  [etl.exhib_pagadas]  · DEBUG     [stdout] 📅 Periodo confirmado: 05/2026
2026-06-18 09:51:13  [etl.precios]       · DEBUG     [stdout] 📅 Periodo confirmado: 05/2026
2026-06-18 09:51:15  [etl.exhib_pagadas]  · DEBUG     [stdout] 🔧 H4 fallback: 0 filas del plan rescatadas via CEDULA.
2026-06-18 09:51:15  [etl.precios]       · DEBUG     [stdout] 🔧 H4 fallback: 0 filas del plan rescatadas via CEDULA.
2026-06-18 09:51:15  [etl.sos]           · DEBUG     [stdout] 🔧 H4 fallback: 0 filas del plan rescatadas via CEDULA.
2026-06-18 09:51:15  [etl.nopresencia]   · DEBUG     [stdout] 🔧 H4 fallback: 0 filas del plan rescatadas via CEDULA.
2026-06-18 09:51:15  [etl.exhib_gratis]  · DEBUG     [stdout] 🔧 H4 fallback: 0 filas del plan rescatadas via CEDULA.
2026-06-18 09:51:15  [etl.exhib_pagadas]  · DEBUG     [stdout] 🔧 H4 fallback: 0 filas del plan rescatadas via CEDULA.
2026-06-18 09:51:15  [etl.precios]       · DEBUG     [stdout] 🔧 H4 fallback: 0 filas del plan rescatadas via CEDULA.
2026-06-18 09:51:15  [etl.nopresencia]   · DEBUG     [stdout] 🔧 H4 fallback: 0 filas del plan rescatadas via CEDULA.
2026-06-18 09:51:15  [etl.sos]           · DEBUG     [stdout] 🔧 H4 fallback: 0 filas del plan rescatadas via CEDULA.
2026-06-18 09:51:15  [etl.exhib_pagadas]  · DEBUG     [stdout] 🔧 H4 fallback: 0 filas del plan rescatadas via CEDULA.
2026-06-18 09:51:15  [etl.precios]       · DEBUG     [stdout] 🔧 H4 fallback: 0 filas del plan rescatadas via CEDULA.
2026-06-18 09:51:18  [etl.exhib_pagadas]  ✓ INFO      [stdout] ✅ ¡LISTO! Excel generado para el periodo 5/2026.
2026-06-18 09:51:18  [etl.precios]       ✓ INFO      [stdout] ✅ ¡LISTO! Excel generado para el periodo 5/2026.
2026-06-18 09:51:18  [etl.sos]           ✓ INFO      [stdout] ✅ ¡LISTO! Excel generado para el periodo 5/2026.
2026-06-18 09:51:18  [etl.nopresencia]   ✓ INFO      [stdout] ✅ ¡LISTO! Excel generado para el periodo 5/2026.
2026-06-18 09:51:18  [etl.exhib_gratis]  ✓ INFO      [stdout] ✅ ¡LISTO! Excel generado para el periodo 5/2026.
2026-06-18 09:51:18  [etl.exhib_pagadas]  ✓ INFO      [stdout] ✅ ¡LISTO! Excel generado para el periodo 5/2026.
2026-06-18 09:51:18  [etl.precios]       ✓ INFO      [stdout] ✅ ¡LISTO! Excel generado para el periodo 5/2026.
2026-06-18 09:51:18  [etl.nopresencia]   ✓ INFO      [stdout] ✅ ¡LISTO! Excel generado para el periodo 5/2026.
2026-06-18 09:51:18  [etl.sos]           ✓ INFO      [stdout] ✅ ¡LISTO! Excel generado para el periodo 5/2026.
2026-06-18 09:51:18  [etl.exhib_pagadas]  ✓ INFO      [stdout] ✅ ¡LISTO! Excel generado para el periodo 5/2026.
2026-06-18 09:51:18  [etl.precios]       ✓ INFO      [stdout] ✅ ¡LISTO! Excel generado para el periodo 5/2026.
2026-06-18 09:51:18  [etl.exhib_pagadas]  · DEBUG     [stdout] 📁 C:\Users\Usuario\OneDrive - Universidad de los Andes\Escritorio\PROYECTO_EFICACIA\SALIDA\CIF\CIF.xlsx
2026-06-18 09:51:18  [etl.precios]       · DEBUG     [stdout] 📁 C:\Users\Usuario\OneDrive - Universidad de los Andes\Escritorio\PROYECTO_EFICACIA\SALIDA\CIF\CIF.xlsx
2026-06-18 09:51:18  [etl.sos]           · DEBUG     [stdout] 📁 C:\Users\Usuario\OneDrive - Universidad de los Andes\Escritorio\PROYECTO_EFICACIA\SALIDA\CIF\CIF.xlsx
2026-06-18 09:51:18  [etl.nopresencia]   · DEBUG     [stdout] 📁 C:\Users\Usuario\OneDrive - Universidad de los Andes\Escritorio\PROYECTO_EFICACIA\SALIDA\CIF\CIF.xlsx
2026-06-18 09:51:18  [etl.exhib_gratis]  · DEBUG     [stdout] 📁 C:\Users\Usuario\OneDrive - Universidad de los Andes\Escritorio\PROYECTO_EFICACIA\SALIDA\CIF\CIF.xlsx
2026-06-18 09:51:18  [etl.exhib_pagadas]  · DEBUG     [stdout] 📁 C:\Users\Usuario\OneDrive - Universidad de los Andes\Escritorio\PROYECTO_EFICACIA\SALIDA\CIF\CIF.xlsx
2026-06-18 09:51:18  [etl.precios]       · DEBUG     [stdout] 📁 C:\Users\Usuario\OneDrive - Universidad de los Andes\Escritorio\PROYECTO_EFICACIA\SALIDA\CIF\CIF.xlsx
2026-06-18 09:51:18  [etl.nopresencia]   · DEBUG     [stdout] 📁 C:\Users\Usuario\OneDrive - Universidad de los Andes\Escritorio\PROYECTO_EFICACIA\SALIDA\CIF\CIF.xlsx
2026-06-18 09:51:18  [etl.sos]           · DEBUG     [stdout] 📁 C:\Users\Usuario\OneDrive - Universidad de los Andes\Escritorio\PROYECTO_EFICACIA\SALIDA\CIF\CIF.xlsx
2026-06-18 09:51:18  [etl.exhib_pagadas]  · DEBUG     [stdout] 📁 C:\Users\Usuario\OneDrive - Universidad de los Andes\Escritorio\PROYECTO_EFICACIA\SALIDA\CIF\CIF.xlsx
2026-06-18 09:51:18  [etl.precios]       · DEBUG     [stdout] 📁 C:\Users\Usuario\OneDrive - Universidad de los Andes\Escritorio\PROYECTO_EFICACIA\SALIDA\CIF\CIF.xlsx
2026-06-18 09:51:18  [etl.exhib_pagadas]  · DEBUG     [stdout] 📁 C:\Users\Usuario\OneDrive - Universidad de los Andes\Escritorio\PROYECTO_EFICACIA\SALIDA\CIF\Plan de trabajo.xlsx  (alias legacy)
2026-06-18 09:51:18  [etl.precios]       · DEBUG     [stdout] 📁 C:\Users\Usuario\OneDrive - Universidad de los Andes\Escritorio\PROYECTO_EFICACIA\SALIDA\CIF\Plan de trabajo.xlsx  (alias legacy)
2026-06-18 09:51:18  [etl.sos]           · DEBUG     [stdout] 📁 C:\Users\Usuario\OneDrive - Universidad de los Andes\Escritorio\PROYECTO_EFICACIA\SALIDA\CIF\Plan de trabajo.xlsx  (alias legacy)
2026-06-18 09:51:18  [etl.nopresencia]   · DEBUG     [stdout] 📁 C:\Users\Usuario\OneDrive - Universidad de los Andes\Escritorio\PROYECTO_EFICACIA\SALIDA\CIF\Plan de trabajo.xlsx  (alias legacy)
2026-06-18 09:51:18  [etl.exhib_gratis]  · DEBUG     [stdout] 📁 C:\Users\Usuario\OneDrive - Universidad de los Andes\Escritorio\PROYECTO_EFICACIA\SALIDA\CIF\Plan de trabajo.xlsx  (alias legacy)
2026-06-18 09:51:18  [etl.exhib_pagadas]  · DEBUG     [stdout] 📁 C:\Users\Usuario\OneDrive - Universidad de los Andes\Escritorio\PROYECTO_EFICACIA\SALIDA\CIF\Plan de trabajo.xlsx  (alias legacy)
2026-06-18 09:51:18  [etl.precios]       · DEBUG     [stdout] 📁 C:\Users\Usuario\OneDrive - Universidad de los Andes\Escritorio\PROYECTO_EFICACIA\SALIDA\CIF\Plan de trabajo.xlsx  (alias legacy)
2026-06-18 09:51:18  [etl.nopresencia]   · DEBUG     [stdout] 📁 C:\Users\Usuario\OneDrive - Universidad de los Andes\Escritorio\PROYECTO_EFICACIA\SALIDA\CIF\Plan de trabajo.xlsx  (alias legacy)
2026-06-18 09:51:18  [etl.sos]           · DEBUG     [stdout] 📁 C:\Users\Usuario\OneDrive - Universidad de los Andes\Escritorio\PROYECTO_EFICACIA\SALIDA\CIF\Plan de trabajo.xlsx  (alias legacy)
2026-06-18 09:51:18  [etl.exhib_pagadas]  · DEBUG     [stdout] 📁 C:\Users\Usuario\OneDrive - Universidad de los Andes\Escritorio\PROYECTO_EFICACIA\SALIDA\CIF\Plan de trabajo.xlsx  (alias legacy)
2026-06-18 09:51:18  [etl.precios]       · DEBUG     [stdout] 📁 C:\Users\Usuario\OneDrive - Universidad de los Andes\Escritorio\PROYECTO_EFICACIA\SALIDA\CIF\Plan de trabajo.xlsx  (alias legacy)
2026-06-18 09:51:18  [etl.exhib_pagadas]  · DEBUG     [stdout] ========================================
2026-06-18 09:51:18  [etl.precios]       · DEBUG     [stdout] ========================================
2026-06-18 09:51:18  [etl.sos]           · DEBUG     [stdout] ========================================
2026-06-18 09:51:18  [etl.nopresencia]   · DEBUG     [stdout] ========================================
2026-06-18 09:51:18  [etl.exhib_gratis]  · DEBUG     [stdout] ========================================
2026-06-18 09:51:18  [etl.exhib_pagadas]  · DEBUG     [stdout] ========================================
2026-06-18 09:51:18  [etl.precios]       · DEBUG     [stdout] ========================================
2026-06-18 09:51:18  [etl.nopresencia]   · DEBUG     [stdout] ========================================
2026-06-18 09:51:18  [etl.sos]           · DEBUG     [stdout] ========================================
2026-06-18 09:51:18  [etl.exhib_pagadas]  · DEBUG     [stdout] ========================================
2026-06-18 09:51:18  [etl.precios]       · DEBUG     [stdout] ========================================
2026-06-18 09:51:18  [etl.cif]           ✓ INFO      Paso 8 — KPIs por gestor
2026-06-18 09:51:18  [etl.exhib_pagadas]  · DEBUG     [stdout] ========================================
2026-06-18 09:51:18  [etl.precios]       · DEBUG     [stdout] ========================================
2026-06-18 09:51:18  [etl.sos]           · DEBUG     [stdout] ========================================
2026-06-18 09:51:18  [etl.nopresencia]   · DEBUG     [stdout] ========================================
2026-06-18 09:51:18  [etl.exhib_gratis]  · DEBUG     [stdout] ========================================
2026-06-18 09:51:18  [etl.exhib_pagadas]  · DEBUG     [stdout] ========================================
2026-06-18 09:51:18  [etl.precios]       · DEBUG     [stdout] ========================================
2026-06-18 09:51:18  [etl.nopresencia]   · DEBUG     [stdout] ========================================
2026-06-18 09:51:18  [etl.sos]           · DEBUG     [stdout] ========================================
2026-06-18 09:51:18  [etl.exhib_pagadas]  · DEBUG     [stdout] ========================================
2026-06-18 09:51:18  [etl.precios]       · DEBUG     [stdout] ========================================
2026-06-18 09:51:18  [etl.exhib_pagadas]  · DEBUG     [stdout] INICIANDO PASO 8: RESUMEN KPIS POR GESTOR (V3)  (Mayo_2026)
2026-06-18 09:51:18  [etl.precios]       · DEBUG     [stdout] INICIANDO PASO 8: RESUMEN KPIS POR GESTOR (V3)  (Mayo_2026)
2026-06-18 09:51:18  [etl.sos]           · DEBUG     [stdout] INICIANDO PASO 8: RESUMEN KPIS POR GESTOR (V3)  (Mayo_2026)
2026-06-18 09:51:18  [etl.nopresencia]   · DEBUG     [stdout] INICIANDO PASO 8: RESUMEN KPIS POR GESTOR (V3)  (Mayo_2026)
2026-06-18 09:51:18  [etl.exhib_gratis]  · DEBUG     [stdout] INICIANDO PASO 8: RESUMEN KPIS POR GESTOR (V3)  (Mayo_2026)
2026-06-18 09:51:18  [etl.exhib_pagadas]  · DEBUG     [stdout] INICIANDO PASO 8: RESUMEN KPIS POR GESTOR (V3)  (Mayo_2026)
2026-06-18 09:51:18  [etl.precios]       · DEBUG     [stdout] INICIANDO PASO 8: RESUMEN KPIS POR GESTOR (V3)  (Mayo_2026)
2026-06-18 09:51:18  [etl.nopresencia]   · DEBUG     [stdout] INICIANDO PASO 8: RESUMEN KPIS POR GESTOR (V3)  (Mayo_2026)
2026-06-18 09:51:18  [etl.sos]           · DEBUG     [stdout] INICIANDO PASO 8: RESUMEN KPIS POR GESTOR (V3)  (Mayo_2026)
2026-06-18 09:51:18  [etl.exhib_pagadas]  · DEBUG     [stdout] INICIANDO PASO 8: RESUMEN KPIS POR GESTOR (V3)  (Mayo_2026)
2026-06-18 09:51:18  [etl.precios]       · DEBUG     [stdout] INICIANDO PASO 8: RESUMEN KPIS POR GESTOR (V3)  (Mayo_2026)
2026-06-18 09:51:18  [etl.exhib_pagadas]  · DEBUG     [stdout] ========================================
2026-06-18 09:51:18  [etl.precios]       · DEBUG     [stdout] ========================================
2026-06-18 09:51:18  [etl.sos]           · DEBUG     [stdout] ========================================
2026-06-18 09:51:18  [etl.nopresencia]   · DEBUG     [stdout] ========================================
2026-06-18 09:51:18  [etl.exhib_gratis]  · DEBUG     [stdout] ========================================
2026-06-18 09:51:18  [etl.exhib_pagadas]  · DEBUG     [stdout] ========================================
2026-06-18 09:51:18  [etl.precios]       · DEBUG     [stdout] ========================================
2026-06-18 09:51:18  [etl.nopresencia]   · DEBUG     [stdout] ========================================
2026-06-18 09:51:18  [etl.sos]           · DEBUG     [stdout] ========================================
2026-06-18 09:51:18  [etl.exhib_pagadas]  · DEBUG     [stdout] ========================================
2026-06-18 09:51:18  [etl.precios]       · DEBUG     [stdout] ========================================
2026-06-18 09:51:18  [etl.exhib_pagadas]  · DEBUG     [stdout] Leyendo: C:\Users\Usuario\OneDrive - Universidad de los Andes\Escritorio\PROYECTO_EFICACIA\SALIDA\CIF\CIF.xlsx
2026-06-18 09:51:18  [etl.precios]       · DEBUG     [stdout] Leyendo: C:\Users\Usuario\OneDrive - Universidad de los Andes\Escritorio\PROYECTO_EFICACIA\SALIDA\CIF\CIF.xlsx
2026-06-18 09:51:18  [etl.sos]           · DEBUG     [stdout] Leyendo: C:\Users\Usuario\OneDrive - Universidad de los Andes\Escritorio\PROYECTO_EFICACIA\SALIDA\CIF\CIF.xlsx
2026-06-18 09:51:18  [etl.nopresencia]   · DEBUG     [stdout] Leyendo: C:\Users\Usuario\OneDrive - Universidad de los Andes\Escritorio\PROYECTO_EFICACIA\SALIDA\CIF\CIF.xlsx
2026-06-18 09:51:18  [etl.exhib_gratis]  · DEBUG     [stdout] Leyendo: C:\Users\Usuario\OneDrive - Universidad de los Andes\Escritorio\PROYECTO_EFICACIA\SALIDA\CIF\CIF.xlsx
2026-06-18 09:51:18  [etl.exhib_pagadas]  · DEBUG     [stdout] Leyendo: C:\Users\Usuario\OneDrive - Universidad de los Andes\Escritorio\PROYECTO_EFICACIA\SALIDA\CIF\CIF.xlsx
2026-06-18 09:51:18  [etl.precios]       · DEBUG     [stdout] Leyendo: C:\Users\Usuario\OneDrive - Universidad de los Andes\Escritorio\PROYECTO_EFICACIA\SALIDA\CIF\CIF.xlsx
2026-06-18 09:51:18  [etl.nopresencia]   · DEBUG     [stdout] Leyendo: C:\Users\Usuario\OneDrive - Universidad de los Andes\Escritorio\PROYECTO_EFICACIA\SALIDA\CIF\CIF.xlsx
2026-06-18 09:51:18  [etl.sos]           · DEBUG     [stdout] Leyendo: C:\Users\Usuario\OneDrive - Universidad de los Andes\Escritorio\PROYECTO_EFICACIA\SALIDA\CIF\CIF.xlsx
2026-06-18 09:51:18  [etl.exhib_pagadas]  · DEBUG     [stdout] Leyendo: C:\Users\Usuario\OneDrive - Universidad de los Andes\Escritorio\PROYECTO_EFICACIA\SALIDA\CIF\CIF.xlsx
2026-06-18 09:51:18  [etl.precios]       · DEBUG     [stdout] Leyendo: C:\Users\Usuario\OneDrive - Universidad de los Andes\Escritorio\PROYECTO_EFICACIA\SALIDA\CIF\CIF.xlsx
2026-06-18 09:51:19  [etl.exhib_pagadas]  ✓ INFO      [stdout] ✅ Mes activo  (05/2026): 148 gestores → KPIS_CIF.xlsx
2026-06-18 09:51:19  [etl.precios]       ✓ INFO      [stdout] ✅ Mes activo  (05/2026): 148 gestores → KPIS_CIF.xlsx
2026-06-18 09:51:19  [etl.sos]           ✓ INFO      [stdout] ✅ Mes activo  (05/2026): 148 gestores → KPIS_CIF.xlsx
2026-06-18 09:51:19  [etl.nopresencia]   ✓ INFO      [stdout] ✅ Mes activo  (05/2026): 148 gestores → KPIS_CIF.xlsx
2026-06-18 09:51:19  [etl.exhib_gratis]  ✓ INFO      [stdout] ✅ Mes activo  (05/2026): 148 gestores → KPIS_CIF.xlsx
2026-06-18 09:51:19  [etl.exhib_pagadas]  ✓ INFO      [stdout] ✅ Mes activo  (05/2026): 148 gestores → KPIS_CIF.xlsx
2026-06-18 09:51:19  [etl.precios]       ✓ INFO      [stdout] ✅ Mes activo  (05/2026): 148 gestores → KPIS_CIF.xlsx
2026-06-18 09:51:19  [etl.nopresencia]   ✓ INFO      [stdout] ✅ Mes activo  (05/2026): 148 gestores → KPIS_CIF.xlsx
2026-06-18 09:51:19  [etl.sos]           ✓ INFO      [stdout] ✅ Mes activo  (05/2026): 148 gestores → KPIS_CIF.xlsx
2026-06-18 09:51:19  [etl.exhib_pagadas]  ✓ INFO      [stdout] ✅ Mes activo  (05/2026): 148 gestores → KPIS_CIF.xlsx
2026-06-18 09:51:19  [etl.precios]       ✓ INFO      [stdout] ✅ Mes activo  (05/2026): 148 gestores → KPIS_CIF.xlsx
2026-06-18 09:51:19  [etl.exhib_pagadas]  ✓ INFO      [stdout] ✅ Histórico: 453 filas totales → KPIS_CIF_HISTORICO.xlsx
2026-06-18 09:51:19  [etl.precios]       ✓ INFO      [stdout] ✅ Histórico: 453 filas totales → KPIS_CIF_HISTORICO.xlsx
2026-06-18 09:51:19  [etl.sos]           ✓ INFO      [stdout] ✅ Histórico: 453 filas totales → KPIS_CIF_HISTORICO.xlsx
2026-06-18 09:51:19  [etl.nopresencia]   ✓ INFO      [stdout] ✅ Histórico: 453 filas totales → KPIS_CIF_HISTORICO.xlsx
2026-06-18 09:51:19  [etl.exhib_gratis]  ✓ INFO      [stdout] ✅ Histórico: 453 filas totales → KPIS_CIF_HISTORICO.xlsx
2026-06-18 09:51:19  [etl.exhib_pagadas]  ✓ INFO      [stdout] ✅ Histórico: 453 filas totales → KPIS_CIF_HISTORICO.xlsx
2026-06-18 09:51:19  [etl.precios]       ✓ INFO      [stdout] ✅ Histórico: 453 filas totales → KPIS_CIF_HISTORICO.xlsx
2026-06-18 09:51:19  [etl.nopresencia]   ✓ INFO      [stdout] ✅ Histórico: 453 filas totales → KPIS_CIF_HISTORICO.xlsx
2026-06-18 09:51:19  [etl.sos]           ✓ INFO      [stdout] ✅ Histórico: 453 filas totales → KPIS_CIF_HISTORICO.xlsx
2026-06-18 09:51:19  [etl.exhib_pagadas]  ✓ INFO      [stdout] ✅ Histórico: 453 filas totales → KPIS_CIF_HISTORICO.xlsx
2026-06-18 09:51:19  [etl.precios]       ✓ INFO      [stdout] ✅ Histórico: 453 filas totales → KPIS_CIF_HISTORICO.xlsx
2026-06-18 09:51:19  [etl.exhib_pagadas]  · DEBUG     [stdout] ========================================
2026-06-18 09:51:19  [etl.precios]       · DEBUG     [stdout] ========================================
2026-06-18 09:51:19  [etl.sos]           · DEBUG     [stdout] ========================================
2026-06-18 09:51:19  [etl.nopresencia]   · DEBUG     [stdout] ========================================
2026-06-18 09:51:19  [etl.exhib_gratis]  · DEBUG     [stdout] ========================================
2026-06-18 09:51:19  [etl.exhib_pagadas]  · DEBUG     [stdout] ========================================
2026-06-18 09:51:19  [etl.precios]       · DEBUG     [stdout] ========================================
2026-06-18 09:51:19  [etl.nopresencia]   · DEBUG     [stdout] ========================================
2026-06-18 09:51:19  [etl.sos]           · DEBUG     [stdout] ========================================
2026-06-18 09:51:19  [etl.exhib_pagadas]  · DEBUG     [stdout] ========================================
2026-06-18 09:51:19  [etl.precios]       · DEBUG     [stdout] ========================================
2026-06-18 09:51:19  [etl.cif]           ✓ INFO      ETL CIF — completado
2026-06-18 09:51:19  [etl.cif]           ✓ INFO      Duración total: 341.6s
2026-06-18 09:51:19  [etl.orquestador]   ✓ INFO      ETL 'cif' terminó — ✓ OK en 341.6s
2026-06-18 09:51:19  [etl.orquestador]   ✓ INFO      ════════════════════════════════════════════════════════
2026-06-18 09:51:19  [etl.orquestador]   ✓ INFO      REPORTE DE EJECUCIÓN
2026-06-18 09:51:19  [etl.orquestador]   ✓ INFO      ════════════════════════════════════════════════════════
2026-06-18 09:51:19  [etl.orquestador]   ✓ INFO        ETL                    Estado           Tiempo
2026-06-18 09:51:19  [etl.orquestador]   ✓ INFO        ────────────────────── ────────────── ────────
2026-06-18 09:51:19  [etl.orquestador]   ✓ INFO        cif                    ✓ OK             341.6s
2026-06-18 09:51:19  [etl.orquestador]   ✓ INFO        nopresencia            ✓ OK             246.6s
2026-06-18 09:51:19  [etl.orquestador]   ✓ INFO        precios                ✓ OK             166.1s
2026-06-18 09:51:19  [etl.orquestador]   ✓ INFO        sos                    ✓ OK             335.0s
2026-06-18 09:51:19  [etl.orquestador]   ✓ INFO        exhib_pagadas          ✓ OK              84.9s
2026-06-18 09:51:19  [etl.orquestador]   ✓ INFO        exhib_gratis           ✓ OK             214.8s
2026-06-18 09:51:19  [etl.orquestador]   ✓ INFO        ventas                 ✓ OK             100.7s
2026-06-18 09:51:19  [etl.orquestador]   ✓ INFO        impactos               ✓ OK               2.8s
2026-06-18 09:51:19  [etl.orquestador]   ✓ INFO        ────────────────────── ────────────── ────────
2026-06-18 09:51:19  [etl.orquestador]   ✓ INFO        shared_loader          ✓ OK               2.9s
2026-06-18 09:51:19  [etl.orquestador]   ✓ INFO        TOTAL (paralelo)                        344.5s
2026-06-18 09:51:19  [etl.orquestador]   ✓ INFO        Sin paralelismo (est.)                 1495.5s
2026-06-18 09:51:19  [etl.orquestador]   ✓ INFO        Ahorro estimado                        1150.9s
2026-06-18 09:51:19  [etl.orquestador]   ✓ INFO      ────────────────────────────────────────────────────────
2026-06-18 09:51:19  [etl.orquestador]   ✓ INFO      Eventos: 0 CRITICAL  |  0 ERROR  |  50 WARNING
2026-06-18 09:51:19  [etl.orquestador]   ✓ INFO      ························································
2026-06-18 09:51:19  [etl.orquestador]   ✓ INFO        WARNING (50)
2026-06-18 09:51:19  [etl.orquestador]   ✓ INFO      ························································
2026-06-18 09:51:19  [etl.orquestador]   ✓ INFO        09:25:40  [shared_loader]     [DIRECTO] Módulo 'precios': el filtro devolvió 0 filas (columna 'PRECIOS' sin valores = 1, o IDs sin coincidencia en el PT)
2026-06-18 09:51:19  [etl.orquestador]   ✓ INFO        09:34:45  [exhib_pagadas]     [stdout] ⚠️  No se pudo leer el reporte SOS previo (Reindexing only valid with uniquely valued Index objects); se sobrescribe.
2026-06-18 09:51:19  [etl.orquestador]   ✓ INFO        09:34:45  [precios]           [stdout] ⚠️  No se pudo leer el reporte SOS previo (Reindexing only valid with uniquely valued Index objects); se sobrescribe.
2026-06-18 09:51:19  [etl.orquestador]   ✓ INFO        09:34:45  [sos]               [stdout] ⚠️  No se pudo leer el reporte SOS previo (Reindexing only valid with uniquely valued Index objects); se sobrescribe.
2026-06-18 09:51:19  [etl.orquestador]   ✓ INFO        09:34:45  [nopresencia]       [stdout] ⚠️  No se pudo leer el reporte SOS previo (Reindexing only valid with uniquely valued Index objects); se sobrescribe.
2026-06-18 09:51:19  [etl.orquestador]   ✓ INFO        09:36:27  [exhib_pagadas]     [stdout] ⚠️ AUDITORÍA: Se detectaron 26 registros con tiempos > 9h.
2026-06-18 09:51:19  [etl.orquestador]   ✓ INFO        09:36:27  [precios]           [stdout] ⚠️ AUDITORÍA: Se detectaron 26 registros con tiempos > 9h.
2026-06-18 09:51:19  [etl.orquestador]   ✓ INFO        09:36:27  [sos]               [stdout] ⚠️ AUDITORÍA: Se detectaron 26 registros con tiempos > 9h.
2026-06-18 09:51:19  [etl.orquestador]   ✓ INFO        09:36:35  [shared_loader]     [DIRECTO] Módulo 'precios': el filtro devolvió 0 filas (columna 'PRECIOS' sin valores = 1, o IDs sin coincidencia en el PT)
2026-06-18 09:51:19  [etl.orquestador]   ✓ INFO        09:44:20  [exhib_pagadas]     [stdout] ⚠️  No se pudo leer el reporte SOS previo (Reindexing only valid with uniquely valued Index objects); se sobrescribe.
2026-06-18 09:51:19  [etl.orquestador]   ✓ INFO        09:44:20  [precios]           [stdout] ⚠️  No se pudo leer el reporte SOS previo (Reindexing only valid with uniquely valued Index objects); se sobrescribe.
2026-06-18 09:51:19  [etl.orquestador]   ✓ INFO        09:44:20  [sos]               [stdout] ⚠️  No se pudo leer el reporte SOS previo (Reindexing only valid with uniquely valued Index objects); se sobrescribe.
2026-06-18 09:51:19  [etl.orquestador]   ✓ INFO        09:44:20  [nopresencia]       [stdout] ⚠️  No se pudo leer el reporte SOS previo (Reindexing only valid with uniquely valued Index objects); se sobrescribe.
2026-06-18 09:51:19  [etl.orquestador]   ✓ INFO        09:44:20  [exhib_gratis]      [stdout] ⚠️  No se pudo leer el reporte SOS previo (Reindexing only valid with uniquely valued Index objects); se sobrescribe.
2026-06-18 09:51:19  [etl.orquestador]   ✓ INFO        09:44:20  [exhib_pagadas]     [stdout] ⚠️  No se pudo leer el reporte SOS previo (Reindexing only valid with uniquely valued Index objects); se sobrescribe.
2026-06-18 09:51:19  [etl.orquestador]   ✓ INFO        09:44:20  [precios]           [stdout] ⚠️  No se pudo leer el reporte SOS previo (Reindexing only valid with uniquely valued Index objects); se sobrescribe.
2026-06-18 09:51:19  [etl.orquestador]   ✓ INFO        09:44:20  [nopresencia]       [stdout] ⚠️  No se pudo leer el reporte SOS previo (Reindexing only valid with uniquely valued Index objects); se sobrescribe.
2026-06-18 09:51:19  [etl.orquestador]   ✓ INFO        09:44:20  [sos]               [stdout] ⚠️  No se pudo leer el reporte SOS previo (Reindexing only valid with uniquely valued Index objects); se sobrescribe.
2026-06-18 09:51:19  [etl.orquestador]   ✓ INFO        09:44:20  [cif]               [stdout] ⚠️  No se pudo leer el reporte SOS previo (Reindexing only valid with uniquely valued Index objects); se sobrescribe.
2026-06-18 09:51:19  [etl.orquestador]   ✓ INFO        09:45:29  [exhib_pagadas]     [stdout] ⚠️ AUDITORÍA: Se detectaron 63 registros con tiempos > 9h.
2026-06-18 09:51:19  [etl.orquestador]   ✓ INFO        09:45:29  [precios]           [stdout] ⚠️ AUDITORÍA: Se detectaron 63 registros con tiempos > 9h.
2026-06-18 09:51:19  [etl.orquestador]   ✓ INFO        09:45:29  [sos]               [stdout] ⚠️ AUDITORÍA: Se detectaron 63 registros con tiempos > 9h.
2026-06-18 09:51:19  [etl.orquestador]   ✓ INFO        09:45:29  [nopresencia]       [stdout] ⚠️ AUDITORÍA: Se detectaron 63 registros con tiempos > 9h.
2026-06-18 09:51:19  [etl.orquestador]   ✓ INFO        09:45:29  [exhib_gratis]      [stdout] ⚠️ AUDITORÍA: Se detectaron 63 registros con tiempos > 9h.
2026-06-18 09:51:19  [etl.orquestador]   ✓ INFO        09:45:29  [exhib_pagadas]     [stdout] ⚠️ AUDITORÍA: Se detectaron 63 registros con tiempos > 9h.
2026-06-18 09:51:19  [etl.orquestador]   ✓ INFO        09:45:29  [precios]           [stdout] ⚠️ AUDITORÍA: Se detectaron 63 registros con tiempos > 9h.
2026-06-18 09:51:19  [etl.orquestador]   ✓ INFO        09:45:29  [nopresencia]       [stdout] ⚠️ AUDITORÍA: Se detectaron 63 registros con tiempos > 9h.
2026-06-18 09:51:19  [etl.orquestador]   ✓ INFO        09:51:05  [exhib_pagadas]     [stdout] ⚠️  No se pudo leer el reporte SOS previo (Reindexing only valid with uniquely valued Index objects); se sobrescribe.
2026-06-18 09:51:19  [etl.orquestador]   ✓ INFO        09:51:05  [precios]           [stdout] ⚠️  No se pudo leer el reporte SOS previo (Reindexing only valid with uniquely valued Index objects); se sobrescribe.
2026-06-18 09:51:19  [etl.orquestador]   ✓ INFO        09:51:05  [sos]               [stdout] ⚠️  No se pudo leer el reporte SOS previo (Reindexing only valid with uniquely valued Index objects); se sobrescribe.
2026-06-18 09:51:19  [etl.orquestador]   ✓ INFO        09:51:05  [nopresencia]       [stdout] ⚠️  No se pudo leer el reporte SOS previo (Reindexing only valid with uniquely valued Index objects); se sobrescribe.
2026-06-18 09:51:19  [etl.orquestador]   ✓ INFO        09:51:05  [exhib_gratis]      [stdout] ⚠️  No se pudo leer el reporte SOS previo (Reindexing only valid with uniquely valued Index objects); se sobrescribe.
2026-06-18 09:51:19  [etl.orquestador]   ✓ INFO        09:51:05  [exhib_pagadas]     [stdout] ⚠️  No se pudo leer el reporte SOS previo (Reindexing only valid with uniquely valued Index objects); se sobrescribe.
2026-06-18 09:51:19  [etl.orquestador]   ✓ INFO        09:51:05  [precios]           [stdout] ⚠️  No se pudo leer el reporte SOS previo (Reindexing only valid with uniquely valued Index objects); se sobrescribe.
2026-06-18 09:51:19  [etl.orquestador]   ✓ INFO        09:51:05  [nopresencia]       [stdout] ⚠️  No se pudo leer el reporte SOS previo (Reindexing only valid with uniquely valued Index objects); se sobrescribe.
2026-06-18 09:51:19  [etl.orquestador]   ✓ INFO        09:51:05  [sos]               [stdout] ⚠️  No se pudo leer el reporte SOS previo (Reindexing only valid with uniquely valued Index objects); se sobrescribe.
2026-06-18 09:51:19  [etl.orquestador]   ✓ INFO        09:51:05  [exhib_pagadas]     [stdout] ⚠️  No se pudo leer el reporte SOS previo (Reindexing only valid with uniquely valued Index objects); se sobrescribe.
2026-06-18 09:51:19  [etl.orquestador]   ✓ INFO        09:51:05  [precios]           [stdout] ⚠️  No se pudo leer el reporte SOS previo (Reindexing only valid with uniquely valued Index objects); se sobrescribe.
2026-06-18 09:51:19  [etl.orquestador]   ✓ INFO        09:51:05  [sos]               [stdout] ⚠️  No se pudo leer el reporte SOS previo (Reindexing only valid with uniquely valued Index objects); se sobrescribe.
2026-06-18 09:51:19  [etl.orquestador]   ✓ INFO        09:51:13  [exhib_pagadas]     [stdout] ⚠️ AUDITORÍA: Se detectaron 97 registros con tiempos > 9h.
2026-06-18 09:51:19  [etl.orquestador]   ✓ INFO        09:51:13  [precios]           [stdout] ⚠️ AUDITORÍA: Se detectaron 97 registros con tiempos > 9h.
2026-06-18 09:51:19  [etl.orquestador]   ✓ INFO        09:51:13  [sos]               [stdout] ⚠️ AUDITORÍA: Se detectaron 97 registros con tiempos > 9h.
2026-06-18 09:51:19  [etl.orquestador]   ✓ INFO        09:51:13  [nopresencia]       [stdout] ⚠️ AUDITORÍA: Se detectaron 97 registros con tiempos > 9h.
2026-06-18 09:51:19  [etl.orquestador]   ✓ INFO        09:51:13  [exhib_gratis]      [stdout] ⚠️ AUDITORÍA: Se detectaron 97 registros con tiempos > 9h.
2026-06-18 09:51:19  [etl.orquestador]   ✓ INFO        09:51:13  [exhib_pagadas]     [stdout] ⚠️ AUDITORÍA: Se detectaron 97 registros con tiempos > 9h.
2026-06-18 09:51:19  [etl.orquestador]   ✓ INFO        09:51:13  [precios]           [stdout] ⚠️ AUDITORÍA: Se detectaron 97 registros con tiempos > 9h.
2026-06-18 09:51:19  [etl.orquestador]   ✓ INFO        09:51:13  [nopresencia]       [stdout] ⚠️ AUDITORÍA: Se detectaron 97 registros con tiempos > 9h.
2026-06-18 09:51:19  [etl.orquestador]   ✓ INFO        09:51:13  [sos]               [stdout] ⚠️ AUDITORÍA: Se detectaron 97 registros con tiempos > 9h.
2026-06-18 09:51:19  [etl.orquestador]   ✓ INFO        09:51:13  [exhib_pagadas]     [stdout] ⚠️ AUDITORÍA: Se detectaron 97 registros con tiempos > 9h.
2026-06-18 09:51:19  [etl.orquestador]   ✓ INFO        09:51:13  [precios]           [stdout] ⚠️ AUDITORÍA: Se detectaron 97 registros con tiempos > 9h.
2026-06-18 09:51:19  [etl.orquestador]   ✓ INFO      ════════════════════════════════════════════════════════
2026-06-18 09:51:19  [etl.orquestador]   ✓ INFO      Log completo guardado en: C:\Users\Usuario\OneDrive - Universidad de los Andes\Escritorio\PROYECTO_EFICACIA\SCRIPTS\logs\ejecucion_202603_a_202605_20260618_092537.log
2026-06-18 09:51:19  [etl.orquestador]   ✓ INFO      Fin: 2026-06-18 09:51:19
2026-06-18 09:51:19  [etl.orquestador]   ✓ INFO      ════════════════════════════════════════════════════════
2026-06-18 09:51:19  [etl.orquestador]   ✓ INFO      
2026-06-18 09:51:19  [etl.orquestador]   ✓ INFO      ══════════════════════════════════════════════════════════════════════
2026-06-18 09:51:19  [etl.orquestador]   ✓ INFO      FASE FINAL — Regenerando capa GOLD
2026-06-18 09:51:19  [etl.orquestador]   ✓ INFO      ══════════════════════════════════════════════════════════════════════
2026-06-18 09:51:19  [etl.exhib_pagadas]  · DEBUG     [stdout] 📁 Output: C:\Users\Usuario\OneDrive - Universidad de los Andes\Escritorio\PROYECTO_EFICACIA\SALIDA\GOLD
2026-06-18 09:51:19  [etl.precios]       · DEBUG     [stdout] 📁 Output: C:\Users\Usuario\OneDrive - Universidad de los Andes\Escritorio\PROYECTO_EFICACIA\SALIDA\GOLD
2026-06-18 09:51:19  [etl.sos]           · DEBUG     [stdout] 📁 Output: C:\Users\Usuario\OneDrive - Universidad de los Andes\Escritorio\PROYECTO_EFICACIA\SALIDA\GOLD
2026-06-18 09:51:19  [etl.nopresencia]   · DEBUG     [stdout] 📁 Output: C:\Users\Usuario\OneDrive - Universidad de los Andes\Escritorio\PROYECTO_EFICACIA\SALIDA\GOLD
2026-06-18 09:51:19  [etl.exhib_gratis]  · DEBUG     [stdout] 📁 Output: C:\Users\Usuario\OneDrive - Universidad de los Andes\Escritorio\PROYECTO_EFICACIA\SALIDA\GOLD
2026-06-18 09:51:19  [etl.exhib_pagadas]  · DEBUG     [stdout] 📁 Output: C:\Users\Usuario\OneDrive - Universidad de los Andes\Escritorio\PROYECTO_EFICACIA\SALIDA\GOLD
2026-06-18 09:51:19  [etl.precios]       · DEBUG     [stdout] 📁 Output: C:\Users\Usuario\OneDrive - Universidad de los Andes\Escritorio\PROYECTO_EFICACIA\SALIDA\GOLD
2026-06-18 09:51:19  [etl.nopresencia]   · DEBUG     [stdout] 📁 Output: C:\Users\Usuario\OneDrive - Universidad de los Andes\Escritorio\PROYECTO_EFICACIA\SALIDA\GOLD
2026-06-18 09:51:19  [etl.sos]           · DEBUG     [stdout] 📁 Output: C:\Users\Usuario\OneDrive - Universidad de los Andes\Escritorio\PROYECTO_EFICACIA\SALIDA\GOLD
2026-06-18 09:51:19  [etl.exhib_pagadas]  · DEBUG     [stdout] 📁 Output: C:\Users\Usuario\OneDrive - Universidad de los Andes\Escritorio\PROYECTO_EFICACIA\SALIDA\GOLD
2026-06-18 09:51:19  [etl.precios]       · DEBUG     [stdout] 📁 Output: C:\Users\Usuario\OneDrive - Universidad de los Andes\Escritorio\PROYECTO_EFICACIA\SALIDA\GOLD
2026-06-18 09:51:19  [etl.sos]           · DEBUG     [stdout] 📁 Output: C:\Users\Usuario\OneDrive - Universidad de los Andes\Escritorio\PROYECTO_EFICACIA\SALIDA\GOLD
2026-06-18 09:51:19  [etl.nopresencia]   · DEBUG     [stdout] 📁 Output: C:\Users\Usuario\OneDrive - Universidad de los Andes\Escritorio\PROYECTO_EFICACIA\SALIDA\GOLD
2026-06-18 09:51:19  [etl.exhib_pagadas]  · DEBUG     [stdout] 🔍 Filtrando a periodos: Marzo_2026, Abril_2026, Mayo_2026
2026-06-18 09:51:19  [etl.precios]       · DEBUG     [stdout] 🔍 Filtrando a periodos: Marzo_2026, Abril_2026, Mayo_2026
2026-06-18 09:51:19  [etl.sos]           · DEBUG     [stdout] 🔍 Filtrando a periodos: Marzo_2026, Abril_2026, Mayo_2026
2026-06-18 09:51:19  [etl.nopresencia]   · DEBUG     [stdout] 🔍 Filtrando a periodos: Marzo_2026, Abril_2026, Mayo_2026
2026-06-18 09:51:19  [etl.exhib_gratis]  · DEBUG     [stdout] 🔍 Filtrando a periodos: Marzo_2026, Abril_2026, Mayo_2026
2026-06-18 09:51:19  [etl.exhib_pagadas]  · DEBUG     [stdout] 🔍 Filtrando a periodos: Marzo_2026, Abril_2026, Mayo_2026
2026-06-18 09:51:19  [etl.precios]       · DEBUG     [stdout] 🔍 Filtrando a periodos: Marzo_2026, Abril_2026, Mayo_2026
2026-06-18 09:51:19  [etl.nopresencia]   · DEBUG     [stdout] 🔍 Filtrando a periodos: Marzo_2026, Abril_2026, Mayo_2026
2026-06-18 09:51:19  [etl.sos]           · DEBUG     [stdout] 🔍 Filtrando a periodos: Marzo_2026, Abril_2026, Mayo_2026
2026-06-18 09:51:19  [etl.exhib_pagadas]  · DEBUG     [stdout] 🔍 Filtrando a periodos: Marzo_2026, Abril_2026, Mayo_2026
2026-06-18 09:51:19  [etl.precios]       · DEBUG     [stdout] 🔍 Filtrando a periodos: Marzo_2026, Abril_2026, Mayo_2026
2026-06-18 09:51:19  [etl.sos]           · DEBUG     [stdout] 🔍 Filtrando a periodos: Marzo_2026, Abril_2026, Mayo_2026
2026-06-18 09:51:19  [etl.nopresencia]   · DEBUG     [stdout] 🔍 Filtrando a periodos: Marzo_2026, Abril_2026, Mayo_2026
2026-06-18 09:51:19  [etl.exhib_pagadas]  ✓ INFO      [stdout] ✓ fact_cumplimientos_gestor          485 filas → fact_cumplimientos_gestor.csv
2026-06-18 09:51:19  [etl.precios]       ✓ INFO      [stdout] ✓ fact_cumplimientos_gestor          485 filas → fact_cumplimientos_gestor.csv
2026-06-18 09:51:19  [etl.sos]           ✓ INFO      [stdout] ✓ fact_cumplimientos_gestor          485 filas → fact_cumplimientos_gestor.csv
2026-06-18 09:51:19  [etl.nopresencia]   ✓ INFO      [stdout] ✓ fact_cumplimientos_gestor          485 filas → fact_cumplimientos_gestor.csv
2026-06-18 09:51:19  [etl.exhib_gratis]  ✓ INFO      [stdout] ✓ fact_cumplimientos_gestor          485 filas → fact_cumplimientos_gestor.csv
2026-06-18 09:51:19  [etl.exhib_pagadas]  ✓ INFO      [stdout] ✓ fact_cumplimientos_gestor          485 filas → fact_cumplimientos_gestor.csv
2026-06-18 09:51:19  [etl.precios]       ✓ INFO      [stdout] ✓ fact_cumplimientos_gestor          485 filas → fact_cumplimientos_gestor.csv
2026-06-18 09:51:19  [etl.nopresencia]   ✓ INFO      [stdout] ✓ fact_cumplimientos_gestor          485 filas → fact_cumplimientos_gestor.csv
2026-06-18 09:51:19  [etl.sos]           ✓ INFO      [stdout] ✓ fact_cumplimientos_gestor          485 filas → fact_cumplimientos_gestor.csv
2026-06-18 09:51:19  [etl.exhib_pagadas]  ✓ INFO      [stdout] ✓ fact_cumplimientos_gestor          485 filas → fact_cumplimientos_gestor.csv
2026-06-18 09:51:19  [etl.precios]       ✓ INFO      [stdout] ✓ fact_cumplimientos_gestor          485 filas → fact_cumplimientos_gestor.csv
2026-06-18 09:51:19  [etl.sos]           ✓ INFO      [stdout] ✓ fact_cumplimientos_gestor          485 filas → fact_cumplimientos_gestor.csv
2026-06-18 09:51:19  [etl.nopresencia]   ✓ INFO      [stdout] ✓ fact_cumplimientos_gestor          485 filas → fact_cumplimientos_gestor.csv
2026-06-18 09:51:20  [etl.exhib_pagadas]  ✓ INFO      [stdout] ✓ fact_cif_pdv                     5,065 filas → fact_cif_pdv.csv
2026-06-18 09:51:20  [etl.precios]       ✓ INFO      [stdout] ✓ fact_cif_pdv                     5,065 filas → fact_cif_pdv.csv
2026-06-18 09:51:20  [etl.sos]           ✓ INFO      [stdout] ✓ fact_cif_pdv                     5,065 filas → fact_cif_pdv.csv
2026-06-18 09:51:20  [etl.nopresencia]   ✓ INFO      [stdout] ✓ fact_cif_pdv                     5,065 filas → fact_cif_pdv.csv
2026-06-18 09:51:20  [etl.exhib_gratis]  ✓ INFO      [stdout] ✓ fact_cif_pdv                     5,065 filas → fact_cif_pdv.csv
2026-06-18 09:51:20  [etl.exhib_pagadas]  ✓ INFO      [stdout] ✓ fact_cif_pdv                     5,065 filas → fact_cif_pdv.csv
2026-06-18 09:51:20  [etl.precios]       ✓ INFO      [stdout] ✓ fact_cif_pdv                     5,065 filas → fact_cif_pdv.csv
2026-06-18 09:51:20  [etl.nopresencia]   ✓ INFO      [stdout] ✓ fact_cif_pdv                     5,065 filas → fact_cif_pdv.csv
2026-06-18 09:51:20  [etl.sos]           ✓ INFO      [stdout] ✓ fact_cif_pdv                     5,065 filas → fact_cif_pdv.csv
2026-06-18 09:51:20  [etl.exhib_pagadas]  ✓ INFO      [stdout] ✓ fact_cif_pdv                     5,065 filas → fact_cif_pdv.csv
2026-06-18 09:51:20  [etl.precios]       ✓ INFO      [stdout] ✓ fact_cif_pdv                     5,065 filas → fact_cif_pdv.csv
2026-06-18 09:51:20  [etl.sos]           ✓ INFO      [stdout] ✓ fact_cif_pdv                     5,065 filas → fact_cif_pdv.csv
2026-06-18 09:51:20  [etl.nopresencia]   ✓ INFO      [stdout] ✓ fact_cif_pdv                     5,065 filas → fact_cif_pdv.csv
2026-06-18 09:51:20  [etl.exhib_pagadas]  ✓ INFO      [stdout] ✓ fact_np_reporte                  6,605 filas → fact_np_reporte.csv
2026-06-18 09:51:20  [etl.precios]       ✓ INFO      [stdout] ✓ fact_np_reporte                  6,605 filas → fact_np_reporte.csv
2026-06-18 09:51:20  [etl.sos]           ✓ INFO      [stdout] ✓ fact_np_reporte                  6,605 filas → fact_np_reporte.csv
2026-06-18 09:51:20  [etl.nopresencia]   ✓ INFO      [stdout] ✓ fact_np_reporte                  6,605 filas → fact_np_reporte.csv
2026-06-18 09:51:20  [etl.exhib_gratis]  ✓ INFO      [stdout] ✓ fact_np_reporte                  6,605 filas → fact_np_reporte.csv
2026-06-18 09:51:20  [etl.exhib_pagadas]  ✓ INFO      [stdout] ✓ fact_np_reporte                  6,605 filas → fact_np_reporte.csv
2026-06-18 09:51:20  [etl.precios]       ✓ INFO      [stdout] ✓ fact_np_reporte                  6,605 filas → fact_np_reporte.csv
2026-06-18 09:51:20  [etl.nopresencia]   ✓ INFO      [stdout] ✓ fact_np_reporte                  6,605 filas → fact_np_reporte.csv
2026-06-18 09:51:20  [etl.sos]           ✓ INFO      [stdout] ✓ fact_np_reporte                  6,605 filas → fact_np_reporte.csv
2026-06-18 09:51:20  [etl.exhib_pagadas]  ✓ INFO      [stdout] ✓ fact_np_reporte                  6,605 filas → fact_np_reporte.csv
2026-06-18 09:51:20  [etl.precios]       ✓ INFO      [stdout] ✓ fact_np_reporte                  6,605 filas → fact_np_reporte.csv
2026-06-18 09:51:20  [etl.sos]           ✓ INFO      [stdout] ✓ fact_np_reporte                  6,605 filas → fact_np_reporte.csv
2026-06-18 09:51:20  [etl.nopresencia]   ✓ INFO      [stdout] ✓ fact_np_reporte                  6,605 filas → fact_np_reporte.csv
2026-06-18 09:51:22  [etl.exhib_pagadas]  ✓ INFO      [stdout] ✓ fact_np_agotados                34,246 filas → fact_np_agotados.csv
2026-06-18 09:51:22  [etl.precios]       ✓ INFO      [stdout] ✓ fact_np_agotados                34,246 filas → fact_np_agotados.csv
2026-06-18 09:51:22  [etl.sos]           ✓ INFO      [stdout] ✓ fact_np_agotados                34,246 filas → fact_np_agotados.csv
2026-06-18 09:51:22  [etl.nopresencia]   ✓ INFO      [stdout] ✓ fact_np_agotados                34,246 filas → fact_np_agotados.csv
2026-06-18 09:51:22  [etl.exhib_gratis]  ✓ INFO      [stdout] ✓ fact_np_agotados                34,246 filas → fact_np_agotados.csv
2026-06-18 09:51:22  [etl.exhib_pagadas]  ✓ INFO      [stdout] ✓ fact_np_agotados                34,246 filas → fact_np_agotados.csv
2026-06-18 09:51:22  [etl.precios]       ✓ INFO      [stdout] ✓ fact_np_agotados                34,246 filas → fact_np_agotados.csv
2026-06-18 09:51:22  [etl.nopresencia]   ✓ INFO      [stdout] ✓ fact_np_agotados                34,246 filas → fact_np_agotados.csv
2026-06-18 09:51:22  [etl.sos]           ✓ INFO      [stdout] ✓ fact_np_agotados                34,246 filas → fact_np_agotados.csv
2026-06-18 09:51:22  [etl.exhib_pagadas]  ✓ INFO      [stdout] ✓ fact_np_agotados                34,246 filas → fact_np_agotados.csv
2026-06-18 09:51:22  [etl.precios]       ✓ INFO      [stdout] ✓ fact_np_agotados                34,246 filas → fact_np_agotados.csv
2026-06-18 09:51:22  [etl.sos]           ✓ INFO      [stdout] ✓ fact_np_agotados                34,246 filas → fact_np_agotados.csv
2026-06-18 09:51:22  [etl.nopresencia]   ✓ INFO      [stdout] ✓ fact_np_agotados                34,246 filas → fact_np_agotados.csv
2026-06-18 09:51:22  [etl.exhib_pagadas]  ✓ INFO      [stdout] ✓ fact_precios_captura               861 filas → fact_precios_captura.csv
2026-06-18 09:51:22  [etl.precios]       ✓ INFO      [stdout] ✓ fact_precios_captura               861 filas → fact_precios_captura.csv
2026-06-18 09:51:22  [etl.sos]           ✓ INFO      [stdout] ✓ fact_precios_captura               861 filas → fact_precios_captura.csv
2026-06-18 09:51:22  [etl.nopresencia]   ✓ INFO      [stdout] ✓ fact_precios_captura               861 filas → fact_precios_captura.csv
2026-06-18 09:51:22  [etl.exhib_gratis]  ✓ INFO      [stdout] ✓ fact_precios_captura               861 filas → fact_precios_captura.csv
2026-06-18 09:51:22  [etl.exhib_pagadas]  ✓ INFO      [stdout] ✓ fact_precios_captura               861 filas → fact_precios_captura.csv
2026-06-18 09:51:22  [etl.precios]       ✓ INFO      [stdout] ✓ fact_precios_captura               861 filas → fact_precios_captura.csv
2026-06-18 09:51:22  [etl.nopresencia]   ✓ INFO      [stdout] ✓ fact_precios_captura               861 filas → fact_precios_captura.csv
2026-06-18 09:51:22  [etl.sos]           ✓ INFO      [stdout] ✓ fact_precios_captura               861 filas → fact_precios_captura.csv
2026-06-18 09:51:22  [etl.exhib_pagadas]  ✓ INFO      [stdout] ✓ fact_precios_captura               861 filas → fact_precios_captura.csv
2026-06-18 09:51:22  [etl.precios]       ✓ INFO      [stdout] ✓ fact_precios_captura               861 filas → fact_precios_captura.csv
2026-06-18 09:51:22  [etl.sos]           ✓ INFO      [stdout] ✓ fact_precios_captura               861 filas → fact_precios_captura.csv
2026-06-18 09:51:22  [etl.nopresencia]   ✓ INFO      [stdout] ✓ fact_precios_captura               861 filas → fact_precios_captura.csv
2026-06-18 09:51:26  [etl.exhib_pagadas]  ✓ INFO      [stdout] ✓ fact_precios_analisis           66,441 filas → fact_precios_analisis.csv
2026-06-18 09:51:26  [etl.precios]       ✓ INFO      [stdout] ✓ fact_precios_analisis           66,441 filas → fact_precios_analisis.csv
2026-06-18 09:51:26  [etl.sos]           ✓ INFO      [stdout] ✓ fact_precios_analisis           66,441 filas → fact_precios_analisis.csv
2026-06-18 09:51:26  [etl.nopresencia]   ✓ INFO      [stdout] ✓ fact_precios_analisis           66,441 filas → fact_precios_analisis.csv
2026-06-18 09:51:26  [etl.exhib_gratis]  ✓ INFO      [stdout] ✓ fact_precios_analisis           66,441 filas → fact_precios_analisis.csv
2026-06-18 09:51:26  [etl.exhib_pagadas]  ✓ INFO      [stdout] ✓ fact_precios_analisis           66,441 filas → fact_precios_analisis.csv
2026-06-18 09:51:26  [etl.precios]       ✓ INFO      [stdout] ✓ fact_precios_analisis           66,441 filas → fact_precios_analisis.csv
2026-06-18 09:51:26  [etl.nopresencia]   ✓ INFO      [stdout] ✓ fact_precios_analisis           66,441 filas → fact_precios_analisis.csv
2026-06-18 09:51:26  [etl.sos]           ✓ INFO      [stdout] ✓ fact_precios_analisis           66,441 filas → fact_precios_analisis.csv
2026-06-18 09:51:26  [etl.exhib_pagadas]  ✓ INFO      [stdout] ✓ fact_precios_analisis           66,441 filas → fact_precios_analisis.csv
2026-06-18 09:51:26  [etl.precios]       ✓ INFO      [stdout] ✓ fact_precios_analisis           66,441 filas → fact_precios_analisis.csv
2026-06-18 09:51:26  [etl.sos]           ✓ INFO      [stdout] ✓ fact_precios_analisis           66,441 filas → fact_precios_analisis.csv
2026-06-18 09:51:26  [etl.nopresencia]   ✓ INFO      [stdout] ✓ fact_precios_analisis           66,441 filas → fact_precios_analisis.csv
2026-06-18 09:51:27  [etl.exhib_pagadas]  ✓ INFO      [stdout] ✓ fact_sos_pdv                     8,375 filas → fact_sos_pdv.csv
2026-06-18 09:51:27  [etl.precios]       ✓ INFO      [stdout] ✓ fact_sos_pdv                     8,375 filas → fact_sos_pdv.csv
2026-06-18 09:51:27  [etl.sos]           ✓ INFO      [stdout] ✓ fact_sos_pdv                     8,375 filas → fact_sos_pdv.csv
2026-06-18 09:51:27  [etl.nopresencia]   ✓ INFO      [stdout] ✓ fact_sos_pdv                     8,375 filas → fact_sos_pdv.csv
2026-06-18 09:51:27  [etl.exhib_gratis]  ✓ INFO      [stdout] ✓ fact_sos_pdv                     8,375 filas → fact_sos_pdv.csv
2026-06-18 09:51:27  [etl.exhib_pagadas]  ✓ INFO      [stdout] ✓ fact_sos_pdv                     8,375 filas → fact_sos_pdv.csv
2026-06-18 09:51:27  [etl.precios]       ✓ INFO      [stdout] ✓ fact_sos_pdv                     8,375 filas → fact_sos_pdv.csv
2026-06-18 09:51:27  [etl.nopresencia]   ✓ INFO      [stdout] ✓ fact_sos_pdv                     8,375 filas → fact_sos_pdv.csv
2026-06-18 09:51:27  [etl.sos]           ✓ INFO      [stdout] ✓ fact_sos_pdv                     8,375 filas → fact_sos_pdv.csv
2026-06-18 09:51:27  [etl.exhib_pagadas]  ✓ INFO      [stdout] ✓ fact_sos_pdv                     8,375 filas → fact_sos_pdv.csv
2026-06-18 09:51:27  [etl.precios]       ✓ INFO      [stdout] ✓ fact_sos_pdv                     8,375 filas → fact_sos_pdv.csv
2026-06-18 09:51:27  [etl.sos]           ✓ INFO      [stdout] ✓ fact_sos_pdv                     8,375 filas → fact_sos_pdv.csv
2026-06-18 09:51:27  [etl.nopresencia]   ✓ INFO      [stdout] ✓ fact_sos_pdv                     8,375 filas → fact_sos_pdv.csv
2026-06-18 09:51:28  [etl.exhib_pagadas]  ✓ INFO      [stdout] ✓ fact_exh_pagadas                 8,289 filas → fact_exh_pagadas.csv
2026-06-18 09:51:28  [etl.precios]       ✓ INFO      [stdout] ✓ fact_exh_pagadas                 8,289 filas → fact_exh_pagadas.csv
2026-06-18 09:51:28  [etl.sos]           ✓ INFO      [stdout] ✓ fact_exh_pagadas                 8,289 filas → fact_exh_pagadas.csv
2026-06-18 09:51:28  [etl.nopresencia]   ✓ INFO      [stdout] ✓ fact_exh_pagadas                 8,289 filas → fact_exh_pagadas.csv
2026-06-18 09:51:28  [etl.exhib_gratis]  ✓ INFO      [stdout] ✓ fact_exh_pagadas                 8,289 filas → fact_exh_pagadas.csv
2026-06-18 09:51:28  [etl.exhib_pagadas]  ✓ INFO      [stdout] ✓ fact_exh_pagadas                 8,289 filas → fact_exh_pagadas.csv
2026-06-18 09:51:28  [etl.precios]       ✓ INFO      [stdout] ✓ fact_exh_pagadas                 8,289 filas → fact_exh_pagadas.csv
2026-06-18 09:51:28  [etl.nopresencia]   ✓ INFO      [stdout] ✓ fact_exh_pagadas                 8,289 filas → fact_exh_pagadas.csv
2026-06-18 09:51:28  [etl.sos]           ✓ INFO      [stdout] ✓ fact_exh_pagadas                 8,289 filas → fact_exh_pagadas.csv
2026-06-18 09:51:28  [etl.exhib_pagadas]  ✓ INFO      [stdout] ✓ fact_exh_pagadas                 8,289 filas → fact_exh_pagadas.csv
2026-06-18 09:51:28  [etl.precios]       ✓ INFO      [stdout] ✓ fact_exh_pagadas                 8,289 filas → fact_exh_pagadas.csv
2026-06-18 09:51:28  [etl.sos]           ✓ INFO      [stdout] ✓ fact_exh_pagadas                 8,289 filas → fact_exh_pagadas.csv
2026-06-18 09:51:28  [etl.nopresencia]   ✓ INFO      [stdout] ✓ fact_exh_pagadas                 8,289 filas → fact_exh_pagadas.csv
2026-06-18 09:51:28  [etl.exhib_pagadas]  ✓ INFO      [stdout] ✓ fact_exh_gratis                  3,619 filas → fact_exh_gratis.csv
2026-06-18 09:51:28  [etl.precios]       ✓ INFO      [stdout] ✓ fact_exh_gratis                  3,619 filas → fact_exh_gratis.csv
2026-06-18 09:51:28  [etl.sos]           ✓ INFO      [stdout] ✓ fact_exh_gratis                  3,619 filas → fact_exh_gratis.csv
2026-06-18 09:51:28  [etl.nopresencia]   ✓ INFO      [stdout] ✓ fact_exh_gratis                  3,619 filas → fact_exh_gratis.csv
2026-06-18 09:51:28  [etl.exhib_gratis]  ✓ INFO      [stdout] ✓ fact_exh_gratis                  3,619 filas → fact_exh_gratis.csv
2026-06-18 09:51:28  [etl.exhib_pagadas]  ✓ INFO      [stdout] ✓ fact_exh_gratis                  3,619 filas → fact_exh_gratis.csv
2026-06-18 09:51:28  [etl.precios]       ✓ INFO      [stdout] ✓ fact_exh_gratis                  3,619 filas → fact_exh_gratis.csv
2026-06-18 09:51:28  [etl.nopresencia]   ✓ INFO      [stdout] ✓ fact_exh_gratis                  3,619 filas → fact_exh_gratis.csv
2026-06-18 09:51:28  [etl.sos]           ✓ INFO      [stdout] ✓ fact_exh_gratis                  3,619 filas → fact_exh_gratis.csv
2026-06-18 09:51:28  [etl.exhib_pagadas]  ✓ INFO      [stdout] ✓ fact_exh_gratis                  3,619 filas → fact_exh_gratis.csv
2026-06-18 09:51:28  [etl.precios]       ✓ INFO      [stdout] ✓ fact_exh_gratis                  3,619 filas → fact_exh_gratis.csv
2026-06-18 09:51:28  [etl.sos]           ✓ INFO      [stdout] ✓ fact_exh_gratis                  3,619 filas → fact_exh_gratis.csv
2026-06-18 09:51:28  [etl.nopresencia]   ✓ INFO      [stdout] ✓ fact_exh_gratis                  3,619 filas → fact_exh_gratis.csv
2026-06-18 09:51:28  [etl.exhib_pagadas]  ✓ INFO      [stdout] ✓ dim_personas                       212 filas → dim_personas.csv
2026-06-18 09:51:28  [etl.precios]       ✓ INFO      [stdout] ✓ dim_personas                       212 filas → dim_personas.csv
2026-06-18 09:51:28  [etl.sos]           ✓ INFO      [stdout] ✓ dim_personas                       212 filas → dim_personas.csv
2026-06-18 09:51:28  [etl.nopresencia]   ✓ INFO      [stdout] ✓ dim_personas                       212 filas → dim_personas.csv
2026-06-18 09:51:28  [etl.exhib_gratis]  ✓ INFO      [stdout] ✓ dim_personas                       212 filas → dim_personas.csv
2026-06-18 09:51:28  [etl.exhib_pagadas]  ✓ INFO      [stdout] ✓ dim_personas                       212 filas → dim_personas.csv
2026-06-18 09:51:28  [etl.precios]       ✓ INFO      [stdout] ✓ dim_personas                       212 filas → dim_personas.csv
2026-06-18 09:51:28  [etl.nopresencia]   ✓ INFO      [stdout] ✓ dim_personas                       212 filas → dim_personas.csv
2026-06-18 09:51:28  [etl.sos]           ✓ INFO      [stdout] ✓ dim_personas                       212 filas → dim_personas.csv
2026-06-18 09:51:28  [etl.exhib_pagadas]  ✓ INFO      [stdout] ✓ dim_personas                       212 filas → dim_personas.csv
2026-06-18 09:51:28  [etl.precios]       ✓ INFO      [stdout] ✓ dim_personas                       212 filas → dim_personas.csv
2026-06-18 09:51:28  [etl.sos]           ✓ INFO      [stdout] ✓ dim_personas                       212 filas → dim_personas.csv
2026-06-18 09:51:28  [etl.nopresencia]   ✓ INFO      [stdout] ✓ dim_personas                       212 filas → dim_personas.csv
2026-06-18 09:51:29  [etl.exhib_pagadas]  ✓ INFO      [stdout] ✓ dim_pdv                          4,175 filas → dim_pdv.csv
2026-06-18 09:51:29  [etl.precios]       ✓ INFO      [stdout] ✓ dim_pdv                          4,175 filas → dim_pdv.csv
2026-06-18 09:51:29  [etl.sos]           ✓ INFO      [stdout] ✓ dim_pdv                          4,175 filas → dim_pdv.csv
2026-06-18 09:51:29  [etl.nopresencia]   ✓ INFO      [stdout] ✓ dim_pdv                          4,175 filas → dim_pdv.csv
2026-06-18 09:51:29  [etl.exhib_gratis]  ✓ INFO      [stdout] ✓ dim_pdv                          4,175 filas → dim_pdv.csv
2026-06-18 09:51:29  [etl.exhib_pagadas]  ✓ INFO      [stdout] ✓ dim_pdv                          4,175 filas → dim_pdv.csv
2026-06-18 09:51:29  [etl.precios]       ✓ INFO      [stdout] ✓ dim_pdv                          4,175 filas → dim_pdv.csv
2026-06-18 09:51:29  [etl.nopresencia]   ✓ INFO      [stdout] ✓ dim_pdv                          4,175 filas → dim_pdv.csv
2026-06-18 09:51:29  [etl.sos]           ✓ INFO      [stdout] ✓ dim_pdv                          4,175 filas → dim_pdv.csv
2026-06-18 09:51:29  [etl.exhib_pagadas]  ✓ INFO      [stdout] ✓ dim_pdv                          4,175 filas → dim_pdv.csv
2026-06-18 09:51:29  [etl.precios]       ✓ INFO      [stdout] ✓ dim_pdv                          4,175 filas → dim_pdv.csv
2026-06-18 09:51:29  [etl.sos]           ✓ INFO      [stdout] ✓ dim_pdv                          4,175 filas → dim_pdv.csv
2026-06-18 09:51:29  [etl.nopresencia]   ✓ INFO      [stdout] ✓ dim_pdv                          4,175 filas → dim_pdv.csv
2026-06-18 09:51:29  [etl.exhib_pagadas]  ✓ INFO      [stdout] ✓ dim_periodo                          3 filas → dim_periodo.csv
2026-06-18 09:51:29  [etl.precios]       ✓ INFO      [stdout] ✓ dim_periodo                          3 filas → dim_periodo.csv
2026-06-18 09:51:29  [etl.sos]           ✓ INFO      [stdout] ✓ dim_periodo                          3 filas → dim_periodo.csv
2026-06-18 09:51:29  [etl.nopresencia]   ✓ INFO      [stdout] ✓ dim_periodo                          3 filas → dim_periodo.csv
2026-06-18 09:51:29  [etl.exhib_gratis]  ✓ INFO      [stdout] ✓ dim_periodo                          3 filas → dim_periodo.csv
2026-06-18 09:51:29  [etl.exhib_pagadas]  ✓ INFO      [stdout] ✓ dim_periodo                          3 filas → dim_periodo.csv
2026-06-18 09:51:29  [etl.precios]       ✓ INFO      [stdout] ✓ dim_periodo                          3 filas → dim_periodo.csv
2026-06-18 09:51:29  [etl.nopresencia]   ✓ INFO      [stdout] ✓ dim_periodo                          3 filas → dim_periodo.csv
2026-06-18 09:51:29  [etl.sos]           ✓ INFO      [stdout] ✓ dim_periodo                          3 filas → dim_periodo.csv
2026-06-18 09:51:29  [etl.exhib_pagadas]  ✓ INFO      [stdout] ✓ dim_periodo                          3 filas → dim_periodo.csv
2026-06-18 09:51:29  [etl.precios]       ✓ INFO      [stdout] ✓ dim_periodo                          3 filas → dim_periodo.csv
2026-06-18 09:51:29  [etl.sos]           ✓ INFO      [stdout] ✓ dim_periodo                          3 filas → dim_periodo.csv
2026-06-18 09:51:29  [etl.nopresencia]   ✓ INFO      [stdout] ✓ dim_periodo                          3 filas → dim_periodo.csv
2026-06-18 09:51:29  [etl.orquestador]   ✓ INFO      GOLD regenerado OK
